Prefix,Code,Type,Line,Station
0100,00163423,地铁,3号线,天河客运站
0100,00163424,地铁,3号线,天河客运站
0100,00163425,地铁,3号线,天河客运站
0100,00163426,地铁,3号线,天河客运站
0100,00163427,地铁,3号线,珠江新城
0100,00163429,地铁,3号线,天河客运站
0100,00163430,地铁,3号线,天河客运站
0100,00163431,地铁,3号线,五山
0100,00163432,地铁,3号线,五山
0100,00163433,地铁,3号线,五山
0100,00163434,地铁,3号线,五山
0100,00163435,地铁,3号线,五山
0100,00163436,地铁,3号线,五山
0100,00163437,地铁,3号线,五山
0100,00163438,地铁,3号线,五山
0100,00163439,地铁,7号线,深井
0100,00163440,地铁,3号线,五山
0100,00163441,地铁,3号线,五山
0100,00163442,地铁,3号线,五山
0100,00163443,地铁,3号线,五山
0100,00163444,地铁,3号线,五山
0100,00163445,地铁,3号线,五山
0100,00163446,地铁,3号线,五山
0100,00163447,地铁,3号线,永泰
0100,00163448,地铁,3号线,永泰
0100,00163449,地铁,3号线,永泰
0100,00163450,地铁,3号线,永泰
0100,00163451,地铁,3号线,永泰
0100,00163452,地铁,3号线,永泰
0100,00163453,地铁,3号线,永泰
0100,00163454,地铁,3号线,永泰
0100,00163455,地铁,3号线,番禺广场
0100,00163456,地铁,3号线,番禺广场
0100,00163457,地铁,3号线,番禺广场
0100,00163458,地铁,3号线,番禺广场
0100,00163459,地铁,3号线,番禺广场
0100,00163460,地铁,3号线,番禺广场
0100,00163461,地铁,3号线,番禺广场
0100,00163462,地铁,3号线,番禺广场
0100,00163463,地铁,3号线,汉溪长隆
0100,00163464,地铁,3号线,汉溪长隆
0100,00163465,地铁,3号线,汉溪长隆
0100,00163466,地铁,3号线,汉溪长隆
0100,00163467,地铁,3号线,汉溪长隆
0100,00163468,地铁,3号线,汉溪长隆
0100,00163469,地铁,3号线,汉溪长隆
0100,00163470,地铁,3号线,汉溪长隆
0100,00163471,地铁,3号线,汉溪长隆
0100,00163472,地铁,3号线,汉溪长隆
0100,00163473,地铁,3号线,汉溪长隆
0100,00163474,地铁,3号线,汉溪长隆
0100,00163475,地铁,3号线,市桥
0100,00163476,地铁,3号线,市桥
0100,00163477,地铁,3号线,市桥
0100,00163478,地铁,3号线,市桥
0100,00163479,地铁,3号线,市桥
0100,00163480,地铁,3号线,市桥
0100,00163481,地铁,3号线,市桥
0100,00163482,地铁,3号线,市桥
0100,00163483,地铁,3号线,市桥
0100,00163484,地铁,3号线,市桥
0100,00163485,地铁,3号线,市桥
0100,00163486,地铁,3号线,市桥
0100,00163487,地铁,3号线,大石
0100,00163488,地铁,3号线,大石
0100,00163489,地铁,3号线,大石
0100,00163490,地铁,3号线,大石
0100,00163491,地铁,3号线,大石
0100,00163492,地铁,3号线,大石
0100,00163493,地铁,3号线,大石
0100,00163494,地铁,3号线,大石
0100,00163495,地铁,3号线,大石
0100,00163496,地铁,3号线,大石
0100,00163497,地铁,3号线,大石
0100,00163498,地铁,3号线,大石
0100,00163499,地铁,3号线,厦滘
0100,00163500,地铁,3号线,厦滘
0100,00163501,地铁,3号线,厦滘
0100,00163502,地铁,3号线,厦滘
0100,00163503,地铁,3号线,厦滘
0100,00163504,地铁,3号线,厦滘
0100,00163505,地铁,3号线,厦滘
0100,00163506,地铁,3号线,厦滘
0100,00163507,地铁,3号线,厦滘
0100,00163508,地铁,3号线,厦滘
0100,00163509,地铁,3号线,厦滘
0100,00163510,地铁,3号线,厦滘
0100,00163511,地铁,3号线,沥滘
0100,00163512,地铁,3号线,沥滘
0100,00163513,地铁,3号线,沥滘
0100,00163514,地铁,3号线,沥滘
0100,00163515,地铁,3号线,沥滘
0100,00163516,地铁,3号线,沥滘
0100,00163517,地铁,3号线,沥滘
0100,00163518,地铁,3号线,沥滘
0100,00163519,地铁,3号线,大塘
0100,00163520,地铁,3号线,大塘
0100,00163521,地铁,3号线,大塘
0100,00163522,地铁,3号线,大塘
0100,00163523,地铁,3号线,大塘
0100,00163524,地铁,3号线,大塘
0100,00163525,地铁,3号线,大塘
0100,00163526,地铁,3号线,大塘
0100,00163527,地铁,3号线,大塘
0100,00163528,地铁,3号线,大塘
0100,00163529,地铁,3号线,大塘
0100,00163530,地铁,3号线,大塘
0100,00163531,地铁,3号线,大塘
0100,00163532,地铁,3号线,大塘
0100,00163533,地铁,3号线,大塘
0100,00163534,地铁,3号线,大塘
0100,00163535,地铁,3号线,广州塔
0100,00163536,地铁,7号线,广州南站
0100,00163537,地铁,3号线,广州塔
0100,00163538,地铁,7号线,广州南站
0100,00163539,地铁,3号线,广州塔
0100,00163540,地铁,7号线,石壁
0100,00163541,地铁,3号线,广州塔
0100,00163542,地铁,7号线,石壁
0100,00163543,地铁,3号线,广州塔
0100,00163544,地铁,7号线,谢村
0100,00163545,地铁,3号线,广州塔
0100,00163546,地铁,7号线,谢村
0100,00163547,地铁,3号线,广州塔
0100,00163548,地铁,7号线,钟村
0100,00163549,地铁,3号线,广州塔
0100,00163550,地铁,7号线,钟村
0100,00163551,地铁,3号线,广州塔
0100,00163552,地铁,7号线,汉溪长隆
0100,00163553,地铁,3号线,广州塔
0100,00163554,地铁,7号线,汉溪长隆
0100,00163555,地铁,3号线,广州塔
0100,00163556,地铁,7号线,南村万博
0100,00163557,地铁,3号线,广州塔
0100,00163558,地铁,7号线,南村万博
0100,00163559,地铁,7号线,员岗
0100,00163560,地铁,7号线,员岗
0100,00163561,地铁,3号线,广州塔
0100,00163562,地铁,3号线,广州塔
0100,00163563,地铁,3号线,广州塔
0100,00163564,地铁,7号线,板桥
0100,00163565,地铁,3号线,广州塔
0100,00163566,地铁,7号线,板桥
0100,00163567,地铁,3号线,广州塔
0100,00163568,地铁,7号线,大学城南
0100,00163569,地铁,3号线,广州塔
0100,00163570,地铁,7号线,大学城南
0100,00163571,地铁,3号线,广州塔
0100,00163572,地铁,3号线,广州塔
0100,00163573,地铁,3号线,广州塔
0100,00163574,地铁,3号线,广州塔
0100,00163575,地铁,3号线,珠江新城
0100,00163576,地铁,3号线,珠江新城
0100,00163577,地铁,3号线,珠江新城
0100,00163578,地铁,3号线,珠江新城
0100,00163579,地铁,3号线,珠江新城
0100,00163580,地铁,3号线,珠江新城
0100,00163581,地铁,3号线,珠江新城
0100,00163582,地铁,3号线,珠江新城
0100,00163585,地铁,7号线,汉溪长隆
0100,00163586,地铁,7号线,大学城南
0100,00163587,地铁,7号线,大学城南
0100,00163588,地铁,3号线,广州东站
0100,00163589,地铁,3号线,体育西路
0100,00163590,地铁,3号线,体育西路
0100,00163591,地铁,3号线,体育西路
0100,00163592,地铁,3号线,体育西路
0100,00163593,地铁,3号线,体育西路
0100,00163594,地铁,3号线,体育西路
0100,00163595,地铁,3号线,体育西路
0100,00163596,地铁,3号线,体育西路
0100,00163597,地铁,3号线,体育西路
0100,00163598,地铁,3号线,体育西路
0100,00163599,地铁,3号线,体育西路
0100,00163600,地铁,3号线,体育西路
0100,00163601,地铁,3号线,体育西路
0100,00163602,地铁,3号线,体育西路
0100,00163603,地铁,3号线,体育西路
0100,00163604,地铁,3号线,体育西路
0100,00163605,地铁,3号线,体育西路
0100,00163606,地铁,3号线,体育西路
0100,00163607,地铁,3号线,体育西路
0100,00163608,地铁,3号线,体育西路
0100,00163609,地铁,3号线,体育西路
0100,00163610,地铁,3号线,体育西路
0100,00163611,地铁,3号线,体育西路
0100,00163612,地铁,3号线,体育西路
0100,00163613,地铁,3号线,广州东站
0100,00163614,地铁,3号线,广州东站
0100,00163615,地铁,3号线,广州东站
0100,00163616,地铁,3号线,广州东站
0100,00163617,地铁,3号线,广州东站
0100,00163618,地铁,3号线,广州东站
0100,00163619,地铁,3号线,广州东站
0100,00163620,地铁,3号线,广州东站
0100,00163621,地铁,3号线,广州东站
0100,00163622,地铁,3号线,广州东站
0100,00163623,地铁,3号线,广州东站
0100,00163624,地铁,3号线,广州东站
0100,00163625,地铁,3号线,广州东站
0100,00163626,地铁,3号线,广州东站
0100,00163627,地铁,3号线,广州东站
0100,00163628,地铁,3号线,广州东站
0100,00163629,地铁,3号线,林和西
0100,00163630,地铁,3号线,林和西
0100,00163631,地铁,3号线,林和西
0100,00163632,地铁,3号线,林和西
0100,00163633,地铁,3号线,林和西
0100,00163634,地铁,3号线,林和西
0100,00163635,地铁,3号线,林和西
0100,00163636,地铁,3号线,林和西
0100,00163637,地铁,3号线,林和西
0100,00163638,地铁,3号线,林和西
0100,00163639,地铁,3号线,林和西
0100,00163640,地铁,3号线,林和西
0100,00163641,地铁,3号线,石牌桥
0100,00163642,地铁,3号线,石牌桥
0100,00163643,地铁,3号线,石牌桥
0100,00163644,地铁,3号线,石牌桥
0100,00163645,地铁,3号线,石牌桥
0100,00163646,地铁,3号线,石牌桥
0100,00163647,地铁,3号线,石牌桥
0100,00163648,地铁,3号线,石牌桥
0100,00163649,地铁,3号线,华师
0100,00163650,地铁,3号线,华师
0100,00163651,地铁,3号线,华师
0100,00163652,地铁,3号线,华师
0100,00163653,地铁,3号线,华师
0100,00163654,地铁,3号线,华师
0100,00163655,地铁,3号线,华师
0100,00163656,地铁,3号线,华师
0100,00163657,地铁,3号线,华师
0100,00163658,地铁,3号线,华师
0100,00163659,地铁,3号线,华师
0100,00163660,地铁,3号线,华师
0100,00163661,地铁,3号线,华师
0100,00163662,地铁,3号线,华师
0100,00163663,地铁,3号线,华师
0100,00163664,地铁,3号线,华师
0100,00163665,地铁,3号线,岗顶
0100,00163666,地铁,3号线,岗顶
0100,00163667,地铁,3号线,岗顶
0100,00163668,地铁,3号线,岗顶
0100,00163669,地铁,3号线,岗顶
0100,00163670,地铁,3号线,岗顶
0100,00163671,地铁,3号线,岗顶
0100,00163672,地铁,3号线,岗顶
0100,00163673,地铁,2号线,黄边
0100,00163674,地铁,2号线,黄边
0100,00163675,地铁,2号线,黄边
0100,00163676,地铁,2号线,黄边
0100,00163677,地铁,2号线,江夏
0100,00163678,地铁,2号线,江夏
0100,00163679,地铁,2号线,江夏
0100,00163680,地铁,2号线,江夏
0100,00163681,地铁,2号线,江夏
0100,00163682,地铁,2号线,江夏
0100,00163683,地铁,2号线,江夏
0100,00163684,地铁,2号线,江夏
0100,00163685,地铁,2号线,江夏
0100,00163686,地铁,2号线,江夏
0100,00163687,地铁,2号线,江夏
0100,00163688,地铁,2号线,江夏
0100,00163689,地铁,2号线,江夏
0100,00163690,地铁,2号线,江夏
0100,00163691,地铁,2号线,萧岗
0100,00163692,地铁,2号线,萧岗
0100,00166723,地铁,13号线,鱼珠
0100,00166724,地铁,13号线,鱼珠
0100,00166725,地铁,13号线,鱼珠
0100,00166726,地铁,13号线,鱼珠
0100,00166727,地铁,13号线,鱼珠
0100,00166728,地铁,13号线,鱼珠
0100,00166729,地铁,13号线,鱼珠
0100,00166730,地铁,13号线,鱼珠
0100,00166731,地铁,13号线,鱼珠
0100,00166732,地铁,13号线,鱼珠
0100,00166733,地铁,13号线,鱼珠
0100,00166734,地铁,13号线,鱼珠
0100,00166735,地铁,13号线,鱼珠
0100,00166736,地铁,13号线,鱼珠
0100,00166737,地铁,13号线,鱼珠
0100,00166738,地铁,13号线,鱼珠
0100,00166739,地铁,13号线,鱼珠
0100,00166740,地铁,13号线,新塘
0100,00166741,地铁,13号线,鱼珠
0100,00166742,地铁,13号线,鱼珠
0100,00166743,地铁,13号线,鱼珠
0100,00166744,地铁,13号线,鱼珠
0100,00166745,地铁,13号线,鱼珠
0100,00166746,地铁,13号线,鱼珠
0100,00166747,地铁,13号线,鱼珠
0100,00166748,地铁,13号线,鱼珠
0100,00166749,地铁,13号线,鱼珠
0100,00166750,地铁,13号线,鱼珠
0100,00166751,地铁,13号线,鱼珠
0100,00166752,地铁,13号线,鱼珠
0100,00166753,地铁,13号线,鱼珠
0100,00166754,地铁,13号线,鱼珠
0100,00166755,地铁,13号线,鱼珠
0100,00166756,地铁,13号线,鱼珠
0100,00166757,地铁,13号线,鱼珠
0100,00166758,地铁,13号线,鱼珠
0100,00166759,地铁,13号线,鱼珠
0100,00166760,地铁,13号线,鱼珠
0100,00166761,地铁,13号线,鱼珠
0100,00166762,地铁,13号线,鱼珠
0100,00166763,地铁,13号线,鱼珠
0100,00166764,地铁,13号线,鱼珠
0100,00166765,地铁,13号线,鱼珠
0100,00166766,地铁,13号线,鱼珠
0100,00166767,地铁,13号线,鱼珠
0100,00166768,地铁,13号线,鱼珠
0100,00166769,地铁,13号线,鱼珠
0100,00166770,地铁,13号线,鱼珠
0100,00166771,地铁,13号线,鱼珠
0100,00166772,地铁,13号线,鱼珠
0100,00166773,地铁,13号线,鱼珠
0100,00166774,地铁,13号线,鱼珠
0100,00166775,地铁,13号线,鱼珠
0100,00166776,地铁,13号线,鱼珠
0100,00166777,地铁,13号线,鱼珠
0100,00166778,地铁,13号线,鱼珠
0100,00166779,地铁,13号线,鱼珠
0100,00166780,地铁,13号线,裕丰围
0100,00166781,地铁,13号线,裕丰围
0100,00166782,地铁,13号线,裕丰围
0100,00166783,地铁,13号线,裕丰围
0100,00166784,地铁,13号线,裕丰围
0100,00166785,地铁,13号线,裕丰围
0100,00166786,地铁,13号线,裕丰围
0100,00166787,地铁,13号线,裕丰围
0100,00166788,地铁,13号线,裕丰围
0100,00166789,地铁,13号线,裕丰围
0100,00166790,地铁,13号线,裕丰围
0100,00166791,地铁,13号线,裕丰围
0100,00166792,地铁,13号线,裕丰围
0100,00166793,地铁,13号线,裕丰围
0100,00166794,地铁,13号线,裕丰围
0100,00166795,地铁,13号线,裕丰围
0100,00166796,地铁,13号线,裕丰围
0100,00166797,地铁,13号线,裕丰围
0100,00166798,地铁,13号线,裕丰围
0100,00166799,地铁,13号线,裕丰围
0100,00166800,地铁,13号线,裕丰围
0100,00166801,地铁,13号线,裕丰围
0100,00166802,地铁,13号线,裕丰围
0100,00166803,地铁,13号线,裕丰围
0100,00166804,地铁,13号线,裕丰围
0100,00166805,地铁,13号线,裕丰围
0100,00166806,地铁,13号线,裕丰围
0100,00166807,地铁,13号线,裕丰围
0100,00166808,地铁,13号线,裕丰围
0100,00166809,地铁,13号线,裕丰围
0100,00166810,地铁,13号线,裕丰围
0100,00166811,地铁,13号线,裕丰围
0100,00166812,地铁,13号线,裕丰围
0100,00166813,地铁,13号线,裕丰围
0100,00166814,地铁,13号线,裕丰围
0100,00166815,地铁,13号线,裕丰围
0100,00166816,地铁,13号线,裕丰围
0100,00166817,地铁,13号线,裕丰围
0100,00166818,地铁,13号线,裕丰围
0100,00166819,地铁,13号线,裕丰围
0100,00166820,地铁,13号线,裕丰围
0100,00166821,地铁,13号线,裕丰围
0100,00166822,地铁,13号线,裕丰围
0100,00166823,地铁,13号线,裕丰围
0100,00166824,地铁,13号线,裕丰围
0100,00166825,地铁,13号线,裕丰围
0100,00166826,地铁,13号线,裕丰围
0100,00166827,地铁,13号线,裕丰围
0100,00166828,地铁,13号线,裕丰围
0100,00166829,地铁,13号线,裕丰围
0100,00166830,地铁,13号线,裕丰围
0100,00166831,地铁,13号线,双岗
0100,00166832,地铁,13号线,双岗
0100,00166833,地铁,13号线,双岗
0100,00166834,地铁,13号线,双岗
0100,00166835,地铁,13号线,双岗
0100,00166836,地铁,13号线,双岗
0100,00166837,地铁,13号线,双岗
0100,00166839,地铁,13号线,双岗
0100,00166840,地铁,13号线,双岗
0100,00166841,地铁,13号线,双岗
0100,00166842,地铁,13号线,双岗
0100,00166843,地铁,13号线,双岗
0100,00166844,地铁,13号线,双岗
0100,00166845,地铁,13号线,双岗
0100,00166846,地铁,13号线,双岗
0100,00166847,地铁,13号线,双岗
0100,00166848,地铁,13号线,双岗
0100,00166849,地铁,13号线,双岗
0100,00166850,地铁,13号线,双岗
0100,00166851,地铁,13号线,双岗
0100,00166852,地铁,13号线,双岗
0100,00166853,地铁,13号线,双岗
0100,00166854,地铁,13号线,双岗
0100,00166855,地铁,13号线,双岗
0100,00166856,地铁,13号线,双岗
0100,00166857,地铁,13号线,双岗
0100,00166858,地铁,13号线,双岗
0100,00166859,地铁,13号线,双岗
0100,00166860,地铁,13号线,双岗
0100,00166861,地铁,13号线,双岗
0100,00166862,地铁,13号线,双岗
0100,00166863,地铁,13号线,双岗
0100,00166864,地铁,13号线,双岗
0100,00166865,地铁,13号线,双岗
0100,00166866,地铁,13号线,双岗
0100,00166867,地铁,13号线,双岗
0100,00166868,地铁,13号线,双岗
0100,00166869,地铁,13号线,双岗
0100,00166870,地铁,13号线,双岗
0100,00166871,地铁,13号线,南海神庙
0100,00166872,地铁,13号线,南海神庙
0100,00166873,地铁,13号线,南海神庙
0100,00166874,地铁,13号线,南海神庙
0100,00166875,地铁,13号线,南海神庙
0100,00166876,地铁,13号线,南海神庙
0100,00166877,地铁,13号线,南海神庙
0100,00166878,地铁,13号线,南海神庙
0100,00166879,地铁,13号线,南海神庙
0100,00166880,地铁,13号线,南海神庙
0100,00166881,地铁,13号线,南海神庙
0100,00166882,地铁,13号线,南海神庙
0100,00166883,地铁,13号线,南海神庙
0100,00166884,地铁,13号线,南海神庙
0100,00166885,地铁,13号线,南海神庙
0100,00166886,地铁,13号线,南海神庙
0100,00166887,地铁,13号线,南海神庙
0100,00166888,地铁,13号线,南海神庙
0100,00166889,地铁,13号线,南海神庙
0100,00166890,地铁,13号线,南海神庙
0100,00166891,地铁,13号线,南海神庙
0100,00166892,地铁,13号线,南海神庙
0100,00166893,地铁,13号线,南海神庙
0100,00166894,地铁,13号线,南海神庙
0100,00166895,地铁,13号线,南海神庙
0100,00166896,地铁,13号线,南海神庙
0100,00166897,地铁,13号线,南海神庙
0100,00166898,地铁,13号线,南海神庙
0100,00166899,地铁,13号线,南海神庙
0100,00166900,地铁,13号线,南海神庙
0100,00166901,地铁,13号线,南海神庙
0100,00166902,地铁,13号线,南海神庙
0100,00166903,地铁,13号线,南海神庙
0100,00166904,地铁,13号线,南海神庙
0100,00166905,地铁,13号线,南海神庙
0100,00166906,地铁,13号线,南海神庙
0100,00166907,地铁,13号线,南海神庙
0100,00166908,地铁,13号线,南海神庙
0100,00166909,地铁,13号线,南海神庙
0100,00166910,地铁,13号线,夏园
0100,00166911,地铁,13号线,夏园
0100,00166912,地铁,13号线,夏园
0100,00166913,地铁,13号线,夏园
0100,00166914,地铁,13号线,夏园
0100,00166915,地铁,13号线,夏园
0100,00166916,地铁,13号线,夏园
0100,00166917,地铁,13号线,夏园
0100,00166918,地铁,13号线,夏园
0100,00166919,地铁,13号线,夏园
0100,00166920,地铁,13号线,夏园
0100,00166921,地铁,13号线,夏园
0100,00166922,地铁,13号线,夏园
0100,00166923,地铁,13号线,夏园
0100,00166924,地铁,13号线,夏园
0100,00166925,地铁,13号线,夏园
0100,00166926,地铁,13号线,夏园
0100,00166927,地铁,13号线,夏园
0100,00166928,地铁,13号线,夏园
0100,00166929,地铁,13号线,夏园
0100,00166930,地铁,13号线,夏园
0100,00166931,地铁,13号线,夏园
0100,00166932,地铁,13号线,夏园
0100,00166933,地铁,13号线,夏园
0100,00166934,地铁,13号线,夏园
0100,00166935,地铁,13号线,夏园
0100,00166936,地铁,13号线,夏园
0100,00166937,地铁,13号线,夏园
0100,00166938,地铁,13号线,夏园
0100,00166939,地铁,13号线,夏园
0100,00166940,地铁,13号线,夏园
0100,00166941,地铁,13号线,夏园
0100,00166942,地铁,13号线,夏园
0100,00166943,地铁,13号线,夏园
0100,00166947,地铁,13号线,夏园
0100,00166949,地铁,13号线,夏园
0100,00166950,地铁,13号线,南岗
0100,00166951,地铁,13号线,南岗
0100,00166952,地铁,13号线,南岗
0100,00166953,地铁,13号线,南岗
0100,00166954,地铁,13号线,南岗
0100,00166955,地铁,13号线,南岗
0100,00166956,地铁,13号线,南岗
0100,00166957,地铁,13号线,南岗
0100,00166958,地铁,13号线,南岗
0100,00166959,地铁,13号线,南岗
0100,00166960,地铁,13号线,南岗
0100,00166961,地铁,13号线,南岗
0100,00166962,地铁,13号线,南岗
0100,00166963,地铁,13号线,南岗
0100,00166964,地铁,13号线,南岗
0100,00166965,地铁,13号线,南岗
0100,00166966,地铁,13号线,南岗
0100,00166967,地铁,13号线,南岗
0100,00166968,地铁,13号线,南岗
0100,00166969,地铁,13号线,南岗
0100,00166970,地铁,13号线,南岗
0100,00166971,地铁,13号线,南岗
0100,00166972,地铁,13号线,南岗
0100,00167223,地铁,13号线,南岗
0100,00167224,地铁,13号线,南岗
0100,00167225,地铁,13号线,南岗
0100,00167226,地铁,13号线,南岗
0100,00167227,地铁,13号线,南岗
0100,00167228,地铁,13号线,南岗
0100,00167229,地铁,13号线,南岗
0100,00167230,地铁,13号线,南岗
0100,00167231,地铁,13号线,南岗
0100,00167232,地铁,13号线,南岗
0100,00167233,地铁,13号线,南岗
0100,00167234,地铁,13号线,南岗
0100,00167235,地铁,13号线,南岗
0100,00167236,地铁,13号线,南岗
0100,00167237,地铁,13号线,南岗
0100,00167238,地铁,13号线,南岗
0100,00167239,地铁,13号线,沙村
0100,00167240,地铁,13号线,沙村
0100,00167241,地铁,13号线,沙村
0100,00167242,地铁,13号线,沙村
0100,00167243,地铁,13号线,沙村
0100,00167244,地铁,13号线,沙村
0100,00167245,地铁,13号线,沙村
0100,00167246,地铁,13号线,沙村
0100,00167247,地铁,13号线,沙村
0100,00167248,地铁,13号线,沙村
0100,00167249,地铁,13号线,沙村
0100,00167250,地铁,13号线,沙村
0100,00167251,地铁,13号线,沙村
0100,00167252,地铁,13号线,沙村
0100,00167253,地铁,13号线,沙村
0100,00167254,地铁,13号线,沙村
0100,00167255,地铁,13号线,沙村
0100,00167256,地铁,13号线,沙村
0100,00167257,地铁,13号线,沙村
0100,00167258,地铁,13号线,沙村
0100,00167259,地铁,13号线,沙村
0100,00167260,地铁,13号线,沙村
0100,00167261,地铁,13号线,沙村
0100,00167262,地铁,13号线,沙村
0100,00167263,地铁,13号线,沙村
0100,00167264,地铁,13号线,沙村
0100,00167265,地铁,13号线,沙村
0100,00167266,地铁,13号线,沙村
0100,00167267,地铁,13号线,沙村
0100,00167268,地铁,13号线,沙村
0100,00167269,地铁,13号线,沙村
0100,00167270,地铁,13号线,沙村
0100,00167271,地铁,13号线,沙村
0100,00167272,地铁,13号线,沙村
0100,00167273,地铁,13号线,沙村
0100,00167274,地铁,13号线,沙村
0100,00167275,地铁,13号线,沙村
0100,00167276,地铁,13号线,沙村
0100,00167277,地铁,13号线,沙村
0100,00167278,地铁,13号线,白江
0100,00167279,地铁,13号线,白江
0100,00167280,地铁,13号线,白江
0100,00167281,地铁,13号线,白江
0100,00167282,地铁,13号线,白江
0100,00167283,地铁,13号线,白江
0100,00167284,地铁,13号线,白江
0100,00167285,地铁,13号线,白江
0100,00167286,地铁,13号线,白江
0100,00167287,地铁,13号线,白江
0100,00167288,地铁,13号线,白江
0100,00167289,地铁,13号线,白江
0100,00167290,地铁,13号线,白江
0100,00167291,地铁,13号线,白江
0100,00167292,地铁,13号线,白江
0100,00167293,地铁,13号线,白江
0100,00167294,地铁,13号线,白江
0100,00167295,地铁,13号线,白江
0100,00167296,地铁,13号线,白江
0100,00167297,地铁,13号线,白江
0100,00167298,地铁,13号线,白江
0100,00167299,地铁,13号线,白江
0100,00167300,地铁,13号线,白江
0100,00167301,地铁,13号线,白江
0100,00167302,地铁,13号线,白江
0100,00167303,地铁,13号线,白江
0100,00167304,地铁,13号线,白江
0100,00167305,地铁,13号线,白江
0100,00167306,地铁,13号线,白江
0100,00167307,地铁,13号线,白江
0100,00167308,地铁,13号线,白江
0100,00167309,地铁,13号线,白江
0100,00167310,地铁,13号线,白江
0100,00167311,地铁,13号线,白江
0100,00167312,地铁,13号线,白江
0100,00167313,地铁,13号线,白江
0100,00167314,地铁,13号线,白江
0100,00167315,地铁,13号线,白江
0100,00167316,地铁,13号线,白江
0100,00167317,地铁,13号线,白江
0100,00167318,地铁,13号线,新塘
0100,00167319,地铁,13号线,新塘
0100,00167320,地铁,13号线,新塘
0100,00167321,地铁,13号线,新塘
0100,00167322,地铁,13号线,新塘
0100,00167323,地铁,13号线,新塘
0100,00167324,地铁,13号线,新塘
0100,00167325,地铁,13号线,新塘
0100,00167326,地铁,13号线,新塘
0100,00167327,地铁,13号线,新塘
0100,00167328,地铁,13号线,新塘
0100,00167329,地铁,13号线,新塘
0100,00167330,地铁,13号线,新塘
0100,00167331,地铁,13号线,新塘
0100,00167332,地铁,13号线,新塘
0100,00167333,地铁,13号线,新塘
0100,00167334,地铁,13号线,新塘
0100,00167335,地铁,13号线,新塘
0100,00167336,地铁,13号线,新塘
0100,00167337,地铁,13号线,新塘
0100,00167338,地铁,13号线,新塘
0100,00167339,地铁,13号线,新塘
0100,00167340,地铁,13号线,新塘
0100,00167341,地铁,13号线,新塘
0100,00167342,地铁,13号线,新塘
0100,00167343,地铁,13号线,新塘
0100,00167344,地铁,13号线,新塘
0100,00167345,地铁,13号线,新塘
0100,00167346,地铁,13号线,新塘
0100,00167347,地铁,13号线,新塘
0100,00167348,地铁,13号线,新塘
0100,00167349,地铁,13号线,新塘
0100,00167350,地铁,13号线,新塘
0100,00167351,地铁,13号线,新塘
0100,00167352,地铁,13号线,新塘
0100,00167353,地铁,13号线,新塘
0100,00167354,地铁,13号线,新塘
0100,00167355,地铁,13号线,新塘
0100,00167356,地铁,13号线,新塘
0100,00167357,地铁,13号线,新塘
0100,00167358,地铁,13号线,新塘
0100,00167359,地铁,13号线,新塘
0100,00167360,地铁,13号线,新塘
0100,00167361,地铁,13号线,新塘
0100,00167362,地铁,13号线,新塘
0100,00167363,地铁,13号线,新塘
0100,00167364,地铁,13号线,新塘
0100,00167365,地铁,13号线,新塘
0100,00167366,地铁,13号线,新塘
0100,00167367,地铁,13号线,新塘
0100,00167368,地铁,13号线,新塘
0100,00167369,地铁,13号线,新塘
0100,00167370,地铁,13号线,新塘
0100,00167371,地铁,13号线,新塘
0100,00167372,地铁,13号线,新塘
0100,00167373,地铁,13号线,新塘
0100,00167374,地铁,13号线,新塘
0100,00167375,地铁,13号线,新塘
0100,00167376,地铁,13号线,官湖
0100,00167377,地铁,13号线,官湖
0100,00167378,地铁,13号线,官湖
0100,00167379,地铁,13号线,官湖
0100,00167380,地铁,13号线,官湖
0100,00167381,地铁,13号线,官湖
0100,00167382,地铁,13号线,官湖
0100,00167383,地铁,13号线,官湖
0100,00167384,地铁,13号线,官湖
0100,00167385,地铁,13号线,官湖
0100,00167386,地铁,13号线,官湖
0100,00167387,地铁,13号线,官湖
0100,00167388,地铁,13号线,新塘
0100,00167389,地铁,13号线,官湖
0100,00167390,地铁,13号线,官湖
0100,00167391,地铁,13号线,官湖
0100,00167392,地铁,13号线,官湖
0100,00167393,地铁,13号线,官湖
0100,00167394,地铁,13号线,官湖
0100,00167395,地铁,13号线,官湖
0100,00167396,地铁,13号线,官湖
0100,00167397,地铁,13号线,官湖
0100,00167398,地铁,13号线,官湖
0100,00167399,地铁,13号线,官湖
0100,00167400,地铁,13号线,官湖
0100,00167401,地铁,13号线,官湖
0100,00167402,地铁,13号线,官湖
0100,00167403,地铁,13号线,官湖
0100,00167404,地铁,13号线,官湖
0100,00167405,地铁,13号线,官湖
0100,00167406,地铁,13号线,官湖
0100,00167407,地铁,13号线,官湖
0100,00167408,地铁,13号线,官湖
0100,00167409,地铁,13号线,官湖
0100,00167410,地铁,13号线,官湖
0100,00167411,地铁,13号线,官湖
0100,00167412,地铁,13号线,官湖
0100,00167413,地铁,13号线,官湖
0100,00167414,地铁,13号线,官湖
0100,00167415,地铁,13号线,官湖
0100,00167416,地铁,13号线,新沙
0100,00167417,地铁,13号线,新沙
0100,00167418,地铁,13号线,新沙
0100,00167419,地铁,13号线,新沙
0100,00167420,地铁,13号线,新沙
0100,00167421,地铁,13号线,新沙
0100,00167422,地铁,13号线,新沙
0100,00167423,地铁,13号线,新沙
0100,00167424,地铁,13号线,新沙
0100,00167425,地铁,13号线,新沙
0100,00167426,地铁,13号线,新沙
0100,00167427,地铁,13号线,新沙
0100,00167428,地铁,13号线,新沙
0100,00167429,地铁,13号线,新沙
0100,00167430,地铁,13号线,新沙
0100,00167431,地铁,13号线,新沙
0100,00167432,地铁,13号线,新沙
0100,00167433,地铁,13号线,新沙
0100,00167434,地铁,13号线,新沙
0100,00167435,地铁,13号线,新沙
0100,00167436,地铁,13号线,新沙
0100,00167437,地铁,13号线,新沙
0100,00167438,地铁,13号线,新沙
0100,00167439,地铁,13号线,新沙
0100,00167440,地铁,13号线,新沙
0100,00167441,地铁,13号线,新沙
0100,00167442,地铁,13号线,新沙
0100,00167443,地铁,13号线,新沙
0100,00167444,地铁,13号线,新沙
0100,00167445,地铁,13号线,新沙
0100,00167446,地铁,13号线,新沙
0100,00167447,地铁,13号线,新沙
0100,00167448,地铁,13号线,新沙
0100,00167449,地铁,13号线,新沙
0100,00167450,地铁,13号线,新沙
0100,00167451,地铁,13号线,新沙
0100,00167452,地铁,13号线,新沙
0100,00167453,地铁,13号线,新沙
0100,00167454,地铁,13号线,新沙
0100,00167455,地铁,13号线,鱼珠
0100,00167456,地铁,13号线,鱼珠
0100,00167457,地铁,13号线,鱼珠
0100,00167458,地铁,13号线,裕丰围
0100,00167459,地铁,13号线,双岗
0100,00167460,地铁,13号线,南海神庙
0100,00167461,地铁,13号线,夏园
0100,00167462,地铁,13号线,南岗
0100,00167463,地铁,13号线,沙村
0100,00167464,地铁,13号线,白江
0100,00167465,地铁,13号线,新塘
0100,00167466,地铁,13号线,官湖
0100,00167467,地铁,13号线,新沙
0100,00167468,地铁,13号线,双岗
0100,00167493,地铁,6号线,北京路
0100,00167494,地铁,6号线,海珠广场
0100,00167495,地铁,6号线,文化公园
0100,00167496,地铁,6号线,沙贝
0100,00167497,地铁,13号线,鱼珠
0100,00167498,地铁,13号线,鱼珠
0100,00167499,地铁,13号线,鱼珠
0100,00167500,地铁,13号线,鱼珠
0100,00167501,地铁,13号线,鱼珠
0100,00167502,地铁,13号线,鱼珠
0100,00167503,地铁,13号线,鱼珠
0100,00167504,地铁,13号线,鱼珠
0100,00167505,地铁,13号线,裕丰围
0100,00167506,地铁,13号线,裕丰围
0100,00167507,地铁,13号线,裕丰围
0100,00167508,地铁,13号线,裕丰围
0100,00167509,地铁,13号线,裕丰围
0100,00167510,地铁,13号线,裕丰围
0100,00167511,地铁,13号线,裕丰围
0100,00167512,地铁,13号线,裕丰围
0100,00167513,地铁,13号线,裕丰围
0100,00167514,地铁,13号线,裕丰围
0100,00167515,地铁,13号线,裕丰围
0100,00167516,地铁,13号线,裕丰围
0100,00167517,地铁,13号线,裕丰围
0100,00167518,地铁,13号线,裕丰围
0100,00167519,地铁,13号线,裕丰围
0100,00167520,地铁,13号线,裕丰围
0100,00167521,地铁,13号线,裕丰围
0100,00167522,地铁,13号线,裕丰围
0100,00167523,地铁,13号线,裕丰围
0100,00167524,地铁,13号线,裕丰围
0100,00167525,地铁,13号线,裕丰围
0100,00167526,地铁,13号线,裕丰围
0100,00167527,地铁,13号线,裕丰围
0100,00167528,地铁,13号线,裕丰围
0100,00167529,地铁,13号线,双岗
0100,00167530,地铁,13号线,双岗
0100,00167531,地铁,13号线,双岗
0100,00167532,地铁,13号线,双岗
0100,00167533,地铁,13号线,双岗
0100,00167534,地铁,13号线,双岗
0100,00167535,地铁,13号线,双岗
0100,00167536,地铁,13号线,双岗
0100,00167537,地铁,13号线,双岗
0100,00167538,地铁,13号线,双岗
0100,00167539,地铁,13号线,双岗
0100,00167540,地铁,13号线,双岗
0100,00167541,地铁,13号线,双岗
0100,00167542,地铁,13号线,双岗
0100,00167543,地铁,13号线,双岗
0100,00167544,地铁,13号线,双岗
0100,00167545,地铁,13号线,南海神庙
0100,00167546,地铁,13号线,南海神庙
0100,00167547,地铁,13号线,南海神庙
0100,00167548,地铁,13号线,南海神庙
0100,00167549,地铁,13号线,南海神庙
0100,00167550,地铁,13号线,南海神庙
0100,00167551,地铁,13号线,南海神庙
0100,00167552,地铁,13号线,南海神庙
0100,00167553,地铁,13号线,夏园
0100,00167554,地铁,13号线,夏园
0100,00167555,地铁,13号线,夏园
0100,00167556,地铁,13号线,夏园
0100,00167557,地铁,13号线,夏园
0100,00167558,地铁,13号线,夏园
0100,00167559,地铁,13号线,夏园
0100,00167560,地铁,13号线,夏园
0100,00167561,地铁,13号线,夏园
0100,00167562,地铁,13号线,夏园
0100,00167563,地铁,13号线,夏园
0100,00167564,地铁,13号线,夏园
0100,00167565,地铁,13号线,夏园
0100,00167566,地铁,13号线,夏园
0100,00167567,地铁,13号线,夏园
0100,00167568,地铁,13号线,夏园
0100,00167569,地铁,13号线,南岗
0100,00167570,地铁,13号线,南岗
0100,00167571,地铁,13号线,南岗
0100,00167572,地铁,13号线,南岗
0100,00167573,地铁,13号线,南岗
0100,00167574,地铁,13号线,南岗
0100,00167575,地铁,13号线,南岗
0100,00167576,地铁,13号线,南岗
0100,00167577,地铁,13号线,南岗
0100,00167578,地铁,13号线,南岗
0100,00167579,地铁,13号线,南岗
0100,00167580,地铁,13号线,南岗
0100,00167581,地铁,13号线,南岗
0100,00167582,地铁,13号线,南岗
0100,00167583,地铁,13号线,南岗
0100,00167584,地铁,13号线,南岗
0100,00167585,地铁,13号线,沙村
0100,00167586,地铁,13号线,沙村
0100,00167587,地铁,13号线,沙村
0100,00167588,地铁,13号线,沙村
0100,00167589,地铁,13号线,沙村
0100,00167590,地铁,13号线,沙村
0100,00167591,地铁,13号线,沙村
0100,00167592,地铁,13号线,沙村
0100,00167593,地铁,13号线,沙村
0100,00167594,地铁,13号线,沙村
0100,00167595,地铁,13号线,沙村
0100,00167596,地铁,13号线,沙村
0100,00167597,地铁,13号线,沙村
0100,00167598,地铁,13号线,沙村
0100,00167599,地铁,13号线,沙村
0100,00167600,地铁,13号线,沙村
0100,00167601,地铁,13号线,白江
0100,00167602,地铁,13号线,白江
0100,00167603,地铁,13号线,白江
0100,00167604,地铁,13号线,白江
0100,00167605,地铁,13号线,白江
0100,00167606,地铁,13号线,白江
0100,00167607,地铁,13号线,白江
0100,00167608,地铁,13号线,白江
0100,00167609,地铁,13号线,白江
0100,00167610,地铁,13号线,白江
0100,00167611,地铁,13号线,白江
0100,00167612,地铁,13号线,白江
0100,00167613,地铁,13号线,白江
0100,00167614,地铁,13号线,白江
0100,00167615,地铁,13号线,白江
0100,00167616,地铁,13号线,白江
0100,00167617,地铁,13号线,新塘
0100,00167618,地铁,13号线,新塘
0100,00167619,地铁,13号线,新塘
0100,00167620,地铁,13号线,新塘
0100,00167621,地铁,13号线,新塘
0100,00167622,地铁,13号线,新塘
0100,00167623,地铁,13号线,新塘
0100,00167624,地铁,13号线,新塘
0100,00167625,地铁,13号线,新塘
0100,00167626,地铁,13号线,新塘
0100,00167627,地铁,13号线,新塘
0100,00167628,地铁,13号线,新塘
0100,00167629,地铁,13号线,新塘
0100,00167630,地铁,13号线,新塘
0100,00167631,地铁,13号线,新塘
0100,00167632,地铁,13号线,新塘
0100,00167633,地铁,13号线,新塘
0100,00167634,地铁,13号线,新塘
0100,00167635,地铁,13号线,新塘
0100,00167636,地铁,13号线,新塘
0100,00167637,地铁,13号线,新塘
0100,00167638,地铁,13号线,新塘
0100,00167639,地铁,13号线,新塘
0100,00167640,地铁,13号线,新塘
0100,00167641,地铁,13号线,官湖
0100,00167642,地铁,13号线,官湖
0100,00167643,地铁,13号线,官湖
0100,00167644,地铁,13号线,官湖
0100,00167645,地铁,13号线,官湖
0100,00167646,地铁,13号线,官湖
0100,00167647,地铁,13号线,官湖
0100,00167648,地铁,13号线,官湖
0100,00167649,地铁,13号线,官湖
0100,00167650,地铁,13号线,官湖
0100,00167651,地铁,13号线,官湖
0100,00167652,地铁,13号线,官湖
0100,00167653,地铁,13号线,官湖
0100,00167654,地铁,13号线,官湖
0100,00167655,地铁,13号线,官湖
0100,00167656,地铁,13号线,官湖
0100,00167657,地铁,13号线,新沙
0100,00167658,地铁,13号线,新沙
0100,00167659,地铁,13号线,新沙
0100,00167660,地铁,13号线,新沙
0100,00167661,地铁,13号线,新沙
0100,00167662,地铁,13号线,新沙
0100,00167663,地铁,13号线,新沙
0100,00167664,地铁,13号线,新沙
0100,00167665,地铁,1号线,东山口
0100,00167666,地铁,6号线,浔峰岗
0100,00167667,地铁,6号线,横沙
0100,00167668,地铁,6号线,黄沙
0100,00167669,地铁,6号线,东湖
0100,00167670,地铁,6号线,东山口
0100,00167671,地铁,6号线,区庄
0100,00167672,地铁,6号线,沙河顶
0100,00167673,地铁,6号线,天平架
0100,00167674,地铁,6号线,天河客运站
0100,00167675,地铁,6号线,长湴
0100,00167676,地铁,6号线,柯木塱
0100,00167677,地铁,6号线,苏元
0100,00167678,地铁,6号线,团一大广场
0100,00167679,地铁,6号线,横沙
0100,00167680,地铁,6号线,植物园
0100,00167681,地铁,6号线,高塘石
0100,00167682,地铁,6号线,黄陂
0100,00167683,地铁,6号线,萝岗
0100,00167684,地铁,6号线,香雪
0100,00167685,地铁,6号线,海珠广场
0100,00167686,地铁,6号线,海珠广场
0100,00167687,地铁,6号线,海珠广场
0100,00167688,地铁,6号线,海珠广场
0100,00167689,地铁,6号线,海珠广场
0100,00167690,地铁,6号线,海珠广场
0100,00167691,地铁,6号线,一德路
0100,00167692,地铁,6号线,浔峰岗
0100,00167693,地铁,6号线,浔峰岗
0100,00167697,地铁,6号线,横沙
0100,00167698,地铁,6号线,横沙
0100,00167702,地铁,6号线,沙贝
0100,00167706,地铁,6号线,河沙
0100,00167710,地铁,6号线,坦尾
0100,00167711,地铁,6号线,坦尾
0100,00167715,地铁,6号线,如意坊
0100,00167716,地铁,6号线,如意坊
0100,00167720,地铁,6号线,黄沙
0100,00167724,地铁,6号线,文化公园
0100,00167725,地铁,6号线,文化公园
0100,00167726,地铁,6号线,文化公园
0100,00167731,地铁,6号线,一德路
0100,00167735,地铁,6号线,海珠广场
0100,00167736,地铁,6号线,海珠广场
0100,00167740,地铁,6号线,北京路
0100,00167744,地铁,6号线,团一大广场
0100,00167748,地铁,6号线,东湖
0100,00167752,地铁,6号线,东山口
0100,00167753,地铁,6号线,东山口
0100,00167757,地铁,6号线,区庄
0100,00167761,地铁,6号线,黄花岗
0100,00167762,地铁,6号线,黄花岗
0100,00167766,地铁,6号线,沙河顶
0100,00167767,地铁,6号线,沙河顶
0100,00167774,地铁,6号线,天平架
0100,00167778,地铁,6号线,天河客运站
0100,00167779,地铁,6号线,天河客运站
0100,00167783,地铁,6号线,长湴
0100,00167784,地铁,6号线,长湴
0100,00167788,地铁,6号线,天河客运站
0100,00167789,地铁,6号线,天河客运站
0100,00167790,地铁,6号线,天河客运站
0100,00167791,地铁,6号线,天河客运站
0100,00167792,地铁,6号线,天河客运站
0100,00167793,地铁,6号线,天河客运站
0100,00167794,地铁,6号线,天河客运站
0100,00167795,地铁,6号线,天河客运站
0100,00167796,地铁,6号线,天河客运站
0100,00167797,地铁,6号线,天河客运站
0100,00167798,地铁,6号线,天河客运站
0100,00167799,地铁,6号线,天河客运站
0100,00167800,地铁,6号线,天河客运站
0100,00167801,地铁,6号线,天河客运站
0100,00167802,地铁,6号线,天河客运站
0100,00167803,地铁,6号线,天河客运站
0100,00167804,地铁,6号线,天河客运站
0100,00167805,地铁,6号线,长湴
0100,00167806,地铁,6号线,长湴
0100,00167807,地铁,6号线,长湴
0100,00167808,地铁,6号线,长湴
0100,00167809,地铁,6号线,长湴
0100,00167810,地铁,6号线,长湴
0100,00167811,地铁,6号线,长湴
0100,00167812,地铁,6号线,长湴
0100,00167813,地铁,6号线,长湴
0100,00167814,地铁,6号线,长湴
0100,00167815,地铁,6号线,长湴
0100,00167816,地铁,6号线,长湴
0100,00167817,地铁,6号线,长湴
0100,00167818,地铁,6号线,长湴
0100,00167819,地铁,6号线,长湴
0100,00167820,地铁,6号线,长湴
0100,00167821,地铁,6号线,长湴
0100,00167822,地铁,6号线,长湴
0100,00167823,地铁,6号线,长湴
0100,00167824,地铁,6号线,长湴
0100,00167825,地铁,13号线,新沙
0100,00167826,地铁,13号线,新沙
0100,00167827,地铁,13号线,新沙
0100,00167828,地铁,13号线,新沙
0100,00167829,地铁,13号线,新沙
0100,00167830,地铁,13号线,新沙
0100,00167831,地铁,13号线,新沙
0100,00167832,地铁,13号线,新沙
0100,00167833,地铁,14号线,新和
0100,00167834,地铁,14号线,新和
0100,00167835,地铁,14号线,新和
0100,00167836,地铁,14号线,红卫
0100,00167837,地铁,14号线,新南
0100,00167838,地铁,14号线,新南
0100,00167839,地铁,14号线,旺村
0100,00167840,地铁,14号线,旺村
0100,00167841,地铁,14号线,旺村
0100,00167842,地铁,14号线,旺村
0100,00167843,地铁,14号线,汤村
0100,00167844,地铁,21号线,镇龙
0100,00167845,地铁,21号线,镇龙
0100,00167846,地铁,21号线,镇龙
0100,00167847,地铁,21号线,镇龙
0100,00167848,地铁,21号线,镇龙
0100,00167849,地铁,21号线,镇龙
0100,00167850,地铁,21号线,镇龙
0100,00167851,地铁,21号线,镇龙
0100,00167852,地铁,14号线,新和
0100,00167853,地铁,14号线,新和
0100,00167854,地铁,21号线,镇龙
0100,00167855,地铁,21号线,镇龙
0100,00167856,地铁,21号线,镇龙
0100,00167857,地铁,14号线,镇龙北
0100,00167858,地铁,14号线,汤村
0100,00167859,地铁,14号线,旺村
0100,00167860,地铁,14号线,何棠下
0100,00167861,地铁,14号线,知识城
0100,00167862,地铁,14号线,枫下
0100,00167863,地铁,14号线,新南
0100,00167864,地铁,14号线,红卫
0100,00167865,地铁,14号线,红卫
0100,00167866,地铁,14号线,新和
0100,00167867,地铁,14号线,新和
0100,00167907,地铁,4号线,庆盛
0100,00167908,地铁,4号线,庆盛
0100,00167913,地铁,5号线,滘口
0100,00167914,地铁,5号线,坦尾
0100,00167915,地铁,6号线,坦尾
0100,00167916,地铁,5号线,广州火车站
0100,00167917,地铁,5号线,广州火车站
0100,00167918,地铁,5号线,区庄
0100,00167919,地铁,5号线,区庄
0100,00167920,地铁,5号线,动物园
0100,00167921,地铁,5号线,珠江新城
0100,00167922,地铁,5号线,珠江新城
0100,00167923,地铁,5号线,车陂南
0100,00167924,地铁,5号线,车陂南
0100,00167925,地铁,5号线,文冲
0100,00167973,地铁,9号线,飞鹅岭
0100,00167974,地铁,9号线,飞鹅岭
0100,00167975,地铁,9号线,飞鹅岭
0100,00167976,地铁,9号线,飞鹅岭
0100,00167977,地铁,9号线,飞鹅岭
0100,00167978,地铁,9号线,飞鹅岭
0100,00167979,地铁,9号线,飞鹅岭
0100,00167980,地铁,9号线,飞鹅岭
0100,00167981,地铁,9号线,飞鹅岭
0100,00167982,地铁,9号线,飞鹅岭
0100,00167983,地铁,9号线,飞鹅岭
0100,00167984,地铁,9号线,飞鹅岭
0100,00167985,地铁,9号线,飞鹅岭
0100,00167986,地铁,9号线,飞鹅岭
0100,00167987,地铁,9号线,飞鹅岭
0100,00167988,地铁,9号线,飞鹅岭
0100,00167989,地铁,9号线,飞鹅岭
0100,00167990,地铁,9号线,飞鹅岭
0100,00167991,地铁,9号线,飞鹅岭
0100,00167992,地铁,9号线,飞鹅岭
0100,00167993,地铁,9号线,飞鹅岭
0100,00167994,地铁,9号线,飞鹅岭
0100,00167995,地铁,9号线,飞鹅岭
0100,00167996,地铁,9号线,飞鹅岭
0100,00167997,地铁,9号线,飞鹅岭
0100,00167998,地铁,9号线,飞鹅岭
0100,00167999,地铁,9号线,飞鹅岭
0100,00168000,地铁,9号线,飞鹅岭
0100,00168001,地铁,9号线,飞鹅岭
0100,00168002,地铁,9号线,花都汽车城
0100,00168003,地铁,9号线,花都汽车城
0100,00168004,地铁,9号线,花都汽车城
0100,00168005,地铁,9号线,花都汽车城
0100,00168006,地铁,9号线,花都汽车城
0100,00168007,地铁,9号线,花都汽车城
0100,00168008,地铁,9号线,花都汽车城
0100,00168009,地铁,9号线,花都汽车城
0100,00168010,地铁,9号线,花都汽车城
0100,00168011,地铁,9号线,花都汽车城
0100,00168012,地铁,9号线,花都汽车城
0100,00168013,地铁,9号线,花都汽车城
0100,00168014,地铁,9号线,花都汽车城
0100,00168015,地铁,9号线,花都汽车城
0100,00168016,地铁,9号线,花都汽车城
0100,00168017,地铁,9号线,花都汽车城
0100,00168018,地铁,7号线,大学城南
0100,00168019,地铁,3号线,龙归
0100,00168020,地铁,3号线,龙归
0100,00168021,地铁,3号线,龙归
0100,00168022,地铁,3号线,龙归
0100,00168023,地铁,3号线,龙归
0100,00168024,地铁,9号线,花都汽车城
0100,00168025,地铁,9号线,花都汽车城
0100,00168026,地铁,9号线,花都汽车城
0100,00168027,地铁,9号线,花都汽车城
0100,00168028,地铁,9号线,花都汽车城
0100,00168029,地铁,9号线,花都汽车城
0100,00168030,地铁,9号线,花都汽车城
0100,00168031,地铁,9号线,花都汽车城
0100,00168032,地铁,9号线,花都汽车城
0100,00168034,地铁,9号线,花都汽车城
0100,00168035,地铁,9号线,花都汽车城
0100,00168036,地铁,9号线,花都汽车城
0100,00168037,地铁,9号线,花都汽车城
0100,00168038,地铁,9号线,花都汽车城
0100,00168039,地铁,9号线,花都汽车城
0100,00168040,地铁,9号线,花都汽车城
0100,00168041,地铁,9号线,花都汽车城
0100,00168042,地铁,9号线,广州北站
0100,00168043,地铁,9号线,广州北站
0100,00168044,地铁,9号线,广州北站
0100,00168045,地铁,9号线,广州北站
0100,00168046,地铁,9号线,广州北站
0100,00168047,地铁,9号线,广州北站
0100,00168048,地铁,9号线,广州北站
0100,00168049,地铁,9号线,广州北站
0100,00168050,地铁,9号线,广州北站
0100,00168051,地铁,9号线,广州北站
0100,00168052,地铁,9号线,广州北站
0100,00168053,地铁,9号线,广州北站
0100,00168054,地铁,9号线,广州北站
0100,00168055,地铁,9号线,广州北站
0100,00168056,地铁,9号线,广州北站
0100,00168057,地铁,9号线,广州北站
0100,00168058,地铁,9号线,广州北站
0100,00168059,地铁,9号线,广州北站
0100,00168060,地铁,9号线,广州北站
0100,00168061,地铁,9号线,广州北站
0100,00168062,地铁,9号线,广州北站
0100,00168063,地铁,9号线,广州北站
0100,00168064,地铁,9号线,广州北站
0100,00168065,地铁,9号线,广州北站
0100,00168066,地铁,9号线,广州北站
0100,00168067,地铁,9号线,广州北站
0100,00168068,地铁,9号线,广州北站
0100,00168069,地铁,9号线,广州北站
0100,00168070,地铁,9号线,广州北站
0100,00168071,地铁,9号线,广州北站
0100,00168072,地铁,9号线,广州北站
0100,00168073,地铁,9号线,广州北站
0100,00168074,地铁,9号线,广州北站
0100,00168075,地铁,9号线,广州北站
0100,00168076,地铁,9号线,广州北站
0100,00168077,地铁,9号线,广州北站
0100,00168078,地铁,9号线,广州北站
0100,00168079,地铁,9号线,广州北站
0100,00168080,地铁,9号线,广州北站
0100,00168081,地铁,9号线,广州北站
0100,00168082,地铁,9号线,花城路
0100,00168083,地铁,9号线,花城路
0100,00168084,地铁,9号线,花城路
0100,00168085,地铁,9号线,花城路
0100,00168086,地铁,9号线,花城路
0100,00168087,地铁,9号线,花城路
0100,00168088,地铁,9号线,花城路
0100,00168089,地铁,9号线,花城路
0100,00168090,地铁,9号线,花城路
0100,00168091,地铁,9号线,花城路
0100,00168092,地铁,9号线,花城路
0100,00168093,地铁,9号线,花城路
0100,00168094,地铁,9号线,花城路
0100,00168095,地铁,9号线,花城路
0100,00168096,地铁,9号线,花城路
0100,00168097,地铁,9号线,花城路
0100,00168098,地铁,9号线,花城路
0100,00168099,地铁,9号线,花城路
0100,00168100,地铁,9号线,花城路
0100,00168101,地铁,9号线,花城路
0100,00168102,地铁,9号线,花城路
0100,00168103,地铁,9号线,花城路
0100,00168104,地铁,9号线,花城路
0100,00168105,地铁,9号线,花城路
0100,00168106,地铁,9号线,花城路
0100,00168107,地铁,9号线,花城路
0100,00168108,地铁,9号线,花城路
0100,00168109,地铁,9号线,花城路
0100,00168110,地铁,9号线,花城路
0100,00168111,地铁,9号线,花城路
0100,00168112,地铁,9号线,花城路
0100,00168113,地铁,9号线,花城路
0100,00168115,地铁,9号线,花城路
0100,00168116,地铁,9号线,花城路
0100,00168117,地铁,9号线,花城路
0100,00168118,地铁,9号线,花果山公园
0100,00168119,地铁,9号线,花果山公园
0100,00168120,地铁,9号线,花果山公园
0100,00168121,地铁,9号线,花果山公园
0100,00168122,地铁,9号线,花果山公园
0100,00168123,地铁,9号线,花果山公园
0100,00168124,地铁,9号线,花果山公园
0100,00168125,地铁,9号线,花果山公园
0100,00168126,地铁,9号线,花果山公园
0100,00168127,地铁,9号线,花果山公园
0100,00168128,地铁,9号线,花果山公园
0100,00168129,地铁,9号线,花果山公园
0100,00168130,地铁,9号线,花果山公园
0100,00168131,地铁,9号线,花果山公园
0100,00168132,地铁,9号线,花果山公园
0100,00168133,地铁,9号线,花果山公园
0100,00168134,地铁,9号线,花果山公园
0100,00168135,地铁,9号线,花果山公园
0100,00168136,地铁,9号线,花果山公园
0100,00168137,地铁,9号线,花果山公园
0100,00168138,地铁,9号线,花果山公园
0100,00168139,地铁,9号线,花果山公园
0100,00168140,地铁,9号线,花果山公园
0100,00168141,地铁,9号线,花果山公园
0100,00168142,地铁,9号线,花果山公园
0100,00168143,地铁,9号线,花果山公园
0100,00168144,地铁,9号线,花果山公园
0100,00168145,地铁,9号线,花果山公园
0100,00168146,地铁,9号线,花果山公园
0100,00168147,地铁,9号线,花果山公园
0100,00168148,地铁,9号线,花果山公园
0100,00168149,地铁,9号线,花果山公园
0100,00168150,地铁,9号线,花果山公园
0100,00168151,地铁,9号线,花都广场
0100,00168152,地铁,9号线,花都广场
0100,00168153,地铁,9号线,花都广场
0100,00168154,地铁,9号线,花都广场
0100,00168155,地铁,9号线,花都广场
0100,00168156,地铁,9号线,花都广场
0100,00168157,地铁,9号线,花都广场
0100,00168158,地铁,9号线,花都广场
0100,00168159,地铁,9号线,花都广场
0100,00168160,地铁,9号线,花都广场
0100,00168161,地铁,9号线,花都广场
0100,00168162,地铁,9号线,花都广场
0100,00168163,地铁,9号线,花都广场
0100,00168164,地铁,9号线,花都广场
0100,00168165,地铁,9号线,花都广场
0100,00168166,地铁,9号线,花都广场
0100,00168167,地铁,9号线,花都广场
0100,00168168,地铁,9号线,花都广场
0100,00168169,地铁,9号线,花都广场
0100,00168170,地铁,9号线,花都广场
0100,00168171,地铁,9号线,花都广场
0100,00168172,地铁,9号线,花都广场
0100,00168173,地铁,9号线,花都广场
0100,00168174,地铁,9号线,花都广场
0100,00168175,地铁,9号线,花都广场
0100,00168176,地铁,9号线,花都广场
0100,00168177,地铁,9号线,花都广场
0100,00168178,地铁,9号线,花都广场
0100,00168179,地铁,9号线,花都广场
0100,00168180,地铁,9号线,花都广场
0100,00168181,地铁,9号线,花都广场
0100,00168183,地铁,9号线,花都广场
0100,00168184,地铁,9号线,花都广场
0100,00168185,地铁,9号线,马鞍山公园
0100,00168186,地铁,9号线,马鞍山公园
0100,00168187,地铁,9号线,马鞍山公园
0100,00168188,地铁,9号线,马鞍山公园
0100,00168189,地铁,9号线,马鞍山公园
0100,00168190,地铁,9号线,马鞍山公园
0100,00168191,地铁,9号线,马鞍山公园
0100,00168192,地铁,9号线,马鞍山公园
0100,00168193,地铁,9号线,马鞍山公园
0100,00168194,地铁,9号线,马鞍山公园
0100,00168195,地铁,9号线,马鞍山公园
0100,00168196,地铁,9号线,马鞍山公园
0100,00168197,地铁,9号线,马鞍山公园
0100,00168198,地铁,9号线,马鞍山公园
0100,00168199,地铁,9号线,马鞍山公园
0100,00168200,地铁,9号线,马鞍山公园
0100,00168201,地铁,9号线,马鞍山公园
0100,00168202,地铁,9号线,马鞍山公园
0100,00168203,地铁,9号线,马鞍山公园
0100,00168204,地铁,9号线,马鞍山公园
0100,00168205,地铁,9号线,马鞍山公园
0100,00168206,地铁,9号线,马鞍山公园
0100,00168207,地铁,9号线,马鞍山公园
0100,00168208,地铁,9号线,马鞍山公园
0100,00168209,地铁,9号线,马鞍山公园
0100,00168210,地铁,9号线,马鞍山公园
0100,00168211,地铁,9号线,马鞍山公园
0100,00168212,地铁,9号线,马鞍山公园
0100,00168213,地铁,9号线,马鞍山公园
0100,00168214,地铁,9号线,莲塘
0100,00168215,地铁,9号线,莲塘
0100,00168216,地铁,9号线,莲塘
0100,00168217,地铁,9号线,莲塘
0100,00168218,地铁,9号线,莲塘
0100,00168219,地铁,9号线,莲塘
0100,00168220,地铁,9号线,莲塘
0100,00168221,地铁,9号线,莲塘
0100,00168222,地铁,9号线,莲塘
0100,00168223,地铁,9号线,莲塘
0100,00168224,地铁,9号线,莲塘
0100,00168225,地铁,9号线,莲塘
0100,00168226,地铁,9号线,莲塘
0100,00168227,地铁,9号线,莲塘
0100,00168228,地铁,9号线,莲塘
0100,00168229,地铁,9号线,莲塘
0100,00168230,地铁,9号线,莲塘
0100,00168231,地铁,9号线,莲塘
0100,00168232,地铁,9号线,莲塘
0100,00168233,地铁,9号线,莲塘
0100,00168234,地铁,9号线,莲塘
0100,00168235,地铁,9号线,莲塘
0100,00168236,地铁,9号线,莲塘
0100,00168237,地铁,9号线,莲塘
0100,00168238,地铁,9号线,莲塘
0100,00168239,地铁,9号线,莲塘
0100,00168240,地铁,9号线,莲塘
0100,00168241,地铁,9号线,莲塘
0100,00168242,地铁,9号线,莲塘
0100,00168243,地铁,9号线,清㘵
0100,00168244,地铁,9号线,清㘵
0100,00168245,地铁,9号线,清㘵
0100,00168246,地铁,9号线,清㘵
0100,00168247,地铁,9号线,清㘵
0100,00168248,地铁,9号线,清㘵
0100,00168249,地铁,9号线,清㘵
0100,00168250,地铁,9号线,清㘵
0100,00168251,地铁,9号线,清㘵
0100,00168252,地铁,9号线,清㘵
0100,00168253,地铁,9号线,清㘵
0100,00168254,地铁,9号线,清㘵
0100,00168255,地铁,9号线,清㘵
0100,00168256,地铁,9号线,清㘵
0100,00168257,地铁,9号线,清㘵
0100,00168258,地铁,9号线,清㘵
0100,00168259,地铁,9号线,清㘵
0100,00168260,地铁,9号线,清㘵
0100,00168261,地铁,9号线,清㘵
0100,00168262,地铁,9号线,清㘵
0100,00168263,地铁,9号线,清㘵
0100,00168264,地铁,9号线,清㘵
0100,00168265,地铁,9号线,清㘵
0100,00168266,地铁,9号线,清㘵
0100,00168267,地铁,9号线,清㘵
0100,00168268,地铁,9号线,清㘵
0100,00168269,地铁,9号线,清㘵
0100,00168270,地铁,9号线,清㘵
0100,00168271,地铁,9号线,清㘵
0100,00168272,地铁,9号线,高增
0100,00168273,地铁,9号线,高增
0100,00168274,地铁,9号线,高增
0100,00168275,地铁,9号线,高增
0100,00168276,地铁,9号线,高增
0100,00168277,地铁,9号线,高增
0100,00168278,地铁,9号线,高增
0100,00168279,地铁,9号线,高增
0100,00168280,地铁,9号线,高增
0100,00168281,地铁,9号线,高增
0100,00168282,地铁,9号线,高增
0100,00168283,地铁,9号线,高增
0100,00168284,地铁,9号线,高增
0100,00168285,地铁,9号线,高增
0100,00168286,地铁,9号线,高增
0100,00168287,地铁,9号线,高增
0100,00168288,地铁,9号线,高增
0100,00168289,地铁,9号线,高增
0100,00168290,地铁,9号线,高增
0100,00168291,地铁,9号线,高增
0100,00168292,地铁,9号线,高增
0100,00168293,地铁,9号线,高增
0100,00168294,地铁,9号线,高增
0100,00168295,地铁,9号线,高增
0100,00168296,地铁,9号线,高增
0100,00168297,地铁,9号线,高增
0100,00168298,地铁,9号线,高增
0100,00168299,地铁,9号线,高增
0100,00168300,地铁,9号线,高增
0100,00168301,地铁,9号线,高增
0100,00168302,地铁,9号线,高增
0100,00168303,地铁,9号线,飞鹅岭
0100,00168304,地铁,9号线,花都汽车城
0100,00168306,地铁,9号线,广州北站
0100,00168307,地铁,9号线,花城路
0100,00168308,地铁,9号线,花果山公园
0100,00168309,地铁,9号线,花都广场
0100,00168310,地铁,9号线,马鞍山公园
0100,00168311,地铁,9号线,莲塘
0100,00168312,地铁,9号线,清㘵
0100,00168313,地铁,9号线,高增
0100,00168314,地铁,9号线,飞鹅岭
0100,00168315,地铁,9号线,飞鹅岭
0100,00168316,地铁,9号线,飞鹅岭
0100,00168317,地铁,9号线,飞鹅岭
0100,00168318,地铁,9号线,飞鹅岭
0100,00168319,地铁,9号线,飞鹅岭
0100,00168320,地铁,9号线,飞鹅岭
0100,00168321,地铁,9号线,飞鹅岭
0100,00168322,地铁,9号线,花都汽车城
0100,00168323,地铁,9号线,花都汽车城
0100,00168324,地铁,9号线,花都汽车城
0100,00168325,地铁,9号线,花都汽车城
0100,00168326,地铁,9号线,花都汽车城
0100,00168327,地铁,9号线,花都汽车城
0100,00168328,地铁,9号线,花都汽车城
0100,00168329,地铁,9号线,花都汽车城
0100,00168330,地铁,9号线,广州北站
0100,00168331,地铁,9号线,广州北站
0100,00168332,地铁,9号线,广州北站
0100,00168333,地铁,9号线,广州北站
0100,00168334,地铁,9号线,广州北站
0100,00168335,地铁,9号线,广州北站
0100,00168336,地铁,9号线,广州北站
0100,00168337,地铁,9号线,广州北站
0100,00168338,地铁,9号线,广州北站
0100,00168339,地铁,9号线,广州北站
0100,00168340,地铁,9号线,广州北站
0100,00168341,地铁,9号线,广州北站
0100,00168342,地铁,9号线,花城路
0100,00168343,地铁,9号线,花城路
0100,00168344,地铁,9号线,花城路
0100,00168345,地铁,9号线,花城路
0100,00168346,地铁,9号线,花城路
0100,00168347,地铁,9号线,花城路
0100,00168348,地铁,9号线,花城路
0100,00168349,地铁,9号线,花城路
0100,00168350,地铁,9号线,花果山公园
0100,00168351,地铁,9号线,花果山公园
0100,00168352,地铁,9号线,花果山公园
0100,00168353,地铁,9号线,花果山公园
0100,00168354,地铁,9号线,花果山公园
0100,00168355,地铁,9号线,花果山公园
0100,00168356,地铁,9号线,花果山公园
0100,00168357,地铁,9号线,花果山公园
0100,00168358,地铁,9号线,花都广场
0100,00168359,地铁,9号线,花都广场
0100,00168360,地铁,9号线,花都广场
0100,00168361,地铁,9号线,花都广场
0100,00168362,地铁,9号线,花都广场
0100,00168363,地铁,9号线,花都广场
0100,00168364,地铁,9号线,花都广场
0100,00168365,地铁,9号线,花都广场
0100,00168366,地铁,9号线,马鞍山公园
0100,00168367,地铁,9号线,马鞍山公园
0100,00168368,地铁,9号线,马鞍山公园
0100,00168369,地铁,9号线,马鞍山公园
0100,00168370,地铁,9号线,马鞍山公园
0100,00168371,地铁,9号线,马鞍山公园
0100,00168372,地铁,9号线,马鞍山公园
0100,00168373,地铁,9号线,马鞍山公园
0100,00168374,地铁,9号线,莲塘
0100,00168375,地铁,9号线,莲塘
0100,00168376,地铁,9号线,莲塘
0100,00168377,地铁,9号线,莲塘
0100,00168378,地铁,9号线,莲塘
0100,00168379,地铁,9号线,莲塘
0100,00168380,地铁,9号线,莲塘
0100,00168381,地铁,9号线,莲塘
0100,00168382,地铁,9号线,清㘵
0100,00168383,地铁,9号线,清㘵
0100,00168384,地铁,9号线,清㘵
0100,00168385,地铁,9号线,清㘵
0100,00168386,地铁,9号线,清㘵
0100,00168387,地铁,9号线,清㘵
0100,00168388,地铁,9号线,清㘵
0100,00168389,地铁,9号线,清㘵
0100,00168390,地铁,9号线,高增
0100,00168391,地铁,9号线,高增
0100,00168392,地铁,9号线,高增
0100,00168393,地铁,9号线,高增
0100,00168394,地铁,9号线,高增
0100,00168395,地铁,9号线,高增
0100,00168396,地铁,9号线,高增
0100,00168397,地铁,9号线,高增
0100,00168398,地铁,7号线,谢村
0100,00168399,地铁,7号线,汉溪长隆
0100,00168400,地铁,3号线,珠江新城
0100,00168401,地铁,3号线,广州东站
0100,00168402,地铁,3号线,龙归
0100,00168403,地铁,3号线,龙归
0100,00168404,地铁,3号线,龙归
0100,00168405,地铁,3号线,龙归
0100,00168406,地铁,3号线,龙归
0100,00168407,地铁,3号线,龙归
0100,00168408,地铁,3号线,龙归
0100,00168409,地铁,3号线,龙归
0100,00168410,地铁,3号线,龙归
0100,00168411,地铁,3号线,龙归
0100,00168412,地铁,3号线,龙归
0100,00168413,地铁,3号线,龙归
0100,00168414,地铁,3号线,龙归
0100,00168415,地铁,3号线,龙归
0100,00168416,地铁,3号线,白云大道北
0100,00168417,地铁,3号线,白云大道北
0100,00168418,地铁,3号线,白云大道北
0100,00168419,地铁,3号线,白云大道北
0100,00168420,地铁,3号线,白云大道北
0100,00168421,地铁,3号线,白云大道北
0100,00168422,地铁,3号线,白云大道北
0100,00168423,地铁,3号线,白云大道北
0100,00168424,地铁,3号线,白云大道北
0100,00168425,地铁,3号线,白云大道北
0100,00168426,地铁,3号线,白云大道北
0100,00168427,地铁,3号线,白云大道北
0100,00168428,地铁,3号线,白云大道北
0100,00168429,地铁,3号线,白云大道北
0100,00168430,地铁,3号线,白云大道北
0100,00168431,地铁,3号线,白云大道北
0100,00168432,地铁,3号线,白云大道北
0100,00168433,地铁,3号线,白云大道北
0100,00168434,地铁,3号线,白云大道北
0100,00168435,地铁,3号线,白云大道北
0100,00168436,地铁,3号线,永泰
0100,00168437,地铁,3号线,永泰
0100,00168438,地铁,3号线,永泰
0100,00168439,地铁,3号线,永泰
0100,00168440,地铁,3号线,永泰
0100,00168441,地铁,3号线,永泰
0100,00168442,地铁,3号线,永泰
0100,00168443,地铁,3号线,永泰
0100,00168444,地铁,3号线,永泰
0100,00168445,地铁,3号线,永泰
0100,00168446,地铁,3号线,永泰
0100,00168447,地铁,3号线,永泰
0100,00168448,地铁,3号线,永泰
0100,00168449,地铁,3号线,永泰
0100,00168450,地铁,3号线,永泰
0100,00168451,地铁,3号线,永泰
0100,00168452,地铁,3号线,永泰
0100,00168453,地铁,3号线,永泰
0100,00168454,地铁,3号线,永泰
0100,00168456,地铁,3号线,永泰
0100,00168457,地铁,3号线,厦滘
0100,00168458,地铁,3号线,厦滘
0100,00168459,地铁,3号线,厦滘
0100,00168460,地铁,3号线,厦滘
0100,00168461,地铁,3号线,厦滘
0100,00168462,地铁,3号线,厦滘
0100,00168463,地铁,3号线,厦滘
0100,00168464,地铁,3号线,厦滘
0100,00168466,地铁,3号线,厦滘
0100,00168467,地铁,3号线,厦滘
0100,00168468,地铁,3号线,厦滘
0100,00168469,地铁,3号线,厦滘
0100,00168470,地铁,3号线,厦滘
0100,00168471,地铁,3号线,厦滘
0100,00168472,地铁,3号线,厦滘
0100,00168473,地铁,14号线,新和
0100,00168474,地铁,14号线,新和
0100,00168475,地铁,14号线,新和
0100,00168476,地铁,14号线,新和
0100,00168477,地铁,14号线,新和
0100,00168478,地铁,14号线,新和
0100,00168479,地铁,14号线,新和
0100,00168480,地铁,14号线,新和
0100,00168481,地铁,14号线,新和
0100,00168482,地铁,14号线,新和
0100,00168483,地铁,14号线,新和
0100,00168484,地铁,14号线,新和
0100,00168485,地铁,14号线,新和
0100,00168486,地铁,14号线,新和
0100,00168487,地铁,14号线,新和
0100,00168488,地铁,14号线,新和
0100,00168489,地铁,14号线,新和
0100,00168490,地铁,14号线,新和
0100,00168491,地铁,14号线,新和
0100,00168492,地铁,14号线,新和
0100,00168493,地铁,14号线,新和
0100,00168494,地铁,14号线,新和
0100,00168495,地铁,14号线,新和
0100,00168496,地铁,14号线,新和
0100,00168497,地铁,14号线,新和
0100,00168498,地铁,14号线,新和
0100,00168499,地铁,14号线,新和
0100,00168500,地铁,14号线,新和
0100,00168501,地铁,14号线,新和
0100,00168502,地铁,14号线,新和
0100,00168503,地铁,14号线,新和
0100,00168504,地铁,14号线,新和
0100,00168505,地铁,14号线,新和
0100,00168506,地铁,14号线,新和
0100,00168507,地铁,14号线,新和
0100,00168508,地铁,14号线,新和
0100,00168509,地铁,14号线,新和
0100,00168510,地铁,14号线,新和
0100,00168511,地铁,14号线,新和
0100,00168512,地铁,14号线,新和
0100,00168513,地铁,14号线,新和
0100,00168514,地铁,14号线,红卫
0100,00168515,地铁,14号线,红卫
0100,00168516,地铁,14号线,红卫
0100,00168517,地铁,14号线,红卫
0100,00168518,地铁,14号线,红卫
0100,00168519,地铁,14号线,红卫
0100,00168520,地铁,14号线,红卫
0100,00168521,地铁,14号线,红卫
0100,00168522,地铁,14号线,红卫
0100,00168523,地铁,14号线,红卫
0100,00168524,地铁,14号线,红卫
0100,00168525,地铁,14号线,红卫
0100,00168526,地铁,14号线,红卫
0100,00168527,地铁,14号线,红卫
0100,00168528,地铁,14号线,红卫
0100,00168529,地铁,14号线,红卫
0100,00168530,地铁,14号线,红卫
0100,00168531,地铁,14号线,红卫
0100,00168532,地铁,14号线,红卫
0100,00168533,地铁,14号线,红卫
0100,00168534,地铁,14号线,红卫
0100,00168535,地铁,14号线,红卫
0100,00168536,地铁,14号线,红卫
0100,00168537,地铁,14号线,红卫
0100,00168538,地铁,14号线,红卫
0100,00168539,地铁,14号线,红卫
0100,00168540,地铁,14号线,红卫
0100,00168541,地铁,14号线,红卫
0100,00168542,地铁,14号线,红卫
0100,00168543,地铁,14号线,红卫
0100,00168544,地铁,14号线,红卫
0100,00168545,地铁,14号线,红卫
0100,00168546,地铁,14号线,红卫
0100,00168547,地铁,14号线,红卫
0100,00168548,地铁,14号线,红卫
0100,00168549,地铁,14号线,红卫
0100,00168550,地铁,14号线,红卫
0100,00168551,地铁,14号线,红卫
0100,00168552,地铁,14号线,红卫
0100,00168553,地铁,14号线,红卫
0100,00168554,地铁,14号线,红卫
0100,00168555,地铁,14号线,红卫
0100,00168556,地铁,14号线,新南
0100,00168557,地铁,14号线,新南
0100,00168558,地铁,14号线,新南
0100,00168559,地铁,14号线,新南
0100,00168560,地铁,14号线,新南
0100,00168561,地铁,14号线,新南
0100,00168562,地铁,14号线,新南
0100,00168563,地铁,14号线,新南
0100,00168564,地铁,14号线,新南
0100,00168565,地铁,14号线,新南
0100,00168566,地铁,14号线,新南
0100,00168567,地铁,14号线,新南
0100,00168568,地铁,14号线,新南
0100,00168569,地铁,14号线,新南
0100,00168570,地铁,14号线,新南
0100,00168571,地铁,14号线,新南
0100,00168572,地铁,14号线,新南
0100,00168573,地铁,14号线,新南
0100,00168574,地铁,14号线,新南
0100,00168575,地铁,14号线,新南
0100,00168576,地铁,14号线,新南
0100,00168577,地铁,14号线,新南
0100,00168578,地铁,14号线,新南
0100,00168579,地铁,14号线,新南
0100,00168580,地铁,14号线,新南
0100,00168581,地铁,14号线,新南
0100,00168582,地铁,14号线,新南
0100,00168583,地铁,14号线,新南
0100,00168584,地铁,14号线,新南
0100,00168585,地铁,14号线,新南
0100,00168586,地铁,14号线,新南
0100,00168587,地铁,14号线,新南
0100,00168588,地铁,14号线,新南
0100,00168589,地铁,14号线,新南
0100,00168590,地铁,14号线,新南
0100,00168591,地铁,14号线,新南
0100,00168592,地铁,14号线,新南
0100,00168593,地铁,14号线,新南
0100,00168594,地铁,14号线,新南
0100,00168595,地铁,14号线,新南
0100,00168596,地铁,14号线,新南
0100,00168597,地铁,14号线,新南
0100,00168598,地铁,14号线,新南
0100,00168599,地铁,14号线,枫下
0100,00168600,地铁,14号线,枫下
0100,00168601,地铁,14号线,枫下
0100,00168602,地铁,14号线,枫下
0100,00168603,地铁,14号线,枫下
0100,00168604,地铁,14号线,枫下
0100,00168605,地铁,14号线,枫下
0100,00168606,地铁,14号线,枫下
0100,00168607,地铁,14号线,枫下
0100,00168608,地铁,14号线,枫下
0100,00168609,地铁,14号线,枫下
0100,00168610,地铁,14号线,枫下
0100,00168611,地铁,14号线,枫下
0100,00168612,地铁,14号线,枫下
0100,00168613,地铁,14号线,枫下
0100,00168614,地铁,14号线,枫下
0100,00168615,地铁,14号线,枫下
0100,00168616,地铁,14号线,枫下
0100,00168617,地铁,14号线,枫下
0100,00168618,地铁,14号线,枫下
0100,00168619,地铁,14号线,枫下
0100,00168620,地铁,14号线,枫下
0100,00168621,地铁,14号线,枫下
0100,00168622,地铁,14号线,枫下
0100,00168623,地铁,14号线,枫下
0100,00168624,地铁,14号线,枫下
0100,00168625,地铁,14号线,枫下
0100,00168626,地铁,14号线,枫下
0100,00168627,地铁,14号线,枫下
0100,00168628,地铁,14号线,枫下
0100,00168629,地铁,14号线,枫下
0100,00168630,地铁,14号线,枫下
0100,00168631,地铁,21号线,镇龙
0100,00168632,地铁,21号线,镇龙
0100,00168633,地铁,21号线,镇龙
0100,00168634,地铁,21号线,镇龙
0100,00168635,地铁,21号线,镇龙
0100,00168636,地铁,21号线,镇龙
0100,00168637,地铁,21号线,镇龙
0100,00168638,地铁,21号线,镇龙
0100,00168639,地铁,14号线,枫下
0100,00168640,地铁,14号线,知识城
0100,00168641,地铁,14号线,知识城
0100,00168642,地铁,14号线,知识城
0100,00168643,地铁,14号线,知识城
0100,00168644,地铁,14号线,知识城
0100,00168645,地铁,14号线,知识城
0100,00168646,地铁,14号线,知识城
0100,00168647,地铁,14号线,知识城
0100,00168648,地铁,14号线,知识城
0100,00168649,地铁,14号线,知识城
0100,00168650,地铁,14号线,知识城
0100,00168651,地铁,14号线,知识城
0100,00168652,地铁,14号线,知识城
0100,00168653,地铁,14号线,知识城
0100,00168654,地铁,14号线,知识城
0100,00168655,地铁,14号线,知识城
0100,00168656,地铁,14号线,知识城
0100,00168657,地铁,14号线,知识城
0100,00168658,地铁,14号线,知识城
0100,00168659,地铁,14号线,知识城
0100,00168660,地铁,14号线,知识城
0100,00168661,地铁,14号线,知识城
0100,00168662,地铁,14号线,知识城
0100,00168663,地铁,14号线,知识城
0100,00168664,地铁,14号线,知识城
0100,00168665,地铁,14号线,知识城
0100,00168666,地铁,14号线,知识城
0100,00168667,地铁,14号线,知识城
0100,00168668,地铁,14号线,知识城
0100,00168669,地铁,14号线,知识城
0100,00168670,地铁,14号线,知识城
0100,00168671,地铁,14号线,知识城
0100,00168672,地铁,14号线,知识城
0100,00168673,地铁,14号线,知识城
0100,00168674,地铁,14号线,知识城
0100,00168675,地铁,14号线,知识城
0100,00168676,地铁,14号线,知识城
0100,00168677,地铁,14号线,知识城
0100,00168678,地铁,14号线,知识城
0100,00168679,地铁,14号线,知识城
0100,00168680,地铁,14号线,知识城
0100,00168681,地铁,14号线,何棠下
0100,00168682,地铁,14号线,何棠下
0100,00168683,地铁,14号线,何棠下
0100,00168684,地铁,14号线,何棠下
0100,00168685,地铁,14号线,何棠下
0100,00168686,地铁,14号线,何棠下
0100,00168687,地铁,14号线,何棠下
0100,00168688,地铁,14号线,何棠下
0100,00168689,地铁,14号线,何棠下
0100,00168690,地铁,14号线,何棠下
0100,00168691,地铁,14号线,何棠下
0100,00168692,地铁,14号线,何棠下
0100,00168693,地铁,14号线,何棠下
0100,00168694,地铁,14号线,何棠下
0100,00168695,地铁,14号线,何棠下
0100,00168696,地铁,14号线,何棠下
0100,00168697,地铁,14号线,何棠下
0100,00168698,地铁,14号线,何棠下
0100,00168699,地铁,14号线,何棠下
0100,00168700,地铁,14号线,何棠下
0100,00168701,地铁,14号线,何棠下
0100,00168702,地铁,14号线,何棠下
0100,00168703,地铁,14号线,何棠下
0100,00168704,地铁,14号线,何棠下
0100,00168705,地铁,14号线,何棠下
0100,00168706,地铁,14号线,何棠下
0100,00168707,地铁,14号线,何棠下
0100,00168708,地铁,14号线,何棠下
0100,00168709,地铁,14号线,何棠下
0100,00168710,地铁,14号线,何棠下
0100,00168711,地铁,14号线,何棠下
0100,00168712,地铁,14号线,何棠下
0100,00168713,地铁,14号线,何棠下
0100,00168714,地铁,14号线,何棠下
0100,00168715,地铁,14号线,何棠下
0100,00168716,地铁,14号线,何棠下
0100,00168717,地铁,14号线,何棠下
0100,00168718,地铁,14号线,何棠下
0100,00168719,地铁,14号线,何棠下
0100,00168720,地铁,14号线,何棠下
0100,00168721,地铁,14号线,何棠下
0100,00168722,地铁,14号线,何棠下
0100,00168723,地铁,14号线,何棠下
0100,00168724,地铁,14号线,旺村
0100,00168725,地铁,14号线,旺村
0100,00168726,地铁,14号线,旺村
0100,00168727,地铁,14号线,旺村
0100,00168728,地铁,14号线,旺村
0100,00168729,地铁,14号线,旺村
0100,00168730,地铁,14号线,旺村
0100,00168731,地铁,14号线,旺村
0100,00168732,地铁,14号线,旺村
0100,00168733,地铁,14号线,旺村
0100,00168734,地铁,14号线,旺村
0100,00168735,地铁,14号线,旺村
0100,00168736,地铁,14号线,旺村
0100,00168737,地铁,14号线,旺村
0100,00168738,地铁,14号线,旺村
0100,00168739,地铁,14号线,旺村
0100,00168740,地铁,14号线,旺村
0100,00168741,地铁,14号线,旺村
0100,00168742,地铁,14号线,旺村
0100,00168743,地铁,14号线,旺村
0100,00168744,地铁,14号线,旺村
0100,00168745,地铁,14号线,旺村
0100,00168746,地铁,14号线,旺村
0100,00168747,地铁,14号线,旺村
0100,00168748,地铁,14号线,旺村
0100,00168749,地铁,14号线,旺村
0100,00168750,地铁,14号线,旺村
0100,00168751,地铁,14号线,旺村
0100,00168752,地铁,14号线,旺村
0100,00168753,地铁,14号线,旺村
0100,00168754,地铁,14号线,旺村
0100,00168755,地铁,14号线,旺村
0100,00168756,地铁,14号线,旺村
0100,00168757,地铁,14号线,旺村
0100,00168758,地铁,14号线,旺村
0100,00168759,地铁,14号线,旺村
0100,00168760,地铁,14号线,旺村
0100,00168761,地铁,14号线,旺村
0100,00168762,地铁,14号线,旺村
0100,00168763,地铁,14号线,旺村
0100,00168764,地铁,14号线,旺村
0100,00168765,地铁,14号线,旺村
0100,00168766,地铁,14号线,旺村
0100,00168767,地铁,14号线,旺村
0100,00168768,地铁,14号线,汤村
0100,00168769,地铁,14号线,汤村
0100,00168770,地铁,14号线,汤村
0100,00168771,地铁,14号线,汤村
0100,00168772,地铁,14号线,汤村
0100,00168773,地铁,14号线,汤村
0100,00168774,地铁,14号线,汤村
0100,00168775,地铁,14号线,汤村
0100,00168776,地铁,14号线,汤村
0100,00168777,地铁,14号线,汤村
0100,00168778,地铁,14号线,汤村
0100,00168779,地铁,14号线,汤村
0100,00168780,地铁,14号线,汤村
0100,00168781,地铁,14号线,汤村
0100,00168782,地铁,14号线,汤村
0100,00168783,地铁,14号线,汤村
0100,00168784,地铁,14号线,汤村
0100,00168785,地铁,14号线,汤村
0100,00168786,地铁,14号线,汤村
0100,00168787,地铁,14号线,汤村
0100,00168788,地铁,14号线,汤村
0100,00168789,地铁,14号线,汤村
0100,00168790,地铁,14号线,汤村
0100,00168791,地铁,14号线,汤村
0100,00168792,地铁,14号线,汤村
0100,00168793,地铁,14号线,汤村
0100,00168794,地铁,14号线,汤村
0100,00168795,地铁,14号线,汤村
0100,00168796,地铁,14号线,汤村
0100,00168797,地铁,14号线,汤村
0100,00168798,地铁,14号线,汤村
0100,00168799,地铁,14号线,汤村
0100,00168800,地铁,14号线,汤村
0100,00168801,地铁,14号线,汤村
0100,00168802,地铁,14号线,汤村
0100,00168803,地铁,14号线,汤村
0100,00168804,地铁,14号线,汤村
0100,00168805,地铁,14号线,汤村
0100,00168806,地铁,14号线,汤村
0100,00168807,地铁,14号线,汤村
0100,00168808,地铁,14号线,汤村
0100,00168809,地铁,14号线,汤村
0100,00168810,地铁,14号线,镇龙北
0100,00168811,地铁,14号线,镇龙北
0100,00168812,地铁,14号线,镇龙北
0100,00168813,地铁,14号线,镇龙北
0100,00168814,地铁,14号线,镇龙北
0100,00168815,地铁,14号线,镇龙北
0100,00168816,地铁,14号线,镇龙北
0100,00168817,地铁,14号线,镇龙北
0100,00168818,地铁,14号线,镇龙北
0100,00168819,地铁,14号线,镇龙北
0100,00168820,地铁,14号线,镇龙北
0100,00168821,地铁,14号线,镇龙北
0100,00168822,地铁,14号线,镇龙北
0100,00168823,地铁,14号线,镇龙北
0100,00168824,地铁,14号线,镇龙北
0100,00168825,地铁,14号线,镇龙北
0100,00168826,地铁,14号线,镇龙北
0100,00168827,地铁,14号线,镇龙北
0100,00168828,地铁,14号线,镇龙北
0100,00168829,地铁,14号线,镇龙北
0100,00168830,地铁,14号线,镇龙北
0100,00168831,地铁,14号线,镇龙北
0100,00168832,地铁,14号线,镇龙北
0100,00168833,地铁,14号线,镇龙北
0100,00168834,地铁,14号线,镇龙北
0100,00168835,地铁,14号线,镇龙北
0100,00168836,地铁,14号线,镇龙北
0100,00168837,地铁,14号线,镇龙北
0100,00168838,地铁,14号线,镇龙北
0100,00168839,地铁,14号线,镇龙北
0100,00168840,地铁,14号线,镇龙北
0100,00168841,地铁,14号线,镇龙北
0100,00168842,地铁,14号线,镇龙北
0100,00168843,地铁,14号线,镇龙北
0100,00168844,地铁,14号线,镇龙北
0100,00168845,地铁,14号线,镇龙北
0100,00168846,地铁,14号线,镇龙北
0100,00168847,地铁,14号线,镇龙北
0100,00168848,地铁,14号线,镇龙北
0100,00168849,地铁,14号线,镇龙北
0100,00168850,地铁,14号线,镇龙北
0100,00168851,地铁,14号线,镇龙北
0100,00168852,地铁,14号线,镇龙北
0100,00168853,地铁,21号线,镇龙
0100,00168854,地铁,21号线,镇龙
0100,00168855,地铁,21号线,镇龙
0100,00168856,地铁,21号线,镇龙
0100,00168857,地铁,21号线,镇龙
0100,00168858,地铁,21号线,镇龙
0100,00168859,地铁,21号线,镇龙
0100,00168860,地铁,21号线,镇龙
0100,00168861,地铁,21号线,镇龙
0100,00168862,地铁,21号线,镇龙
0100,00168863,地铁,21号线,镇龙
0100,00168864,地铁,21号线,镇龙
0100,00168865,地铁,14号线,枫下
0100,00168866,地铁,21号线,镇龙
0100,00168867,地铁,21号线,镇龙
0100,00168868,地铁,21号线,镇龙
0100,00168869,地铁,21号线,镇龙
0100,00168870,地铁,21号线,镇龙
0100,00168871,地铁,21号线,镇龙
0100,00168872,地铁,21号线,镇龙
0100,00168873,地铁,21号线,镇龙
0100,00168874,地铁,21号线,镇龙
0100,00168875,地铁,21号线,镇龙
0100,00168876,地铁,21号线,镇龙
0100,00168877,地铁,21号线,镇龙
0100,00168878,地铁,21号线,镇龙
0100,00168879,地铁,21号线,镇龙
0100,00168880,地铁,21号线,镇龙
0100,00168881,地铁,21号线,镇龙
0100,00168882,地铁,21号线,镇龙
0100,00168883,地铁,21号线,镇龙
0100,00168884,地铁,21号线,镇龙
0100,00168885,地铁,21号线,镇龙
0100,00168886,地铁,21号线,镇龙
0100,00168887,地铁,21号线,镇龙
0100,00168888,地铁,21号线,镇龙
0100,00168889,地铁,21号线,镇龙
0100,00168890,地铁,21号线,镇龙
0100,00168891,地铁,21号线,镇龙
0100,00168892,地铁,21号线,镇龙
0100,00168893,地铁,21号线,镇龙
0100,00168894,地铁,21号线,镇龙
0100,00168895,地铁,21号线,镇龙
0100,00168896,地铁,21号线,镇龙
0100,00168897,地铁,21号线,镇龙
0100,00168898,地铁,21号线,镇龙
0100,00168899,地铁,21号线,镇龙
0100,00168900,地铁,21号线,镇龙
0100,00168901,地铁,21号线,镇龙
0100,00168902,地铁,21号线,镇龙
0100,00168903,地铁,21号线,镇龙
0100,00168904,地铁,21号线,镇龙
0100,00168905,地铁,21号线,镇龙
0100,00168906,地铁,21号线,镇龙
0100,00168907,地铁,21号线,镇龙
0100,00168908,地铁,21号线,镇龙
0100,00168909,地铁,14号线,枫下
0100,00168910,地铁,14号线,枫下
0100,00168911,地铁,14号线,枫下
0100,00168912,地铁,14号线,知识城
0100,00168913,地铁,14号线,知识城
0100,00168914,地铁,14号线,枫下
0100,00168915,地铁,14号线,枫下
0100,00168916,地铁,14号线,枫下
0100,00168917,地铁,21号线,镇龙
0100,00168918,地铁,21号线,镇龙
0100,00168919,地铁,14号线,旺村
0100,00168920,地铁,14号线,旺村
0100,00168921,地铁,14号线,汤村
0100,00168922,地铁,14号线,汤村
0100,00168923,地铁,14号线,新南
0100,00168924,地铁,14号线,新和
0100,00168925,地铁,14号线,何棠下
0100,00168926,地铁,14号线,何棠下
0100,00168927,地铁,14号线,红卫
0100,00168928,地铁,14号线,枫下
0100,00168951,地铁,14号线,枫下
0100,00168952,地铁,14号线,枫下
0100,00168953,地铁,14号线,枫下
0100,00168954,地铁,14号线,新和
0100,00168955,地铁,14号线,红卫
0100,00168956,地铁,14号线,红卫
0100,00168957,地铁,14号线,新南
0100,00168958,地铁,14号线,新南
0100,00168959,地铁,14号线,枫下
0100,00168960,地铁,14号线,枫下
0100,00168961,地铁,14号线,知识城
0100,00168962,地铁,14号线,知识城
0100,00168963,地铁,14号线,何棠下
0100,00168964,地铁,14号线,何棠下
0100,00168965,地铁,14号线,旺村
0100,00168966,地铁,14号线,旺村
0100,00168967,地铁,14号线,汤村
0100,00168968,地铁,14号线,汤村
0100,00168969,地铁,14号线,镇龙北
0100,00168970,地铁,14号线,镇龙北
0100,00168971,地铁,21号线,镇龙
0100,00168972,地铁,21号线,镇龙
0100,00168973,地铁,3号线,同和
0100,00168974,地铁,3号线,同和
0100,00168975,地铁,3号线,京溪南方医院
0100,00168976,地铁,3号线,京溪南方医院
0100,00168977,地铁,3号线,梅花园
0100,00168978,地铁,3号线,燕塘
0100,00168979,地铁,3号线,汉溪长隆
0100,00168980,地铁,3号线,大石
0100,00168982,地铁,3号线,沥滘
0100,00168983,地铁,3号线,沥滘
0100,00168984,地铁,3号线,沥滘
0100,00168985,地铁,3号线,沥滘
0100,00168986,地铁,3号线,沥滘
0100,00168987,地铁,3号线,沥滘
0100,00168988,地铁,3号线,沥滘
0100,00168989,地铁,3号线,沥滘
0100,00168990,地铁,3号线,沥滘
0100,00168991,地铁,3号线,沥滘
0100,00168992,地铁,3号线,大石
0100,00168993,地铁,3号线,大石
0100,00168994,地铁,3号线,厦滘
0100,00168995,地铁,3号线,厦滘
0100,00168996,地铁,3号线,大塘
0100,00168997,地铁,3号线,石牌桥
0100,00168998,地铁,3号线,岗顶
0100,00168999,地铁,3号线,华师
0100,00169000,地铁,3号线,五山
0100,00169001,地铁,9号线,飞鹅岭
0100,00169002,地铁,9号线,花都广场
0100,00169003,地铁,9号线,马鞍山公园
0100,00169004,地铁,7号线,钟村
0100,00169005,地铁,3号线,林和西
0100,00169006,地铁,3号线,林和西
0100,00169007,地铁,3号线,体育西路
0100,00169008,地铁,3号线,体育西路
0100,00169009,地铁,3号线,广州塔
0100,00169010,地铁,3号线,汉溪长隆
0100,00169011,地铁,3号线,市桥
0100,00169012,地铁,3号线,番禺广场
0100,00169013,地铁,3号线,天河客运站
0100,00169014,地铁,3号线,五山
0100,00169016,地铁,3号线,厦滘
0100,00169017,地铁,3号线,厦滘
0100,00169018,地铁,3号线,厦滘
0100,00169019,地铁,3号线,厦滘
0100,00169020,地铁,3号线,厦滘
0100,00169021,地铁,3号线,厦滘
0100,00169022,地铁,3号线,厦滘
0100,00169023,地铁,3号线,厦滘
0100,00169024,地铁,3号线,厦滘
0100,00169025,地铁,3号线,厦滘
0100,00169026,地铁,3号线,厦滘
0100,00169027,地铁,3号线,厦滘
0100,00169028,地铁,3号线,厦滘
0100,00169030,地铁,3号线,大石
0100,00169031,地铁,3号线,大石
0100,00169032,地铁,3号线,大石
0100,00169034,地铁,3号线,大石
0100,00169035,地铁,3号线,大石
0100,00169036,地铁,3号线,大石
0100,00169037,地铁,3号线,大石
0100,00169038,地铁,3号线,大石
0100,00169039,地铁,3号线,大石
0100,00169040,地铁,3号线,大石
0100,00169041,地铁,3号线,大石
0100,00169042,地铁,3号线,大石
0100,00169043,地铁,3号线,大石
0100,00169044,地铁,3号线,大石
0100,00169045,地铁,3号线,大石
0100,00169046,地铁,3号线,大石
0100,00169048,地铁,3号线,大石
0100,00169049,地铁,3号线,大石
0100,00169050,地铁,3号线,大石
0100,00169051,地铁,3号线,大石
0100,00169052,地铁,3号线,大石
0100,00169053,地铁,3号线,大石
0100,00169054,地铁,3号线,大石
0100,00169055,地铁,3号线,大石
0100,00169056,地铁,3号线,大石
0100,00169057,地铁,3号线,大石
0100,00169058,地铁,3号线,大石
0100,00169059,地铁,3号线,大石
0100,00169060,地铁,3号线,大石
0100,00169061,地铁,3号线,大石
0100,00169062,地铁,3号线,大石
0100,00169063,地铁,3号线,大石
0100,00169064,地铁,3号线,大石
0100,00169065,地铁,3号线,大石
0100,00169066,地铁,3号线,大石
0100,00169068,地铁,3号线,华师
0100,00169069,地铁,3号线,岗顶
0100,00169071,地铁,7号线,板桥
0100,00169072,地铁,7号线,板桥
0100,00169073,地铁,7号线,板桥
0100,00169074,地铁,7号线,板桥
0100,00169075,地铁,7号线,板桥
0100,00169076,地铁,7号线,板桥
0100,00169077,地铁,7号线,板桥
0100,00169078,地铁,7号线,板桥
0100,00169079,地铁,7号线,板桥
0100,00169080,地铁,7号线,板桥
0100,00169081,地铁,7号线,板桥
0100,00169082,地铁,7号线,板桥
0100,00169083,地铁,7号线,板桥
0100,00169084,地铁,7号线,板桥
0100,00169085,地铁,7号线,板桥
0100,00169086,地铁,7号线,板桥
0100,00169087,地铁,7号线,板桥
0100,00169088,地铁,7号线,板桥
0100,00169089,地铁,7号线,板桥
0100,00169090,地铁,7号线,板桥
0100,00169091,地铁,7号线,板桥
0100,00169092,地铁,7号线,板桥
0100,00169093,地铁,7号线,板桥
0100,00169094,地铁,7号线,板桥
0100,00169095,地铁,7号线,板桥
0100,00169096,地铁,7号线,板桥
0100,00169097,地铁,7号线,板桥
0100,00169098,地铁,7号线,板桥
0100,00169099,地铁,7号线,大学城南
0100,00169100,地铁,7号线,大学城南
0100,00169101,地铁,7号线,大学城南
0100,00169102,地铁,7号线,大学城南
0100,00169103,地铁,7号线,大学城南
0100,00169104,地铁,7号线,大学城南
0100,00169105,地铁,7号线,大学城南
0100,00169106,地铁,7号线,大学城南
0100,00169107,地铁,7号线,大学城南
0100,00169108,地铁,7号线,大学城南
0100,00169109,地铁,7号线,大学城南
0100,00169110,地铁,7号线,大学城南
0100,00169111,地铁,7号线,大学城南
0100,00169112,地铁,7号线,大学城南
0100,00169113,地铁,7号线,大学城南
0100,00169114,地铁,7号线,大学城南
0100,00169115,地铁,7号线,大学城南
0100,00169116,地铁,7号线,大学城南
0100,00169117,地铁,7号线,大学城南
0100,00169118,地铁,7号线,大学城南
0100,00169119,地铁,7号线,大学城南
0100,00169120,地铁,7号线,大学城南
0100,00169121,地铁,7号线,大学城南
0100,00169122,地铁,7号线,大学城南
0100,00169123,地铁,7号线,大学城南
0100,00169124,地铁,7号线,大学城南
0100,00169125,地铁,7号线,大学城南
0100,00169126,地铁,7号线,大学城南
0100,00169127,地铁,7号线,大学城南
0100,00169128,地铁,3号线,石牌桥
0100,00169129,地铁,3号线,机场南
0100,00169130,地铁,3号线,机场南
0100,00169131,地铁,3号线,龙归
0100,00169132,地铁,3号线,永泰
0100,00169133,地铁,3号线,机场北
0100,00169153,地铁,9号线,花城路
0100,00169154,地铁,3号线,大石
0100,00169155,地铁,3号线,林和西
0100,00169156,地铁,7号线,汉溪长隆
0100,00169157,地铁,7号线,南村万博
0100,00169158,地铁,7号线,员岗
0100,00169159,地铁,7号线,板桥
0100,00169160,地铁,9号线,花城路
0100,00169161,地铁,9号线,花都广场
0100,00169162,地铁,9号线,马鞍山公园
0100,00169163,地铁,7号线,板桥
0100,00169164,地铁,3号线,人和
0100,00169165,地铁,3号线,人和
0100,00169166,地铁,3号线,广州塔
0100,00169167,地铁,3号线,广州塔
0100,00169168,地铁,3号线,广州塔
0100,00169169,地铁,3号线,广州塔
0100,00169170,地铁,3号线,广州塔
0100,00169171,地铁,3号线,广州塔
0100,00169172,地铁,3号线,广州塔
0100,00169173,地铁,3号线,广州塔
0100,00169174,地铁,3号线,广州塔
0100,00169175,地铁,3号线,广州塔
0100,00169176,地铁,3号线,广州塔
0100,00169177,地铁,3号线,广州塔
0100,00169178,地铁,3号线,广州塔
0100,00169180,地铁,APM线,林和西
0100,00169181,地铁,APM线,体育中心南
0100,00169182,地铁,APM线,天河南
0100,00169183,地铁,APM线,黄埔大道
0100,00169184,地铁,APM线,妇儿中心
0100,00169185,地铁,APM线,花城大道
0100,00169186,地铁,APM线,大剧院
0100,00169187,地铁,APM线,海心沙
0100,00169188,地铁,APM线,广州塔
0100,00169189,地铁,3号线,华师
0100,00169190,地铁,3号线,广州塔
0100,00169191,地铁,3号线,广州塔
0100,00169192,地铁,3号线,珠江新城
0100,00169193,地铁,3号线,珠江新城
0100,00169209,地铁,3号线,广州塔
0100,00169210,地铁,3号线,体育西路
0100,00169211,地铁,3号线,广州东站
0100,00169212,地铁,3号线,天河客运站
0100,00169213,地铁,3号线,沥滘
0100,00169246,地铁,9号线,清塘
0100,00169247,地铁,9号线,清塘
0100,00169248,地铁,9号线,清塘
0100,00169249,地铁,9号线,清塘
0100,00169250,地铁,9号线,清塘
0100,00169251,地铁,9号线,清塘
0100,00169252,地铁,9号线,清塘
0100,00169253,地铁,9号线,清塘
0100,00169254,地铁,9号线,清塘
0100,00169255,地铁,9号线,清塘
0100,00169256,地铁,9号线,清塘
0100,00169257,地铁,9号线,清塘
0100,00169258,地铁,9号线,清塘
0100,00169259,地铁,9号线,清塘
0100,00169260,地铁,9号线,清塘
0100,00169261,地铁,9号线,清塘
0100,00169262,地铁,9号线,清塘
0100,00169263,地铁,9号线,清塘
0100,00169264,地铁,9号线,清塘
0100,00169265,地铁,9号线,清塘
0100,00169266,地铁,9号线,清塘
0100,00169267,地铁,9号线,清塘
0100,00169268,地铁,9号线,清塘
0100,00169269,地铁,9号线,清塘
0100,00169270,地铁,9号线,清塘
0100,00169271,地铁,9号线,清塘
0100,00169272,地铁,9号线,清塘
0100,00169273,地铁,9号线,清塘
0100,00169274,地铁,9号线,清塘
0100,00169275,地铁,9号线,清塘
0100,00169276,地铁,9号线,清塘
0100,00169277,地铁,9号线,清塘
0100,00169278,地铁,9号线,清塘
0100,00169279,地铁,9号线,清塘
0100,00169280,地铁,9号线,清塘
0100,00169281,地铁,9号线,清塘
0100,00169282,地铁,9号线,清塘
0100,00169283,地铁,9号线,清塘
0100,00169284,地铁,9号线,清塘
0100,00169285,地铁,9号线,清塘
0100,00169286,地铁,9号线,清塘
0100,00169287,地铁,9号线,清塘
0100,00169288,地铁,9号线,清塘
0100,00169289,地铁,7号线,广州南站
0100,00169290,地铁,7号线,广州南站
0100,00169291,地铁,7号线,广州南站
0100,00169292,地铁,7号线,广州南站
0100,00169293,地铁,7号线,石壁
0100,00169294,地铁,7号线,石壁
0100,00169295,地铁,7号线,石壁
0100,00169296,地铁,7号线,石壁
0100,00169297,地铁,7号线,石壁
0100,00169298,地铁,7号线,石壁
0100,00169299,地铁,7号线,石壁
0100,00169300,地铁,7号线,石壁
0100,00169301,地铁,7号线,谢村
0100,00169302,地铁,7号线,谢村
0100,00169303,地铁,7号线,谢村
0100,00169304,地铁,7号线,谢村
0100,00169305,地铁,7号线,谢村
0100,00169306,地铁,7号线,谢村
0100,00169307,地铁,7号线,谢村
0100,00169308,地铁,7号线,谢村
0100,00169309,地铁,7号线,钟村
0100,00169310,地铁,7号线,钟村
0100,00169311,地铁,7号线,钟村
0100,00169312,地铁,7号线,钟村
0100,00169313,地铁,7号线,钟村
0100,00169314,地铁,7号线,钟村
0100,00169315,地铁,7号线,钟村
0100,00169316,地铁,7号线,钟村
0100,00169317,地铁,7号线,汉溪长隆
0100,00169318,地铁,7号线,汉溪长隆
0100,00169319,地铁,7号线,汉溪长隆
0100,00169320,地铁,7号线,汉溪长隆
0100,00169321,地铁,7号线,汉溪长隆
0100,00169322,地铁,7号线,汉溪长隆
0100,00169323,地铁,7号线,汉溪长隆
0100,00169324,地铁,7号线,汉溪长隆
0100,00169325,地铁,7号线,南村万博
0100,00169326,地铁,7号线,南村万博
0100,00169327,地铁,7号线,南村万博
0100,00169328,地铁,7号线,南村万博
0100,00169329,地铁,7号线,南村万博
0100,00169330,地铁,7号线,南村万博
0100,00169331,地铁,7号线,南村万博
0100,00169332,地铁,7号线,南村万博
0100,00169333,地铁,7号线,员岗
0100,00169334,地铁,7号线,员岗
0100,00169335,地铁,7号线,员岗
0100,00169336,地铁,7号线,员岗
0100,00169337,地铁,7号线,员岗
0100,00169338,地铁,7号线,员岗
0100,00169339,地铁,7号线,员岗
0100,00169340,地铁,7号线,员岗
0100,00169341,地铁,7号线,板桥
0100,00169342,地铁,7号线,板桥
0100,00169343,地铁,7号线,板桥
0100,00169344,地铁,7号线,板桥
0100,00169345,地铁,7号线,板桥
0100,00169346,地铁,7号线,板桥
0100,00169347,地铁,7号线,板桥
0100,00169348,地铁,7号线,板桥
0100,00169349,地铁,7号线,大学城南
0100,00169350,地铁,7号线,大学城南
0100,00169351,地铁,7号线,大学城南
0100,00169352,地铁,7号线,大学城南
0100,00169353,地铁,7号线,大学城南
0100,00169354,地铁,7号线,大学城南
0100,00169355,地铁,7号线,大学城南
0100,00169356,地铁,7号线,大学城南
0100,00169357,地铁,APM线,林和西
0100,00169358,地铁,APM线,林和西
0100,00169359,地铁,APM线,林和西
0100,00169360,地铁,APM线,林和西
0100,00169361,地铁,APM线,林和西
0100,00169362,地铁,APM线,林和西
0100,00169363,地铁,APM线,林和西
0100,00169364,地铁,APM线,体育中心南
0100,00169365,地铁,APM线,体育中心南
0100,00169366,地铁,APM线,体育中心南
0100,00169367,地铁,APM线,体育中心南
0100,00169368,地铁,APM线,体育中心南
0100,00169369,地铁,APM线,体育中心南
0100,00169370,地铁,APM线,天河南
0100,00169371,地铁,APM线,天河南
0100,00169372,地铁,APM线,天河南
0100,00169373,地铁,APM线,天河南
0100,00169374,地铁,APM线,天河南
0100,00169375,地铁,APM线,天河南
0100,00169376,地铁,APM线,天河南
0100,00169377,地铁,APM线,天河南
0100,00169378,地铁,APM线,天河南
0100,00169379,地铁,APM线,黄埔大道
0100,00169380,地铁,APM线,黄埔大道
0100,00169381,地铁,APM线,黄埔大道
0100,00169382,地铁,APM线,黄埔大道
0100,00169383,地铁,APM线,黄埔大道
0100,00169384,地铁,APM线,黄埔大道
0100,00169385,地铁,APM线,黄埔大道
0100,00169386,地铁,APM线,黄埔大道
0100,00169387,地铁,APM线,妇儿中心
0100,00169388,地铁,APM线,妇儿中心
0100,00169389,地铁,APM线,妇儿中心
0100,00169390,地铁,APM线,妇儿中心
0100,00169391,地铁,APM线,妇儿中心
0100,00169392,地铁,APM线,妇儿中心
0100,00169393,地铁,APM线,妇儿中心
0100,00169394,地铁,APM线,妇儿中心
0100,00169395,地铁,APM线,花城大道
0100,00169396,地铁,APM线,花城大道
0100,00169397,地铁,APM线,花城大道
0100,00169398,地铁,APM线,花城大道
0100,00169399,地铁,APM线,花城大道
0100,00169400,地铁,APM线,花城大道
0100,00169401,地铁,APM线,花城大道
0100,00169402,地铁,APM线,花城大道
0100,00169403,地铁,APM线,花城大道
0100,00169404,地铁,APM线,大剧院
0100,00169405,地铁,APM线,大剧院
0100,00169406,地铁,APM线,大剧院
0100,00169407,地铁,APM线,大剧院
0100,00169408,地铁,APM线,大剧院
0100,00169409,地铁,APM线,大剧院
0100,00169410,地铁,APM线,大剧院
0100,00169411,地铁,APM线,海心沙
0100,00169412,地铁,APM线,海心沙
0100,00169413,地铁,APM线,海心沙
0100,00169414,地铁,APM线,海心沙
0100,00169415,地铁,APM线,海心沙
0100,00169416,地铁,APM线,海心沙
0100,00169417,地铁,APM线,广州塔
0100,00169418,地铁,APM线,广州塔
0100,00169419,地铁,APM线,广州塔
0100,00169420,地铁,APM线,广州塔
0100,00169421,地铁,APM线,广州塔
0100,00169422,地铁,APM线,广州塔
0100,00192442,地铁,APM线,广州塔
0100,00192443,地铁,APM线,广州塔
0100,00192444,地铁,APM线,广州塔
0100,00192445,地铁,APM线,广州塔
0100,00192446,地铁,APM线,广州塔
0100,00192459,地铁,APM线,广州塔
0100,00192463,地铁,3号线,燕塘
0100,00192464,地铁,3号线,燕塘
0100,00192465,地铁,3号线,燕塘
0100,00192466,地铁,3号线,燕塘
0100,00192467,地铁,5号线,珠江新城
0100,00192468,地铁,5号线,珠江新城
0100,00192469,地铁,5号线,珠江新城
0100,00192470,地铁,3号线,天河客运站
0100,00192471,地铁,3号线,燕塘
0100,00192472,地铁,3号线,燕塘
0100,00192473,地铁,3号线,燕塘
0100,00192474,地铁,3号线,燕塘
0100,00192475,地铁,3号线,燕塘
0100,00192476,地铁,3号线,燕塘
0100,00192477,地铁,3号线,燕塘
0100,00192478,地铁,7号线,深井
0100,00192479,地铁,3号线,燕塘
0100,00192480,地铁,3号线,燕塘
0100,00192481,地铁,3号线,燕塘
0100,00192482,地铁,3号线,燕塘
0100,00192483,地铁,3号线,梅花园
0100,00192484,地铁,3号线,梅花园
0100,00192485,地铁,3号线,梅花园
0100,00192486,地铁,3号线,梅花园
0100,00192487,地铁,3号线,梅花园
0100,00192488,地铁,3号线,梅花园
0100,00192489,地铁,3号线,梅花园
0100,00192490,地铁,3号线,梅花园
0100,00192491,地铁,3号线,京溪南方医院
0100,00192492,地铁,3号线,京溪南方医院
0100,00192493,地铁,3号线,京溪南方医院
0100,00192494,地铁,3号线,京溪南方医院
0100,00192495,地铁,3号线,京溪南方医院
0100,00192496,地铁,3号线,京溪南方医院
0100,00192497,地铁,3号线,京溪南方医院
0100,00192498,地铁,3号线,京溪南方医院
0100,00192499,地铁,3号线,同和
0100,00192500,地铁,3号线,同和
0100,00192501,地铁,3号线,同和
0100,00192502,地铁,3号线,同和
0100,00192503,地铁,3号线,同和
0100,00192504,地铁,3号线,同和
0100,00192505,地铁,3号线,同和
0100,00192506,地铁,3号线,同和
0100,00192507,地铁,3号线,同和
0100,00192508,地铁,3号线,同和
0100,00192509,地铁,3号线,同和
0100,00192510,地铁,3号线,同和
0100,00192511,地铁,3号线,同和
0100,00192512,地铁,3号线,同和
0100,00192513,地铁,3号线,同和
0100,00192514,地铁,3号线,同和
0100,00192515,地铁,3号线,龙归
0100,00192516,地铁,3号线,龙归
0100,00192517,地铁,3号线,龙归
0100,00192518,地铁,3号线,龙归
0100,00192519,地铁,3号线,龙归
0100,00192520,地铁,3号线,龙归
0100,00192521,地铁,3号线,龙归
0100,00192522,地铁,3号线,龙归
0100,00192523,地铁,3号线,龙归
0100,00192524,地铁,3号线,龙归
0100,00192525,地铁,3号线,龙归
0100,00192526,地铁,3号线,龙归
0100,00192527,地铁,3号线,白云大道北
0100,00192528,地铁,3号线,白云大道北
0100,00192529,地铁,3号线,白云大道北
0100,00192530,地铁,3号线,白云大道北
0100,00192531,地铁,3号线,白云大道北
0100,00192532,地铁,3号线,白云大道北
0100,00192533,地铁,3号线,白云大道北
0100,00192534,地铁,3号线,白云大道北
0100,00192535,地铁,3号线,白云大道北
0100,00192536,地铁,3号线,白云大道北
0100,00192537,地铁,3号线,白云大道北
0100,00192538,地铁,3号线,白云大道北
0100,00192539,地铁,3号线,白云大道北
0100,00192540,地铁,3号线,白云大道北
0100,00192541,地铁,3号线,白云大道北
0100,00192542,地铁,3号线,白云大道北
0100,00192543,地铁,3号线,人和
0100,00192544,地铁,3号线,人和
0100,00192545,地铁,3号线,人和
0100,00192546,地铁,3号线,人和
0100,00192547,地铁,3号线,人和
0100,00192548,地铁,3号线,人和
0100,00192549,地铁,3号线,人和
0100,00192550,地铁,3号线,人和
0100,00192551,地铁,3号线,人和
0100,00192552,地铁,3号线,人和
0100,00192553,地铁,3号线,人和
0100,00192554,地铁,3号线,人和
0100,00192555,地铁,3号线,机场南
0100,00192556,地铁,3号线,机场南
0100,00192557,地铁,3号线,机场南
0100,00192558,地铁,3号线,机场南
0100,00192559,地铁,3号线,机场南
0100,00192560,地铁,3号线,机场南
0100,00192561,地铁,3号线,机场南
0100,00192562,地铁,3号线,机场南
0100,00192563,地铁,APM线,林和西
0100,00192564,地铁,APM线,林和西
0100,00192565,地铁,APM线,林和西
0100,00192566,地铁,APM线,林和西
0100,00192567,地铁,3号线,机场南
0100,00192568,地铁,3号线,机场南
0100,00192569,地铁,3号线,机场南
0100,00192570,地铁,3号线,机场南
0100,00192571,地铁,3号线,机场南
0100,00192572,地铁,3号线,机场南
0100,00192573,地铁,3号线,机场南
0100,00192574,地铁,3号线,机场南
0100,00192575,地铁,3号线,白云大道北
0100,00192576,地铁,3号线,大塘
0100,00192577,地铁,3号线,机场北
0100,00192578,地铁,3号线,机场北
0100,00192579,地铁,3号线,机场北
0100,00192580,地铁,3号线,机场北
0100,00192581,地铁,3号线,机场北
0100,00192582,地铁,3号线,机场北
0100,00192583,地铁,3号线,机场北
0100,00192584,地铁,3号线,机场北
0100,00192585,地铁,3号线,机场北
0100,00192586,地铁,3号线,机场北
0100,00192587,地铁,3号线,机场北
0100,00192588,地铁,3号线,机场北
0100,00192589,地铁,3号线,机场北
0100,00192590,地铁,3号线,机场北
0100,00192591,地铁,3号线,机场北
0100,00192592,地铁,3号线,机场北
0100,00192593,地铁,3号线,机场北
0100,00192594,地铁,3号线,机场北
0100,00192595,地铁,3号线,机场北
0100,00192596,地铁,3号线,机场北
0100,00192597,地铁,3号线,机场北
0100,00192598,地铁,3号线,机场北
0100,00192599,地铁,3号线,机场北
0100,00192600,地铁,3号线,机场北
0100,00192601,地铁,3号线,机场北
0100,00192602,地铁,3号线,机场北
0100,00192603,地铁,3号线,机场北
0100,00192604,地铁,3号线,机场北
0100,00192605,地铁,3号线,机场北
0100,00192606,地铁,3号线,机场北
0100,00192607,地铁,3号线,机场北
0100,00192608,地铁,3号线,机场北
0100,00192609,地铁,3号线,体育西路
0100,00192610,地铁,3号线,体育西路
0100,00192611,地铁,3号线,体育西路
0100,00192612,地铁,3号线,体育西路
0100,00192613,地铁,3号线,体育西路
0100,00192614,地铁,3号线,体育西路
0100,00192615,地铁,3号线,体育西路
0100,00192616,地铁,3号线,体育西路
0100,00192617,地铁,3号线,体育西路
0100,00192618,地铁,3号线,体育西路
0100,00192619,地铁,3号线,体育西路
0100,00192621,地铁,3号线,市桥
0100,00192622,地铁,3号线,番禺广场
0100,00192679,地铁,3号线,天河客运站
0100,00192680,地铁,3号线,天河客运站
0100,00192681,地铁,3号线,天河客运站
0100,00192682,地铁,3号线,天河客运站
0100,00192684,地铁,3号线,岗顶
0100,00192685,地铁,3号线,岗顶
0100,00192686,地铁,3号线,岗顶
0100,00192687,地铁,3号线,岗顶
0100,00192688,地铁,3号线,岗顶
0100,00192689,地铁,3号线,岗顶
0100,00192690,地铁,3号线,岗顶
0100,00192691,地铁,3号线,岗顶
0100,00192692,地铁,1号线,西塱
0100,00192693,地铁,1号线,西塱
0100,00192695,地铁,1号线,西塱
0100,00192696,地铁,广佛线,西塱
0100,00192697,地铁,广佛线,西塱
0100,00192698,地铁,广佛线,西塱
0100,00192699,地铁,广佛线,西塱
0100,00192700,地铁,1号线,西塱
0100,00192701,地铁,1号线,西塱
0100,00192702,地铁,1号线,西塱
0100,00192703,地铁,1号线,西塱
0100,00192704,地铁,1号线,坑口
0100,00192705,地铁,1号线,坑口
0100,00192706,地铁,1号线,坑口
0100,00192707,地铁,1号线,坑口
0100,00192708,地铁,1号线,坑口
0100,00192709,地铁,1号线,坑口
0100,00192710,地铁,1号线,坑口
0100,00192711,地铁,1号线,坑口
0100,00192712,地铁,1号线,坑口
0100,00192713,地铁,1号线,坑口
0100,00192714,地铁,1号线,坑口
0100,00192715,地铁,1号线,坑口
0100,00192716,地铁,1号线,坑口
0100,00192717,地铁,1号线,坑口
0100,00192718,地铁,1号线,坑口
0100,00192719,地铁,1号线,坑口
0100,00192720,地铁,1号线,坑口
0100,00192721,地铁,1号线,坑口
0100,00192722,地铁,1号线,坑口
0100,00192723,地铁,1号线,坑口
0100,00192724,地铁,1号线,坑口
0100,00192725,地铁,1号线,坑口
0100,00192726,地铁,1号线,坑口
0100,00192728,地铁,1号线,花地湾
0100,00192729,地铁,1号线,花地湾
0100,00192730,地铁,1号线,花地湾
0100,00192731,地铁,1号线,花地湾
0100,00192732,地铁,1号线,花地湾
0100,00192733,地铁,1号线,花地湾
0100,00192734,地铁,1号线,花地湾
0100,00192735,地铁,1号线,花地湾
0100,00192736,地铁,1号线,花地湾
0100,00192737,地铁,1号线,花地湾
0100,00192738,地铁,1号线,花地湾
0100,00192739,地铁,1号线,花地湾
0100,00192741,地铁,1号线,花地湾
0100,00192742,地铁,1号线,花地湾
0100,00192743,地铁,1号线,花地湾
0100,00192744,地铁,1号线,芳村
0100,00192745,地铁,1号线,芳村
0100,00192747,地铁,1号线,芳村
0100,00192748,地铁,1号线,芳村
0100,00192749,地铁,1号线,芳村
0100,00192750,地铁,1号线,芳村
0100,00192751,地铁,1号线,芳村
0100,00192752,地铁,1号线,芳村
0100,00192753,地铁,1号线,芳村
0100,00192754,地铁,1号线,芳村
0100,00192755,地铁,1号线,芳村
0100,00192756,地铁,1号线,芳村
0100,00192757,地铁,1号线,芳村
0100,00192758,地铁,1号线,芳村
0100,00192759,地铁,1号线,芳村
0100,00192760,地铁,1号线,黄沙
0100,00192761,地铁,1号线,黄沙
0100,00192762,地铁,1号线,黄沙
0100,00192763,地铁,1号线,黄沙
0100,00192764,地铁,1号线,黄沙
0100,00192765,地铁,1号线,黄沙
0100,00192766,地铁,1号线,黄沙
0100,00192767,地铁,1号线,黄沙
0100,00192768,地铁,1号线,黄沙
0100,00192769,地铁,1号线,黄沙
0100,00192770,地铁,1号线,长寿路
0100,00192771,地铁,1号线,长寿路
0100,00192772,地铁,1号线,长寿路
0100,00192773,地铁,1号线,长寿路
0100,00192774,地铁,1号线,长寿路
0100,00192775,地铁,1号线,长寿路
0100,00192776,地铁,1号线,长寿路
0100,00192777,地铁,1号线,长寿路
0100,00192778,地铁,1号线,陈家祠
0100,00192779,地铁,1号线,陈家祠
0100,00192780,地铁,1号线,陈家祠
0100,00192781,地铁,1号线,陈家祠
0100,00192782,地铁,1号线,陈家祠
0100,00192783,地铁,1号线,陈家祠
0100,00192784,地铁,1号线,陈家祠
0100,00192785,地铁,1号线,陈家祠
0100,00192786,地铁,1号线,西门口
0100,00192787,地铁,1号线,西门口
0100,00192788,地铁,1号线,西门口
0100,00192789,地铁,1号线,西门口
0100,00192790,地铁,1号线,西门口
0100,00192791,地铁,1号线,西门口
0100,00192792,地铁,1号线,西门口
0100,00192793,地铁,1号线,西门口
0100,00192794,地铁,1号线,公园前
0100,00192795,地铁,1号线,公园前
0100,00192796,地铁,1号线,公园前
0100,00192797,地铁,1号线,公园前
0100,00192798,地铁,1号线,公园前
0100,00192799,地铁,1号线,公园前
0100,00192800,地铁,1号线,公园前
0100,00192801,地铁,1号线,公园前
0100,00192802,地铁,1号线,公园前
0100,00192803,地铁,1号线,公园前
0100,00192804,地铁,1号线,公园前
0100,00192805,地铁,1号线,公园前
0100,00192806,地铁,1号线,公园前
0100,00192807,地铁,1号线,公园前
0100,00192808,地铁,1号线,公园前
0100,00192809,地铁,1号线,公园前
0100,00192810,地铁,1号线,公园前
0100,00192811,地铁,1号线,公园前
0100,00192812,地铁,1号线,公园前
0100,00192813,地铁,1号线,公园前
0100,00192814,地铁,1号线,公园前
0100,00192815,地铁,1号线,公园前
0100,00192816,地铁,1号线,公园前
0100,00192817,地铁,1号线,公园前
0100,00192818,地铁,1号线,公园前
0100,00192819,地铁,1号线,公园前
0100,00192820,地铁,1号线,公园前
0100,00192821,地铁,1号线,公园前
0100,00192822,地铁,1号线,农讲所
0100,00192823,地铁,1号线,农讲所
0100,00192824,地铁,1号线,农讲所
0100,00192825,地铁,1号线,农讲所
0100,00192826,地铁,1号线,农讲所
0100,00192827,地铁,1号线,农讲所
0100,00192828,地铁,1号线,农讲所
0100,00192829,地铁,1号线,农讲所
0100,00192830,地铁,1号线,烈士陵园
0100,00192831,地铁,1号线,烈士陵园
0100,00192832,地铁,1号线,烈士陵园
0100,00192833,地铁,1号线,烈士陵园
0100,00192834,地铁,1号线,烈士陵园
0100,00192835,地铁,1号线,烈士陵园
0100,00192836,地铁,1号线,烈士陵园
0100,00192837,地铁,1号线,烈士陵园
0100,00192838,地铁,1号线,东山口
0100,00192839,地铁,1号线,东山口
0100,00192840,地铁,1号线,东山口
0100,00192841,地铁,1号线,东山口
0100,00192842,地铁,1号线,东山口
0100,00192843,地铁,1号线,东山口
0100,00192844,地铁,1号线,东山口
0100,00192845,地铁,1号线,东山口
0100,00192846,地铁,1号线,杨箕
0100,00192847,地铁,1号线,杨箕
0100,00192848,地铁,1号线,杨箕
0100,00192849,地铁,1号线,杨箕
0100,00192850,地铁,1号线,杨箕
0100,00192851,地铁,1号线,杨箕
0100,00192852,地铁,1号线,杨箕
0100,00192853,地铁,1号线,杨箕
0100,00192854,地铁,1号线,杨箕
0100,00192855,地铁,1号线,杨箕
0100,00192856,地铁,1号线,体育西路
0100,00192857,地铁,1号线,体育西路
0100,00192858,地铁,1号线,体育西路
0100,00192859,地铁,1号线,体育西路
0100,00192860,地铁,1号线,体育中心
0100,00192861,地铁,1号线,体育中心
0100,00192862,地铁,1号线,体育中心
0100,00192863,地铁,1号线,体育中心
0100,00192864,地铁,1号线,体育中心
0100,00192865,地铁,1号线,体育中心
0100,00192866,地铁,1号线,体育中心
0100,00192867,地铁,1号线,体育中心
0100,00192868,地铁,1号线,广州东站
0100,00192869,地铁,1号线,广州东站
0100,00192870,地铁,1号线,广州东站
0100,00192871,地铁,1号线,广州东站
0100,00192872,地铁,1号线,广州东站
0100,00192873,地铁,1号线,广州东站
0100,00192874,地铁,1号线,广州东站
0100,00192875,地铁,1号线,广州东站
0100,00192876,地铁,广佛线,魁奇路
0100,00192877,地铁,广佛线,魁奇路
0100,00192878,地铁,广佛线,魁奇路
0100,00192879,地铁,广佛线,魁奇路
0100,00192880,地铁,广佛线,魁奇路
0100,00192881,地铁,广佛线,魁奇路
0100,00192882,地铁,广佛线,魁奇路
0100,00192883,地铁,广佛线,魁奇路
0100,00192884,地铁,广佛线,季华园
0100,00192885,地铁,广佛线,季华园
0100,00192886,地铁,广佛线,季华园
0100,00192887,地铁,广佛线,季华园
0100,00192888,地铁,广佛线,季华园
0100,00192889,地铁,广佛线,季华园
0100,00192890,地铁,广佛线,季华园
0100,00192891,地铁,广佛线,季华园
0100,00192892,地铁,广佛线,同济路
0100,00192893,地铁,广佛线,同济路
0100,00192894,地铁,广佛线,同济路
0100,00192895,地铁,广佛线,同济路
0100,00192896,地铁,广佛线,同济路
0100,00192897,地铁,广佛线,同济路
0100,00192898,地铁,广佛线,同济路
0100,00192899,地铁,广佛线,同济路
0100,00192900,地铁,广佛线,祖庙
0100,00192901,地铁,广佛线,祖庙
0100,00192902,地铁,广佛线,祖庙
0100,00192903,地铁,广佛线,祖庙
0100,00192904,地铁,广佛线,祖庙
0100,00192905,地铁,广佛线,祖庙
0100,00192906,地铁,广佛线,祖庙
0100,00192907,地铁,广佛线,祖庙
0100,00192908,地铁,广佛线,普君北路
0100,00192909,地铁,广佛线,普君北路
0100,00192910,地铁,广佛线,普君北路
0100,00192911,地铁,广佛线,普君北路
0100,00192912,地铁,广佛线,普君北路
0100,00192913,地铁,广佛线,普君北路
0100,00192914,地铁,广佛线,普君北路
0100,00192915,地铁,广佛线,普君北路
0100,00192916,地铁,广佛线,朝安
0100,00192917,地铁,广佛线,朝安
0100,00192918,地铁,广佛线,朝安
0100,00192919,地铁,广佛线,朝安
0100,00192920,地铁,广佛线,朝安
0100,00192921,地铁,广佛线,朝安
0100,00192922,地铁,广佛线,朝安
0100,00192923,地铁,广佛线,朝安
0100,00192924,地铁,广佛线,桂城
0100,00192925,地铁,广佛线,桂城
0100,00192926,地铁,广佛线,桂城
0100,00192927,地铁,广佛线,桂城
0100,00192928,地铁,广佛线,桂城
0100,00192929,地铁,广佛线,桂城
0100,00192930,地铁,广佛线,桂城
0100,00192931,地铁,广佛线,桂城
0100,00192932,地铁,广佛线,南桂路
0100,00192933,地铁,广佛线,南桂路
0100,00192934,地铁,广佛线,南桂路
0100,00192935,地铁,广佛线,南桂路
0100,00192936,地铁,广佛线,南桂路
0100,00192937,地铁,广佛线,南桂路
0100,00192938,地铁,广佛线,南桂路
0100,00192939,地铁,广佛线,南桂路
0100,00192940,地铁,广佛线,𧒽岗
0100,00192941,地铁,广佛线,𧒽岗
0100,00192942,地铁,广佛线,𧒽岗
0100,00192943,地铁,广佛线,𧒽岗
0100,00192944,地铁,广佛线,𧒽岗
0100,00192945,地铁,广佛线,𧒽岗
0100,00192946,地铁,广佛线,𧒽岗
0100,00192947,地铁,广佛线,𧒽岗
0100,00192948,地铁,广佛线,千灯湖
0100,00192949,地铁,广佛线,千灯湖
0100,00192950,地铁,广佛线,千灯湖
0100,00192951,地铁,广佛线,千灯湖
0100,00192952,地铁,广佛线,千灯湖
0100,00192953,地铁,广佛线,千灯湖
0100,00192954,地铁,广佛线,千灯湖
0100,00192955,地铁,广佛线,千灯湖
0100,00192956,地铁,广佛线,金融高新区
0100,00192957,地铁,广佛线,金融高新区
0100,00192958,地铁,广佛线,金融高新区
0100,00192959,地铁,广佛线,金融高新区
0100,00192960,地铁,广佛线,金融高新区
0100,00192961,地铁,广佛线,金融高新区
0100,00192962,地铁,广佛线,金融高新区
0100,00192963,地铁,广佛线,金融高新区
0100,00192964,地铁,广佛线,龙溪
0100,00192965,地铁,广佛线,龙溪
0100,00192966,地铁,广佛线,龙溪
0100,00192967,地铁,广佛线,龙溪
0100,00192968,地铁,广佛线,龙溪
0100,00192969,地铁,广佛线,龙溪
0100,00192970,地铁,广佛线,龙溪
0100,00192971,地铁,广佛线,龙溪
0100,00192972,地铁,广佛线,菊树
0100,00192973,地铁,广佛线,菊树
0100,00192974,地铁,广佛线,菊树
0100,00192975,地铁,广佛线,菊树
0100,00192976,地铁,广佛线,菊树
0100,00192977,地铁,广佛线,菊树
0100,00192978,地铁,广佛线,菊树
0100,00192980,地铁,广佛线,西塱
0100,00192981,地铁,广佛线,西塱
0100,00192982,地铁,广佛线,西塱
0100,00192983,地铁,广佛线,西塱
0100,00192984,地铁,广佛线,西塱
0100,00192987,地铁,广佛线,西塱
0100,00192989,地铁,广佛线,西塱
0100,00192990,地铁,广佛线,西塱
0100,00192992,地铁,广佛线,鹤洞
0100,00192993,地铁,广佛线,鹤洞
0100,00192994,地铁,广佛线,鹤洞
0100,00192995,地铁,广佛线,鹤洞
0100,00192996,地铁,广佛线,鹤洞
0100,00192997,地铁,广佛线,鹤洞
0100,00192998,地铁,广佛线,鹤洞
0100,00192999,地铁,广佛线,鹤洞
0100,00193000,地铁,广佛线,沙涌
0100,00193001,地铁,广佛线,沙涌
0100,00193002,地铁,广佛线,沙涌
0100,00193003,地铁,广佛线,沙涌
0100,00193004,地铁,广佛线,沙涌
0100,00193005,地铁,广佛线,沙涌
0100,00193006,地铁,广佛线,沙涌
0100,00193007,地铁,广佛线,沙涌
0100,00193008,地铁,广佛线,燕岗
0100,00193009,地铁,广佛线,燕岗
0100,00193010,地铁,广佛线,燕岗
0100,00193011,地铁,广佛线,燕岗
0100,00193012,地铁,广佛线,燕岗
0100,00193013,地铁,广佛线,燕岗
0100,00193014,地铁,广佛线,燕岗
0100,00193015,地铁,广佛线,燕岗
0100,00193016,地铁,广佛线,澜石
0100,00193017,地铁,广佛线,澜石
0100,00193018,地铁,广佛线,澜石
0100,00193019,地铁,广佛线,澜石
0100,00193020,地铁,广佛线,澜石
0100,00193021,地铁,广佛线,澜石
0100,00193022,地铁,广佛线,澜石
0100,00193023,地铁,广佛线,澜石
0100,00193024,地铁,广佛线,世纪莲
0100,00193025,地铁,广佛线,世纪莲
0100,00193026,地铁,广佛线,世纪莲
0100,00193027,地铁,广佛线,世纪莲
0100,00193028,地铁,广佛线,世纪莲
0100,00193029,地铁,广佛线,世纪莲
0100,00193030,地铁,广佛线,世纪莲
0100,00193031,地铁,广佛线,世纪莲
0100,00193032,地铁,广佛线,东平
0100,00193033,地铁,广佛线,东平
0100,00193034,地铁,广佛线,东平
0100,00193035,地铁,广佛线,东平
0100,00193036,地铁,广佛线,东平
0100,00193037,地铁,广佛线,东平
0100,00193038,地铁,广佛线,东平
0100,00193039,地铁,广佛线,东平
0100,00193040,地铁,广佛线,新城东
0100,00193041,地铁,广佛线,新城东
0100,00193042,地铁,广佛线,新城东
0100,00193043,地铁,广佛线,新城东
0100,00193044,地铁,广佛线,新城东
0100,00193045,地铁,广佛线,新城东
0100,00193046,地铁,广佛线,新城东
0100,00193047,地铁,广佛线,新城东
0100,00193048,地铁,1号线,体育西路
0100,00193049,地铁,1号线,体育西路
0100,00193050,地铁,1号线,体育西路
0100,00193051,地铁,1号线,体育西路
0100,00193052,地铁,1号线,体育西路
0100,00193053,地铁,1号线,体育西路
0100,00193054,地铁,1号线,体育西路
0100,00193055,地铁,1号线,体育西路
0100,00193056,地铁,1号线,体育西路
0100,00193057,地铁,1号线,体育西路
0100,00193058,地铁,1号线,体育西路
0100,00193059,地铁,1号线,体育西路
0100,00193060,地铁,1号线,体育西路
0100,00193061,地铁,1号线,体育西路
0100,00193062,地铁,1号线,体育西路
0100,00193063,地铁,1号线,体育西路
0100,00193064,地铁,1号线,体育西路
0100,00193065,地铁,1号线,体育西路
0100,00193066,地铁,1号线,体育西路
0100,00193067,地铁,1号线,体育西路
0100,00193068,地铁,1号线,体育西路
0100,00193069,地铁,1号线,体育西路
0100,00193070,地铁,1号线,体育西路
0100,00193071,地铁,1号线,体育西路
0100,00193072,地铁,1号线,西塱
0100,00193073,地铁,1号线,西塱
0100,00193074,地铁,1号线,西塱
0100,00193075,地铁,1号线,西塱
0100,00193076,地铁,1号线,西塱
0100,00193077,地铁,1号线,西塱
0100,00193078,地铁,1号线,西塱
0100,00193079,地铁,1号线,西塱
0100,00193080,地铁,1号线,西塱
0100,00193081,地铁,1号线,西塱
0100,00193082,地铁,1号线,西塱
0100,00193083,地铁,1号线,西塱
0100,00193084,地铁,1号线,西塱
0100,00193085,地铁,1号线,西塱
0100,00193086,地铁,1号线,西塱
0100,00193087,地铁,1号线,西塱
0100,00193088,地铁,1号线,西塱
0100,00193089,地铁,1号线,西塱
0100,00193090,地铁,1号线,西塱
0100,00193091,地铁,1号线,西塱
0100,00193092,地铁,1号线,西塱
0100,00193093,地铁,1号线,西塱
0100,00193094,地铁,1号线,西塱
0100,00193095,地铁,1号线,西塱
0100,00193096,地铁,1号线,坑口
0100,00193097,地铁,1号线,坑口
0100,00193098,地铁,1号线,坑口
0100,00193099,地铁,1号线,坑口
0100,00193100,地铁,1号线,坑口
0100,00193101,地铁,1号线,坑口
0100,00193102,地铁,1号线,坑口
0100,00193103,地铁,1号线,坑口
0100,00193104,地铁,1号线,坑口
0100,00193105,地铁,1号线,坑口
0100,00193106,地铁,1号线,坑口
0100,00193107,地铁,1号线,坑口
0100,00193108,地铁,1号线,坑口
0100,00193109,地铁,1号线,坑口
0100,00193110,地铁,1号线,坑口
0100,00193111,地铁,1号线,坑口
0100,00193112,地铁,1号线,坑口
0100,00193113,地铁,1号线,坑口
0100,00193114,地铁,1号线,坑口
0100,00193115,地铁,1号线,坑口
0100,00193116,地铁,1号线,坑口
0100,00193117,地铁,1号线,坑口
0100,00193118,地铁,1号线,坑口
0100,00193119,地铁,1号线,坑口
0100,00193120,地铁,1号线,坑口
0100,00193121,地铁,1号线,坑口
0100,00193122,地铁,1号线,坑口
0100,00193123,地铁,1号线,坑口
0100,00193124,地铁,1号线,坑口
0100,00193125,地铁,1号线,坑口
0100,00193126,地铁,1号线,坑口
0100,00193127,地铁,1号线,坑口
0100,00193128,地铁,1号线,坑口
0100,00193129,地铁,1号线,坑口
0100,00193130,地铁,1号线,坑口
0100,00193131,地铁,1号线,坑口
0100,00193132,地铁,1号线,坑口
0100,00193133,地铁,1号线,坑口
0100,00193134,地铁,1号线,花地湾
0100,00193135,地铁,1号线,花地湾
0100,00193136,地铁,1号线,花地湾
0100,00193137,地铁,1号线,花地湾
0100,00193138,地铁,1号线,花地湾
0100,00193139,地铁,1号线,花地湾
0100,00193140,地铁,1号线,花地湾
0100,00193141,地铁,1号线,花地湾
0100,00193142,地铁,1号线,花地湾
0100,00193143,地铁,1号线,花地湾
0100,00193144,地铁,1号线,花地湾
0100,00193145,地铁,1号线,花地湾
0100,00193146,地铁,1号线,花地湾
0100,00193147,地铁,1号线,花地湾
0100,00193148,地铁,1号线,花地湾
0100,00193149,地铁,1号线,花地湾
0100,00193150,地铁,1号线,花地湾
0100,00193151,地铁,1号线,花地湾
0100,00193152,地铁,1号线,花地湾
0100,00193153,地铁,1号线,花地湾
0100,00193154,地铁,1号线,花地湾
0100,00193155,地铁,1号线,花地湾
0100,00193156,地铁,1号线,花地湾
0100,00193157,地铁,1号线,花地湾
0100,00193158,地铁,1号线,花地湾
0100,00193159,地铁,1号线,花地湾
0100,00193160,地铁,1号线,花地湾
0100,00193161,地铁,1号线,花地湾
0100,00193162,地铁,1号线,花地湾
0100,00193163,地铁,1号线,花地湾
0100,00193164,地铁,1号线,花地湾
0100,00193165,地铁,1号线,芳村
0100,00193166,地铁,1号线,芳村
0100,00193167,地铁,1号线,芳村
0100,00193168,地铁,1号线,芳村
0100,00193169,地铁,1号线,芳村
0100,00193170,地铁,1号线,芳村
0100,00193171,地铁,1号线,芳村
0100,00193172,地铁,1号线,芳村
0100,00193173,地铁,1号线,芳村
0100,00193174,地铁,1号线,芳村
0100,00193175,地铁,1号线,芳村
0100,00193176,地铁,1号线,芳村
0100,00193177,地铁,1号线,芳村
0100,00193178,地铁,1号线,芳村
0100,00193179,地铁,1号线,芳村
0100,00193180,地铁,1号线,芳村
0100,00193181,地铁,1号线,芳村
0100,00193182,地铁,1号线,芳村
0100,00193183,地铁,1号线,芳村
0100,00193184,地铁,1号线,芳村
0100,00193185,地铁,1号线,芳村
0100,00193186,地铁,1号线,芳村
0100,00193187,地铁,1号线,芳村
0100,00193188,地铁,1号线,芳村
0100,00193189,地铁,1号线,芳村
0100,00193190,地铁,1号线,芳村
0100,00193191,地铁,1号线,芳村
0100,00193192,地铁,2号线,萧岗
0100,00193193,地铁,2号线,萧岗
0100,00193194,地铁,2号线,萧岗
0100,00193195,地铁,2号线,萧岗
0100,00193196,地铁,2号线,萧岗
0100,00193197,地铁,2号线,萧岗
0100,00193198,地铁,2号线,萧岗
0100,00193199,地铁,2号线,萧岗
0100,00193200,地铁,2号线,萧岗
0100,00193201,地铁,2号线,萧岗
0100,00193202,地铁,2号线,白云文化广场
0100,00193203,地铁,2号线,白云文化广场
0100,00193204,地铁,2号线,白云文化广场
0100,00193205,地铁,2号线,白云文化广场
0100,00193206,地铁,2号线,白云文化广场
0100,00193207,地铁,2号线,白云文化广场
0100,00193208,地铁,2号线,白云文化广场
0100,00193209,地铁,2号线,白云文化广场
0100,00193210,地铁,2号线,白云文化广场
0100,00193211,地铁,2号线,白云文化广场
0100,00193212,地铁,2号线,白云文化广场
0100,00193213,地铁,2号线,白云文化广场
0100,00193214,地铁,2号线,白云文化广场
0100,00193215,地铁,2号线,白云文化广场
0100,00193216,地铁,2号线,白云文化广场
0100,00193217,地铁,2号线,白云文化广场
0100,00193218,地铁,2号线,越秀公园
0100,00193219,地铁,2号线,越秀公园
0100,00193220,地铁,2号线,越秀公园
0100,00193221,地铁,2号线,越秀公园
0100,00193222,地铁,2号线,越秀公园
0100,00193223,地铁,2号线,越秀公园
0100,00193224,地铁,2号线,越秀公园
0100,00193225,地铁,2号线,越秀公园
0100,00193226,地铁,2号线,越秀公园
0100,00193227,地铁,2号线,越秀公园
0100,00193228,地铁,2号线,越秀公园
0100,00193229,地铁,2号线,越秀公园
0100,00193230,地铁,2号线,越秀公园
0100,00193231,地铁,2号线,越秀公园
0100,00193232,地铁,2号线,越秀公园
0100,00193233,地铁,2号线,越秀公园
0100,00193234,地铁,2号线,越秀公园
0100,00193235,地铁,2号线,越秀公园
0100,00193236,地铁,2号线,越秀公园
0100,00193237,地铁,2号线,越秀公园
0100,00193238,地铁,2号线,广州火车站
0100,00193239,地铁,2号线,广州火车站
0100,00193240,地铁,2号线,广州火车站
0100,00193241,地铁,2号线,广州火车站
0100,00193242,地铁,2号线,广州火车站
0100,00193243,地铁,2号线,广州火车站
0100,00193244,地铁,2号线,广州火车站
0100,00193245,地铁,2号线,广州火车站
0100,00193246,地铁,2号线,广州火车站
0100,00193247,地铁,2号线,广州火车站
0100,00193248,地铁,2号线,广州火车站
0100,00193249,地铁,2号线,广州火车站
0100,00193250,地铁,2号线,广州火车站
0100,00193251,地铁,2号线,广州火车站
0100,00193252,地铁,2号线,广州火车站
0100,00193253,地铁,2号线,广州火车站
0100,00193254,地铁,2号线,三元里
0100,00193255,地铁,2号线,三元里
0100,00193256,地铁,2号线,三元里
0100,00193257,地铁,2号线,三元里
0100,00193258,地铁,2号线,三元里
0100,00193259,地铁,2号线,三元里
0100,00193260,地铁,2号线,三元里
0100,00193261,地铁,2号线,三元里
0100,00193262,地铁,2号线,三元里
0100,00193263,地铁,2号线,三元里
0100,00193264,地铁,2号线,三元里
0100,00193265,地铁,2号线,三元里
0100,00193266,地铁,2号线,飞翔公园
0100,00193267,地铁,2号线,飞翔公园
0100,00193268,地铁,2号线,飞翔公园
0100,00193269,地铁,2号线,飞翔公园
0100,00193270,地铁,2号线,飞翔公园
0100,00193271,地铁,2号线,飞翔公园
0100,00193272,地铁,2号线,飞翔公园
0100,00193273,地铁,2号线,飞翔公园
0100,00193274,地铁,2号线,飞翔公园
0100,00193275,地铁,2号线,飞翔公园
0100,00193276,地铁,2号线,飞翔公园
0100,00193277,地铁,2号线,飞翔公园
0100,00193278,地铁,2号线,飞翔公园
0100,00193279,地铁,2号线,飞翔公园
0100,00193280,地铁,2号线,飞翔公园
0100,00193281,地铁,2号线,飞翔公园
0100,00193282,地铁,2号线,白云公园
0100,00193283,地铁,2号线,白云公园
0100,00193284,地铁,2号线,白云公园
0100,00193285,地铁,2号线,白云公园
0100,00193286,地铁,2号线,白云公园
0100,00193287,地铁,2号线,白云公园
0100,00193288,地铁,2号线,白云公园
0100,00193289,地铁,2号线,白云公园
0100,00193290,地铁,2号线,白云公园
0100,00193291,地铁,2号线,白云公园
0100,00193292,地铁,2号线,白云公园
0100,00193293,地铁,2号线,白云公园
0100,00193294,地铁,2号线,白云公园
0100,00193295,地铁,2号线,白云公园
0100,00193296,地铁,2号线,白云公园
0100,00193297,地铁,2号线,白云公园
0100,00193298,地铁,2号线,江南西
0100,00193299,地铁,2号线,江南西
0100,00193300,地铁,2号线,江南西
0100,00193301,地铁,2号线,江南西
0100,00193302,地铁,2号线,江南西
0100,00193303,地铁,2号线,江南西
0100,00193304,地铁,2号线,江南西
0100,00193305,地铁,2号线,江南西
0100,00193306,地铁,2号线,江南西
0100,00193307,地铁,2号线,江南西
0100,00193308,地铁,2号线,江南西
0100,00193309,地铁,2号线,江南西
0100,00193310,地铁,2号线,江南西
0100,00193311,地铁,2号线,江南西
0100,00193312,地铁,2号线,江南西
0100,00193313,地铁,2号线,江南西
0100,00193314,地铁,2号线,市二宫
0100,00193315,地铁,2号线,市二宫
0100,00193316,地铁,2号线,市二宫
0100,00193317,地铁,2号线,市二宫
0100,00193318,地铁,2号线,市二宫
0100,00193319,地铁,2号线,市二宫
0100,00193320,地铁,2号线,市二宫
0100,00193321,地铁,2号线,市二宫
0100,00193322,地铁,2号线,市二宫
0100,00193323,地铁,2号线,市二宫
0100,00193324,地铁,2号线,海珠广场
0100,00193325,地铁,2号线,海珠广场
0100,00193326,地铁,2号线,海珠广场
0100,00193327,地铁,2号线,海珠广场
0100,00193328,地铁,2号线,海珠广场
0100,00193329,地铁,2号线,海珠广场
0100,00193330,地铁,2号线,海珠广场
0100,00193331,地铁,2号线,海珠广场
0100,00193332,地铁,2号线,海珠广场
0100,00193333,地铁,2号线,海珠广场
0100,00193334,地铁,2号线,海珠广场
0100,00193335,地铁,2号线,海珠广场
0100,00193336,地铁,2号线,公园前
0100,00193337,地铁,2号线,公园前
0100,00193338,地铁,2号线,公园前
0100,00193339,地铁,2号线,公园前
0100,00193340,地铁,2号线,公园前
0100,00193341,地铁,2号线,公园前
0100,00193342,地铁,2号线,公园前
0100,00193343,地铁,2号线,公园前
0100,00193344,地铁,2号线,公园前
0100,00193345,地铁,2号线,公园前
0100,00193346,地铁,2号线,公园前
0100,00193347,地铁,2号线,公园前
0100,00193348,地铁,2号线,公园前
0100,00193349,地铁,2号线,公园前
0100,00193350,地铁,2号线,公园前
0100,00193351,地铁,2号线,公园前
0100,00193352,地铁,2号线,公园前
0100,00193353,地铁,2号线,公园前
0100,00193354,地铁,2号线,公园前
0100,00193355,地铁,2号线,公园前
0100,00193356,地铁,2号线,公园前
0100,00193357,地铁,2号线,公园前
0100,00193359,地铁,2号线,昌岗
0100,00193360,地铁,2号线,昌岗
0100,00193361,地铁,2号线,昌岗
0100,00193362,地铁,2号线,昌岗
0100,00193363,地铁,2号线,昌岗
0100,00193364,地铁,2号线,昌岗
0100,00193365,地铁,2号线,昌岗
0100,00193366,地铁,2号线,昌岗
0100,00193367,地铁,2号线,昌岗
0100,00193368,地铁,2号线,昌岗
0100,00193369,地铁,2号线,昌岗
0100,00193370,地铁,2号线,昌岗
0100,00193371,地铁,2号线,昌岗
0100,00193372,地铁,2号线,昌岗
0100,00193373,地铁,2号线,昌岗
0100,00193374,地铁,2号线,江泰路
0100,00193375,地铁,2号线,江泰路
0100,00193376,地铁,2号线,江泰路
0100,00193377,地铁,2号线,江泰路
0100,00193378,地铁,2号线,江泰路
0100,00193379,地铁,2号线,江泰路
0100,00193380,地铁,2号线,江泰路
0100,00193381,地铁,2号线,江泰路
0100,00193382,地铁,2号线,江泰路
0100,00193383,地铁,2号线,江泰路
0100,00193384,地铁,2号线,江泰路
0100,00193385,地铁,2号线,江泰路
0100,00193386,地铁,2号线,东晓南
0100,00193387,地铁,2号线,东晓南
0100,00193388,地铁,2号线,东晓南
0100,00193389,地铁,2号线,东晓南
0100,00193390,地铁,2号线,东晓南
0100,00193391,地铁,2号线,东晓南
0100,00193392,地铁,2号线,东晓南
0100,00193393,地铁,2号线,东晓南
0100,00193394,地铁,2号线,东晓南
0100,00193395,地铁,2号线,东晓南
0100,00193396,地铁,2号线,南洲
0100,00193397,地铁,2号线,南洲
0100,00193398,地铁,2号线,南洲
0100,00193399,地铁,2号线,南洲
0100,00193400,地铁,2号线,南洲
0100,00193401,地铁,2号线,南洲
0100,00193402,地铁,2号线,南洲
0100,00193403,地铁,2号线,南洲
0100,00193404,地铁,2号线,南洲
0100,00193405,地铁,2号线,南洲
0100,00193406,地铁,2号线,南洲
0100,00193407,地铁,2号线,南洲
0100,00193408,地铁,2号线,洛溪
0100,00193409,地铁,2号线,洛溪
0100,00193410,地铁,2号线,洛溪
0100,00193411,地铁,2号线,洛溪
0100,00193412,地铁,2号线,洛溪
0100,00193413,地铁,2号线,洛溪
0100,00193414,地铁,2号线,洛溪
0100,00193415,地铁,2号线,洛溪
0100,00193416,地铁,2号线,洛溪
0100,00193417,地铁,2号线,洛溪
0100,00193418,地铁,2号线,洛溪
0100,00193419,地铁,2号线,洛溪
0100,00193420,地铁,2号线,洛溪
0100,00193421,地铁,2号线,洛溪
0100,00193422,地铁,2号线,洛溪
0100,00193423,地铁,2号线,洛溪
0100,00193424,地铁,2号线,南浦
0100,00193425,地铁,2号线,南浦
0100,00193426,地铁,2号线,南浦
0100,00193427,地铁,2号线,南浦
0100,00193428,地铁,2号线,南浦
0100,00193429,地铁,2号线,南浦
0100,00193430,地铁,2号线,南浦
0100,00193431,地铁,2号线,南浦
0100,00193432,地铁,2号线,会江
0100,00193433,地铁,2号线,会江
0100,00193434,地铁,2号线,会江
0100,00193435,地铁,2号线,会江
0100,00193436,地铁,2号线,广州南站
0100,00193437,地铁,2号线,广州南站
0100,00193438,地铁,2号线,广州南站
0100,00193439,地铁,2号线,广州南站
0100,00193440,地铁,2号线,会江
0100,00193441,地铁,2号线,会江
0100,00193442,地铁,2号线,会江
0100,00193443,地铁,2号线,会江
0100,00193444,地铁,2号线,会江
0100,00193445,地铁,2号线,会江
0100,00193446,地铁,2号线,会江
0100,00193447,地铁,2号线,会江
0100,00193448,地铁,2号线,石壁
0100,00193449,地铁,2号线,石壁
0100,00193450,地铁,2号线,石壁
0100,00193451,地铁,2号线,石壁
0100,00193452,地铁,2号线,石壁
0100,00193453,地铁,2号线,石壁
0100,00193454,地铁,2号线,石壁
0100,00193455,地铁,2号线,石壁
0100,00193456,地铁,2号线,广州南站
0100,00193457,地铁,2号线,广州南站
0100,00193458,地铁,2号线,广州南站
0100,00193459,地铁,2号线,广州南站
0100,00193460,地铁,2号线,广州南站
0100,00193461,地铁,2号线,广州南站
0100,00193462,地铁,2号线,广州南站
0100,00193463,地铁,2号线,广州南站
0100,00193464,地铁,2号线,广州南站
0100,00193465,地铁,2号线,广州南站
0100,00193466,地铁,2号线,广州南站
0100,00193467,地铁,2号线,广州南站
0100,00193468,地铁,2号线,广州南站
0100,00193469,地铁,2号线,广州南站
0100,00193470,地铁,2号线,广州南站
0100,00193471,地铁,2号线,广州南站
0100,00193472,地铁,8号线,凤凰新村
0100,00193473,地铁,8号线,凤凰新村
0100,00193474,地铁,8号线,凤凰新村
0100,00193475,地铁,8号线,凤凰新村
0100,00193476,地铁,8号线,凤凰新村
0100,00193477,地铁,8号线,凤凰新村
0100,00193478,地铁,8号线,凤凰新村
0100,00193479,地铁,8号线,凤凰新村
0100,00193480,地铁,8号线,凤凰新村
0100,00193481,地铁,8号线,凤凰新村
0100,00193482,地铁,8号线,凤凰新村
0100,00193483,地铁,8号线,凤凰新村
0100,00193484,地铁,8号线,沙园
0100,00193485,地铁,8号线,沙园
0100,00193486,地铁,8号线,沙园
0100,00193487,地铁,8号线,沙园
0100,00193488,地铁,8号线,沙园
0100,00193489,地铁,8号线,沙园
0100,00193490,地铁,8号线,沙园
0100,00193491,地铁,8号线,沙园
0100,00193492,地铁,8号线,沙园
0100,00193493,地铁,8号线,沙园
0100,00193494,地铁,8号线,宝岗大道
0100,00193495,地铁,8号线,宝岗大道
0100,00193496,地铁,8号线,宝岗大道
0100,00193497,地铁,8号线,宝岗大道
0100,00193498,地铁,8号线,宝岗大道
0100,00193499,地铁,8号线,宝岗大道
0100,00193500,地铁,8号线,宝岗大道
0100,00193501,地铁,8号线,宝岗大道
0100,00193502,地铁,8号线,宝岗大道
0100,00193503,地铁,8号线,宝岗大道
0100,00193504,地铁,8号线,宝岗大道
0100,00193505,地铁,8号线,宝岗大道
0100,00193506,地铁,8号线,晓港
0100,00193507,地铁,8号线,晓港
0100,00193508,地铁,8号线,晓港
0100,00193509,地铁,8号线,晓港
0100,00193510,地铁,8号线,晓港
0100,00193511,地铁,8号线,晓港
0100,00193512,地铁,8号线,晓港
0100,00193513,地铁,8号线,晓港
0100,00193514,地铁,8号线,晓港
0100,00193515,地铁,8号线,晓港
0100,00193516,地铁,8号线,晓港
0100,00193517,地铁,8号线,晓港
0100,00193518,地铁,8号线,晓港
0100,00193519,地铁,8号线,晓港
0100,00193520,地铁,2号线,广州南站
0100,00193521,地铁,2号线,广州南站
0100,00193522,地铁,8号线,晓港
0100,00193523,地铁,8号线,晓港
0100,00193524,地铁,8号线,中大
0100,00193525,地铁,8号线,中大
0100,00193526,地铁,8号线,中大
0100,00193527,地铁,8号线,中大
0100,00193528,地铁,8号线,中大
0100,00193529,地铁,8号线,中大
0100,00193530,地铁,8号线,中大
0100,00193531,地铁,8号线,中大
0100,00193532,地铁,8号线,中大
0100,00193533,地铁,8号线,中大
0100,00193534,地铁,8号线,中大
0100,00193535,地铁,8号线,中大
0100,00193536,地铁,8号线,中大
0100,00193537,地铁,8号线,中大
0100,00193538,地铁,8号线,中大
0100,00193539,地铁,8号线,中大
0100,00193540,地铁,8号线,鹭江
0100,00193541,地铁,8号线,鹭江
0100,00193542,地铁,8号线,鹭江
0100,00193543,地铁,8号线,鹭江
0100,00193544,地铁,8号线,鹭江
0100,00193545,地铁,8号线,鹭江
0100,00193546,地铁,8号线,鹭江
0100,00193547,地铁,8号线,鹭江
0100,00193548,地铁,8号线,鹭江
0100,00193549,地铁,8号线,鹭江
0100,00193550,地铁,8号线,鹭江
0100,00193551,地铁,8号线,鹭江
0100,00193552,地铁,8号线,鹭江
0100,00193553,地铁,8号线,鹭江
0100,00193554,地铁,8号线,鹭江
0100,00193555,地铁,8号线,鹭江
0100,00193556,地铁,8号线,客村
0100,00193557,地铁,8号线,客村
0100,00193558,地铁,8号线,客村
0100,00193559,地铁,8号线,客村
0100,00193560,地铁,8号线,客村
0100,00193561,地铁,8号线,客村
0100,00193562,地铁,8号线,客村
0100,00193563,地铁,8号线,客村
0100,00193564,地铁,8号线,客村
0100,00193565,地铁,8号线,客村
0100,00193566,地铁,8号线,客村
0100,00193567,地铁,8号线,客村
0100,00193568,地铁,8号线,赤岗
0100,00193569,地铁,8号线,赤岗
0100,00193570,地铁,8号线,赤岗
0100,00193571,地铁,8号线,赤岗
0100,00193572,地铁,8号线,赤岗
0100,00193573,地铁,8号线,赤岗
0100,00193574,地铁,8号线,赤岗
0100,00193575,地铁,8号线,赤岗
0100,00193576,地铁,8号线,赤岗
0100,00193577,地铁,8号线,赤岗
0100,00193578,地铁,8号线,磨碟沙
0100,00193579,地铁,8号线,磨碟沙
0100,00193580,地铁,8号线,磨碟沙
0100,00193581,地铁,8号线,磨碟沙
0100,00193582,地铁,8号线,磨碟沙
0100,00193583,地铁,8号线,磨碟沙
0100,00193584,地铁,8号线,磨碟沙
0100,00193585,地铁,8号线,磨碟沙
0100,00193586,地铁,8号线,磨碟沙
0100,00193587,地铁,8号线,磨碟沙
0100,00193588,地铁,8号线,磨碟沙
0100,00193589,地铁,8号线,磨碟沙
0100,00193590,地铁,8号线,磨碟沙
0100,00193591,地铁,8号线,磨碟沙
0100,00193592,地铁,8号线,磨碟沙
0100,00193593,地铁,8号线,磨碟沙
0100,00193594,地铁,8号线,新港东
0100,00193595,地铁,8号线,新港东
0100,00193596,地铁,8号线,新港东
0100,00193597,地铁,8号线,新港东
0100,00193598,地铁,8号线,新港东
0100,00193599,地铁,8号线,新港东
0100,00193600,地铁,8号线,新港东
0100,00193601,地铁,8号线,新港东
0100,00193602,地铁,8号线,新港东
0100,00193603,地铁,8号线,新港东
0100,00193604,地铁,8号线,新港东
0100,00193605,地铁,8号线,新港东
0100,00193606,地铁,8号线,新港东
0100,00193607,地铁,8号线,新港东
0100,00193608,地铁,8号线,新港东
0100,00193609,地铁,8号线,新港东
0100,00193610,地铁,8号线,琶洲
0100,00193611,地铁,8号线,琶洲
0100,00193612,地铁,8号线,琶洲
0100,00193613,地铁,8号线,琶洲
0100,00193614,地铁,8号线,琶洲
0100,00193615,地铁,8号线,琶洲
0100,00193616,地铁,8号线,琶洲
0100,00193617,地铁,8号线,琶洲
0100,00193618,地铁,8号线,琶洲
0100,00193619,地铁,8号线,琶洲
0100,00193620,地铁,8号线,琶洲
0100,00193621,地铁,8号线,琶洲
0100,00193622,地铁,8号线,琶洲
0100,00193623,地铁,8号线,琶洲
0100,00193624,地铁,8号线,琶洲
0100,00193625,地铁,8号线,琶洲
0100,00193626,地铁,8号线,琶洲
0100,00193627,地铁,8号线,琶洲
0100,00193628,地铁,8号线,琶洲
0100,00193629,地铁,8号线,琶洲
0100,00193641,地铁,2号线,广州火车站
0100,00193642,地铁,2号线,广州南站
0100,00193643,地铁,2号线,广州南站
0100,00193644,地铁,8号线,客村
0100,00193645,地铁,8号线,客村
0100,00193646,地铁,2号线,纪念堂
0100,00193647,地铁,2号线,嘉禾望岗
0100,00193648,地铁,2号线,嘉禾望岗
0100,00193649,地铁,2号线,白云公园
0100,00193650,地铁,2号线,白云公园
0100,00193651,地铁,2号线,萧岗
0100,00193652,地铁,2号线,飞翔公园
0100,00193653,地铁,2号线,三元里
0100,00193654,地铁,2号线,越秀公园
0100,00193655,地铁,2号线,纪念堂
0100,00193656,地铁,2号线,公园前
0100,00193657,地铁,2号线,海珠广场
0100,00193658,地铁,2号线,海珠广场
0100,00193659,地铁,2号线,市二宫
0100,00193660,地铁,2号线,江南西
0100,00193661,地铁,2号线,江南西
0100,00193662,地铁,2号线,江泰路
0100,00193663,地铁,2号线,南洲
0100,00193664,地铁,2号线,洛溪
0100,00193665,地铁,2号线,南浦
0100,00193666,地铁,2号线,会江
0100,00193667,地铁,2号线,会江
0100,00193668,地铁,2号线,石壁
0100,00193669,地铁,2号线,公园前
0100,00193670,地铁,8号线,琶洲
0100,00193671,地铁,8号线,琶洲
0100,00193672,地铁,8号线,新港东
0100,00193673,地铁,8号线,磨碟沙
0100,00193674,地铁,8号线,磨碟沙
0100,00193675,地铁,8号线,赤岗
0100,00193676,地铁,8号线,鹭江
0100,00193677,地铁,8号线,中大
0100,00193678,地铁,8号线,晓港
0100,00193679,地铁,2号线,昌岗
0100,00193680,地铁,8号线,宝岗大道
0100,00193681,地铁,8号线,沙园
0100,00193682,地铁,8号线,沙园
0100,00193683,地铁,8号线,凤凰新村
0100,00193684,地铁,2号线,广州火车站
0100,00193685,地铁,5号线,广州火车站
0100,00193686,地铁,2号线,广州火车站
0100,00193687,地铁,2号线,白云公园
0100,00193688,地铁,2号线,白云公园
0100,00193689,地铁,2号线,白云公园
0100,00193690,地铁,2号线,白云公园
0100,00193691,地铁,2号线,白云公园
0100,00193692,地铁,6号线,北京路
0100,00193693,地铁,6号线,北京路
0100,00193694,地铁,6号线,北京路
0100,00193695,地铁,6号线,文化公园
0100,00193696,地铁,6号线,文化公园
0100,00193697,地铁,6号线,文化公园
0100,00193698,地铁,6号线,浔峰岗
0100,00193699,地铁,6号线,浔峰岗
0100,00193700,地铁,6号线,文化公园
0100,00193701,地铁,6号线,文化公园
0100,00193702,地铁,6号线,横沙
0100,00193703,地铁,6号线,横沙
0100,00193704,地铁,6号线,横沙
0100,00193705,地铁,6号线,横沙
0100,00193706,地铁,6号线,横沙
0100,00193707,地铁,6号线,横沙
0100,00193708,地铁,6号线,横沙
0100,00193709,地铁,6号线,横沙
0100,00193710,地铁,6号线,横沙
0100,00193711,地铁,6号线,横沙
0100,00193712,地铁,6号线,横沙
0100,00193713,地铁,6号线,横沙
0100,00193714,地铁,6号线,沙贝
0100,00193715,地铁,6号线,沙贝
0100,00193716,地铁,6号线,沙贝
0100,00193717,地铁,6号线,沙贝
0100,00193718,地铁,6号线,沙贝
0100,00193719,地铁,6号线,沙贝
0100,00193720,地铁,6号线,沙贝
0100,00193721,地铁,6号线,沙贝
0100,00193722,地铁,6号线,沙贝
0100,00193723,地铁,6号线,沙贝
0100,00193724,地铁,6号线,沙贝
0100,00193725,地铁,6号线,沙贝
0100,00193726,地铁,6号线,沙贝
0100,00193727,地铁,6号线,沙贝
0100,00193728,地铁,6号线,沙贝
0100,00193729,地铁,6号线,沙贝
0100,00193730,地铁,6号线,河沙
0100,00193731,地铁,6号线,河沙
0100,00193732,地铁,6号线,河沙
0100,00193733,地铁,6号线,河沙
0100,00193734,地铁,6号线,河沙
0100,00193735,地铁,6号线,河沙
0100,00193736,地铁,6号线,河沙
0100,00193737,地铁,6号线,河沙
0100,00193738,地铁,6号线,河沙
0100,00193739,地铁,6号线,河沙
0100,00193740,地铁,6号线,河沙
0100,00193741,地铁,6号线,河沙
0100,00193742,地铁,6号线,河沙
0100,00193743,地铁,6号线,河沙
0100,00193744,地铁,6号线,河沙
0100,00193745,地铁,6号线,河沙
0100,00193746,地铁,6号线,河沙
0100,00193747,地铁,6号线,河沙
0100,00193748,地铁,6号线,河沙
0100,00193749,地铁,6号线,河沙
0100,00193750,地铁,6号线,河沙
0100,00193751,地铁,6号线,河沙
0100,00193752,地铁,6号线,河沙
0100,00193753,地铁,6号线,河沙
0100,00193754,地铁,6号线,坦尾
0100,00193755,地铁,6号线,坦尾
0100,00193756,地铁,6号线,坦尾
0100,00193757,地铁,6号线,坦尾
0100,00193758,地铁,6号线,坦尾
0100,00193759,地铁,6号线,坦尾
0100,00193760,地铁,6号线,坦尾
0100,00193761,地铁,6号线,坦尾
0100,00193762,地铁,6号线,坦尾
0100,00193763,地铁,6号线,坦尾
0100,00193764,地铁,6号线,坦尾
0100,00193765,地铁,6号线,坦尾
0100,00193766,地铁,6号线,如意坊
0100,00193767,地铁,6号线,如意坊
0100,00193768,地铁,6号线,文化公园
0100,00193769,地铁,6号线,文化公园
0100,00193770,地铁,6号线,如意坊
0100,00193771,地铁,6号线,如意坊
0100,00193772,地铁,6号线,如意坊
0100,00193773,地铁,6号线,如意坊
0100,00193774,地铁,6号线,黄沙
0100,00193775,地铁,6号线,黄沙
0100,00193776,地铁,6号线,黄沙
0100,00193777,地铁,6号线,黄沙
0100,00193778,地铁,6号线,黄沙
0100,00193779,地铁,6号线,黄沙
0100,00193780,地铁,6号线,黄沙
0100,00193781,地铁,6号线,黄沙
0100,00193782,地铁,6号线,文化公园
0100,00193783,地铁,6号线,文化公园
0100,00193784,地铁,6号线,文化公园
0100,00193785,地铁,6号线,文化公园
0100,00193786,地铁,6号线,文化公园
0100,00193787,地铁,6号线,文化公园
0100,00193788,地铁,6号线,文化公园
0100,00193789,地铁,6号线,文化公园
0100,00193790,地铁,6号线,一德路
0100,00193791,地铁,6号线,一德路
0100,00193792,地铁,6号线,一德路
0100,00193793,地铁,6号线,一德路
0100,00193794,地铁,6号线,一德路
0100,00193795,地铁,6号线,一德路
0100,00193796,地铁,6号线,一德路
0100,00193797,地铁,6号线,一德路
0100,00193798,地铁,6号线,海珠广场
0100,00193799,地铁,6号线,海珠广场
0100,00193800,地铁,6号线,海珠广场
0100,00193801,地铁,6号线,海珠广场
0100,00193802,地铁,6号线,海珠广场
0100,00193803,地铁,6号线,海珠广场
0100,00193804,地铁,6号线,海珠广场
0100,00193805,地铁,6号线,海珠广场
0100,00193806,地铁,6号线,北京路
0100,00193807,地铁,6号线,北京路
0100,00193808,地铁,6号线,北京路
0100,00193809,地铁,6号线,北京路
0100,00193810,地铁,6号线,北京路
0100,00193811,地铁,6号线,北京路
0100,00193812,地铁,6号线,北京路
0100,00193813,地铁,6号线,文化公园
0100,00193814,地铁,6号线,文化公园
0100,00193816,地铁,6号线,团一大广场
0100,00193817,地铁,6号线,团一大广场
0100,00193818,地铁,6号线,团一大广场
0100,00193819,地铁,6号线,团一大广场
0100,00193820,地铁,6号线,团一大广场
0100,00193821,地铁,6号线,团一大广场
0100,00193822,地铁,6号线,东湖
0100,00193823,地铁,6号线,东湖
0100,00193824,地铁,6号线,东湖
0100,00193825,地铁,6号线,东湖
0100,00193826,地铁,6号线,东湖
0100,00193827,地铁,6号线,东湖
0100,00193830,地铁,6号线,东山口
0100,00193831,地铁,6号线,东山口
0100,00193836,地铁,6号线,东山口
0100,00193837,地铁,6号线,东山口
0100,00193838,地铁,6号线,区庄
0100,00193839,地铁,6号线,区庄
0100,00193840,地铁,6号线,区庄
0100,00193841,地铁,6号线,区庄
0100,00193842,地铁,6号线,区庄
0100,00193843,地铁,6号线,区庄
0100,00193844,地铁,6号线,区庄
0100,00193845,地铁,6号线,区庄
0100,00193846,地铁,6号线,黄花岗
0100,00193847,地铁,6号线,黄花岗
0100,00193848,地铁,6号线,黄花岗
0100,00193849,地铁,6号线,黄花岗
0100,00193850,地铁,6号线,黄花岗
0100,00193851,地铁,6号线,黄花岗
0100,00193852,地铁,6号线,黄花岗
0100,00193853,地铁,6号线,黄花岗
0100,00193854,地铁,6号线,黄花岗
0100,00193855,地铁,6号线,黄花岗
0100,00193856,地铁,6号线,黄花岗
0100,00193857,地铁,6号线,黄花岗
0100,00193858,地铁,6号线,沙河顶
0100,00193859,地铁,6号线,沙河顶
0100,00193860,地铁,6号线,沙河顶
0100,00193861,地铁,6号线,沙河顶
0100,00193862,地铁,6号线,沙河顶
0100,00193863,地铁,6号线,沙河顶
0100,00193864,地铁,6号线,沙河顶
0100,00193865,地铁,6号线,沙河顶
0100,00193870,地铁,6号线,天平架
0100,00193871,地铁,6号线,天平架
0100,00193872,地铁,6号线,天平架
0100,00193873,地铁,6号线,天平架
0100,00193874,地铁,6号线,天平架
0100,00193875,地铁,6号线,天平架
0100,00193876,地铁,6号线,天河客运站
0100,00193877,地铁,6号线,天河客运站
0100,00193878,地铁,6号线,天河客运站
0100,00193879,地铁,6号线,天河客运站
0100,00193880,地铁,6号线,天河客运站
0100,00193881,地铁,6号线,天河客运站
0100,00193882,地铁,6号线,天河客运站
0100,00193883,地铁,6号线,天河客运站
0100,00193884,地铁,6号线,长湴
0100,00193885,地铁,6号线,长湴
0100,00193886,地铁,6号线,长湴
0100,00193887,地铁,6号线,长湴
0100,00193888,地铁,6号线,长湴
0100,00193889,地铁,6号线,长湴
0100,00193890,地铁,6号线,长湴
0100,00193891,地铁,6号线,长湴
0100,00193892,地铁,6号线,植物园
0100,00193893,地铁,6号线,植物园
0100,00193894,地铁,6号线,植物园
0100,00193895,地铁,6号线,植物园
0100,00193896,地铁,6号线,植物园
0100,00193897,地铁,6号线,植物园
0100,00193898,地铁,6号线,植物园
0100,00193899,地铁,6号线,植物园
0100,00193900,地铁,6号线,龙洞
0100,00193901,地铁,6号线,龙洞
0100,00193902,地铁,6号线,龙洞
0100,00193903,地铁,6号线,龙洞
0100,00193904,地铁,6号线,龙洞
0100,00193905,地铁,6号线,龙洞
0100,00193906,地铁,6号线,龙洞
0100,00193907,地铁,6号线,龙洞
0100,00193908,地铁,6号线,柯木塱
0100,00193909,地铁,6号线,柯木塱
0100,00193910,地铁,6号线,柯木塱
0100,00193911,地铁,6号线,柯木塱
0100,00193912,地铁,6号线,柯木塱
0100,00193913,地铁,6号线,柯木塱
0100,00193914,地铁,6号线,柯木塱
0100,00193915,地铁,6号线,柯木塱
0100,00193916,地铁,6号线,高塘石
0100,00193917,地铁,6号线,高塘石
0100,00193918,地铁,6号线,高塘石
0100,00193919,地铁,6号线,高塘石
0100,00193920,地铁,6号线,高塘石
0100,00193921,地铁,6号线,高塘石
0100,00193922,地铁,6号线,高塘石
0100,00193923,地铁,6号线,高塘石
0100,00193924,地铁,6号线,黄陂
0100,00193925,地铁,6号线,黄陂
0100,00193926,地铁,6号线,黄陂
0100,00193927,地铁,6号线,黄陂
0100,00193928,地铁,6号线,黄陂
0100,00193929,地铁,6号线,黄陂
0100,00193930,地铁,6号线,黄陂
0100,00193931,地铁,6号线,黄陂
0100,00193932,地铁,6号线,金峰
0100,00193933,地铁,6号线,金峰
0100,00193934,地铁,6号线,金峰
0100,00193935,地铁,6号线,金峰
0100,00193936,地铁,6号线,金峰
0100,00193937,地铁,6号线,金峰
0100,00193938,地铁,6号线,金峰
0100,00193939,地铁,6号线,金峰
0100,00193940,地铁,6号线,暹岗
0100,00193941,地铁,6号线,暹岗
0100,00193942,地铁,6号线,暹岗
0100,00193943,地铁,6号线,暹岗
0100,00193944,地铁,6号线,暹岗
0100,00193945,地铁,6号线,暹岗
0100,00193946,地铁,6号线,暹岗
0100,00193947,地铁,6号线,暹岗
0100,00193948,地铁,6号线,苏元
0100,00193949,地铁,6号线,苏元
0100,00193950,地铁,6号线,苏元
0100,00193951,地铁,6号线,苏元
0100,00193952,地铁,6号线,苏元
0100,00193953,地铁,6号线,苏元
0100,00193954,地铁,6号线,苏元
0100,00193955,地铁,6号线,苏元
0100,00193956,地铁,6号线,萝岗
0100,00193957,地铁,6号线,萝岗
0100,00193958,地铁,6号线,萝岗
0100,00193959,地铁,6号线,萝岗
0100,00193960,地铁,6号线,萝岗
0100,00193961,地铁,6号线,萝岗
0100,00193962,地铁,6号线,萝岗
0100,00193963,地铁,6号线,萝岗
0100,00193964,地铁,6号线,香雪
0100,00193965,地铁,6号线,香雪
0100,00193966,地铁,6号线,香雪
0100,00193967,地铁,6号线,香雪
0100,00193968,地铁,6号线,香雪
0100,00193969,地铁,6号线,香雪
0100,00193970,地铁,6号线,香雪
0100,00193971,地铁,6号线,香雪
0100,00193972,地铁,6号线,东山口
0100,00193973,地铁,6号线,东山口
0100,00193974,地铁,6号线,东山口
0100,00193975,地铁,6号线,东山口
0100,00193976,地铁,6号线,东山口
0100,00193977,地铁,6号线,东山口
0100,00193978,地铁,6号线,东山口
0100,00193979,地铁,6号线,东山口
0100,00193980,地铁,6号线,东山口
0100,00193981,地铁,6号线,东山口
0100,00193982,地铁,6号线,东山口
0100,00193983,地铁,6号线,东山口
0100,00193984,地铁,6号线,东山口
0100,00193985,地铁,6号线,东山口
0100,00193986,地铁,6号线,东山口
0100,00193987,地铁,6号线,东山口
0100,00193988,地铁,6号线,东山口
0100,00193989,地铁,6号线,东山口
0100,00193990,地铁,6号线,区庄
0100,00193991,地铁,6号线,区庄
0100,00193992,地铁,6号线,区庄
0100,00193993,地铁,6号线,区庄
0100,00193994,地铁,6号线,区庄
0100,00193995,地铁,6号线,区庄
0100,00193996,地铁,6号线,区庄
0100,00193997,地铁,6号线,区庄
0100,00193998,地铁,6号线,区庄
0100,00193999,地铁,6号线,区庄
0100,00194000,地铁,6号线,区庄
0100,00194001,地铁,6号线,区庄
0100,00194002,地铁,6号线,黄花岗
0100,00194003,地铁,6号线,黄花岗
0100,00194004,地铁,6号线,黄花岗
0100,00194005,地铁,6号线,黄花岗
0100,00194006,地铁,6号线,黄花岗
0100,00194007,地铁,6号线,黄花岗
0100,00194008,地铁,6号线,黄花岗
0100,00194009,地铁,6号线,黄花岗
0100,00194010,地铁,6号线,黄花岗
0100,00194011,地铁,6号线,黄花岗
0100,00194012,地铁,6号线,黄花岗
0100,00194013,地铁,6号线,黄花岗
0100,00194014,地铁,6号线,黄花岗
0100,00194015,地铁,6号线,黄花岗
0100,00194016,地铁,6号线,黄花岗
0100,00194017,地铁,6号线,黄花岗
0100,00194018,地铁,6号线,黄花岗
0100,00194019,地铁,6号线,沙河顶
0100,00194020,地铁,6号线,沙河顶
0100,00194021,地铁,6号线,沙河顶
0100,00194022,地铁,6号线,沙河顶
0100,00194023,地铁,6号线,沙河顶
0100,00194024,地铁,6号线,沙河顶
0100,00194025,地铁,6号线,沙河顶
0100,00194026,地铁,6号线,沙河顶
0100,00194027,地铁,6号线,沙河顶
0100,00194028,地铁,6号线,沙河顶
0100,00194029,地铁,6号线,天平架
0100,00194030,地铁,6号线,天平架
0100,00194031,地铁,6号线,天平架
0100,00194032,地铁,6号线,天平架
0100,00194033,地铁,6号线,天平架
0100,00194034,地铁,6号线,天平架
0100,00194035,地铁,6号线,天平架
0100,00194036,地铁,6号线,天平架
0100,00194037,地铁,6号线,天平架
0100,00194038,地铁,6号线,天平架
0100,00194039,地铁,6号线,天平架
0100,00194040,地铁,6号线,天河客运站
0100,00194041,地铁,6号线,天河客运站
0100,00194042,地铁,4号线,官洲
0100,00194043,地铁,4号线,官洲
0100,00194044,地铁,4号线,官洲
0100,00194045,地铁,4号线,官洲
0100,00194046,地铁,4号线,官洲
0100,00194047,地铁,4号线,官洲
0100,00194048,地铁,4号线,官洲
0100,00194049,地铁,4号线,官洲
0100,00194050,地铁,4号线,黄村
0100,00194051,地铁,4号线,黄村
0100,00194052,地铁,4号线,黄村
0100,00194053,地铁,4号线,黄村
0100,00194054,地铁,4号线,黄村
0100,00194055,地铁,4号线,黄村
0100,00194056,地铁,4号线,黄村
0100,00194057,地铁,4号线,黄村
0100,00194058,地铁,4号线,车陂
0100,00194059,地铁,4号线,车陂
0100,00194060,地铁,4号线,车陂
0100,00194061,地铁,4号线,车陂
0100,00194062,地铁,4号线,车陂
0100,00194063,地铁,4号线,车陂
0100,00194064,地铁,4号线,车陂
0100,00194065,地铁,4号线,车陂
0100,00194066,地铁,4号线,车陂
0100,00194067,地铁,4号线,车陂
0100,00194068,地铁,4号线,万胜围
0100,00194069,地铁,4号线,万胜围
0100,00194070,地铁,4号线,万胜围
0100,00194071,地铁,4号线,万胜围
0100,00194072,地铁,4号线,万胜围
0100,00194073,地铁,4号线,万胜围
0100,00194074,地铁,4号线,万胜围
0100,00194075,地铁,4号线,万胜围
0100,00194076,地铁,4号线,万胜围
0100,00194077,地铁,4号线,万胜围
0100,00194078,地铁,4号线,万胜围
0100,00194079,地铁,4号线,万胜围
0100,00194080,地铁,4号线,飞沙角
0100,00194081,地铁,4号线,飞沙角
0100,00194082,地铁,4号线,万胜围
0100,00194083,地铁,4号线,万胜围
0100,00194084,地铁,4号线,万胜围
0100,00194085,地铁,4号线,万胜围
0100,00194086,地铁,4号线,大学城北
0100,00194087,地铁,4号线,大学城北
0100,00194088,地铁,4号线,大学城北
0100,00194089,地铁,4号线,大学城北
0100,00194090,地铁,4号线,大学城北
0100,00194091,地铁,4号线,大学城北
0100,00194092,地铁,4号线,大学城北
0100,00194093,地铁,4号线,大学城北
0100,00194094,地铁,4号线,大学城南
0100,00194095,地铁,4号线,大学城南
0100,00194096,地铁,4号线,大学城南
0100,00194097,地铁,4号线,大学城南
0100,00194098,地铁,4号线,大学城南
0100,00194099,地铁,4号线,大学城南
0100,00194100,地铁,4号线,大学城南
0100,00194101,地铁,4号线,大学城南
0100,00194102,地铁,4号线,新造
0100,00194103,地铁,4号线,新造
0100,00194104,地铁,4号线,新造
0100,00194105,地铁,4号线,新造
0100,00194106,地铁,4号线,新造
0100,00194107,地铁,4号线,新造
0100,00194108,地铁,4号线,新造
0100,00194109,地铁,4号线,新造
0100,00194110,地铁,4号线,石碁
0100,00194111,地铁,4号线,石碁
0100,00194112,地铁,4号线,石碁
0100,00194113,地铁,4号线,石碁
0100,00194114,地铁,4号线,石碁
0100,00194115,地铁,4号线,石碁
0100,00194116,地铁,4号线,石碁
0100,00194117,地铁,4号线,石碁
0100,00194118,地铁,4号线,石碁
0100,00194119,地铁,4号线,石碁
0100,00194120,地铁,4号线,石碁
0100,00194121,地铁,4号线,石碁
0100,00194122,地铁,4号线,海傍
0100,00194123,地铁,4号线,海傍
0100,00194124,地铁,4号线,海傍
0100,00194125,地铁,4号线,海傍
0100,00194126,地铁,4号线,海傍
0100,00194127,地铁,4号线,海傍
0100,00194128,地铁,4号线,海傍
0100,00194129,地铁,4号线,海傍
0100,00194130,地铁,4号线,海傍
0100,00194131,地铁,4号线,海傍
0100,00194132,地铁,4号线,海傍
0100,00194133,地铁,4号线,海傍
0100,00194134,地铁,4号线,低涌
0100,00194135,地铁,4号线,低涌
0100,00194136,地铁,4号线,低涌
0100,00194137,地铁,4号线,低涌
0100,00194138,地铁,4号线,低涌
0100,00194139,地铁,4号线,低涌
0100,00194140,地铁,4号线,低涌
0100,00194141,地铁,4号线,低涌
0100,00194142,地铁,4号线,东涌
0100,00194143,地铁,4号线,东涌
0100,00194144,地铁,4号线,东涌
0100,00194145,地铁,4号线,东涌
0100,00194146,地铁,4号线,东涌
0100,00194147,地铁,4号线,东涌
0100,00194148,地铁,4号线,东涌
0100,00194149,地铁,4号线,东涌
0100,00194150,地铁,4号线,东涌
0100,00194151,地铁,4号线,东涌
0100,00194152,地铁,4号线,东涌
0100,00194153,地铁,4号线,东涌
0100,00194158,地铁,4号线,黄阁汽车城
0100,00194159,地铁,4号线,黄阁汽车城
0100,00194160,地铁,4号线,黄阁汽车城
0100,00194161,地铁,4号线,黄阁汽车城
0100,00194162,地铁,4号线,黄阁汽车城
0100,00194163,地铁,4号线,黄阁汽车城
0100,00194164,地铁,4号线,黄阁汽车城
0100,00194165,地铁,4号线,黄阁汽车城
0100,00194166,地铁,4号线,黄阁汽车城
0100,00194167,地铁,4号线,黄阁汽车城
0100,00194168,地铁,4号线,黄阁汽车城
0100,00194169,地铁,4号线,黄阁汽车城
0100,00194170,地铁,4号线,黄阁
0100,00194171,地铁,4号线,黄阁
0100,00194172,地铁,4号线,黄阁
0100,00194173,地铁,4号线,黄阁
0100,00194174,地铁,4号线,黄阁
0100,00194175,地铁,4号线,黄阁
0100,00194176,地铁,4号线,黄阁
0100,00194177,地铁,4号线,黄阁
0100,00194178,地铁,4号线,黄阁
0100,00194179,地铁,4号线,黄阁
0100,00194180,地铁,4号线,飞沙角
0100,00194181,地铁,4号线,广隆
0100,00194182,地铁,4号线,黄阁
0100,00194183,地铁,4号线,黄阁
0100,00194184,地铁,4号线,黄阁
0100,00194185,地铁,4号线,黄阁
0100,00194190,地铁,4号线,蕉门
0100,00194191,地铁,4号线,蕉门
0100,00194192,地铁,4号线,蕉门
0100,00194193,地铁,4号线,蕉门
0100,00194194,地铁,4号线,蕉门
0100,00194195,地铁,4号线,蕉门
0100,00194196,地铁,4号线,蕉门
0100,00194197,地铁,4号线,蕉门
0100,00194202,地铁,4号线,金洲
0100,00194203,地铁,4号线,金洲
0100,00194204,地铁,4号线,金洲
0100,00194205,地铁,4号线,金洲
0100,00194210,地铁,4号线,广隆
0100,00194211,地铁,4号线,广隆
0100,00194212,地铁,4号线,飞沙角
0100,00194213,地铁,4号线,飞沙角
0100,00194214,地铁,4号线,飞沙角
0100,00194215,地铁,4号线,飞沙角
0100,00194216,地铁,4号线,飞沙角
0100,00194217,地铁,4号线,飞沙角
0100,00194218,地铁,4号线,飞沙角
0100,00194219,地铁,4号线,飞沙角
0100,00194220,地铁,4号线,飞沙角
0100,00194221,地铁,4号线,飞沙角
0100,00194222,地铁,4号线,塘坑
0100,00194223,地铁,4号线,塘坑
0100,00194224,地铁,4号线,广隆
0100,00194225,地铁,4号线,广隆
0100,00194226,地铁,4号线,广隆
0100,00194227,地铁,4号线,广隆
0100,00194228,地铁,4号线,广隆
0100,00194229,地铁,4号线,广隆
0100,00194230,地铁,4号线,广隆
0100,00194231,地铁,4号线,广隆
0100,00194232,地铁,4号线,南沙客运港
0100,00194233,地铁,4号线,南沙客运港
0100,00194234,地铁,4号线,大涌
0100,00194235,地铁,4号线,大涌
0100,00194236,地铁,4号线,大涌
0100,00194237,地铁,4号线,大涌
0100,00194238,地铁,4号线,大涌
0100,00194239,地铁,4号线,大涌
0100,00194240,地铁,4号线,大涌
0100,00194241,地铁,4号线,大涌
0100,00194242,地铁,4号线,大涌
0100,00194243,地铁,4号线,大涌
0100,00194244,地铁,4号线,塘坑
0100,00194245,地铁,4号线,塘坑
0100,00194246,地铁,4号线,塘坑
0100,00194247,地铁,4号线,塘坑
0100,00194248,地铁,4号线,塘坑
0100,00194249,地铁,4号线,塘坑
0100,00194250,地铁,4号线,塘坑
0100,00194251,地铁,4号线,塘坑
0100,00194252,地铁,4号线,塘坑
0100,00194253,地铁,4号线,塘坑
0100,00194254,地铁,4号线,南横
0100,00194255,地铁,4号线,南横
0100,00194256,地铁,4号线,南横
0100,00194257,地铁,4号线,南横
0100,00194258,地铁,4号线,南横
0100,00194259,地铁,4号线,南横
0100,00194260,地铁,4号线,南横
0100,00194261,地铁,4号线,南横
0100,00194262,地铁,4号线,南沙客运港
0100,00194263,地铁,4号线,南沙客运港
0100,00194264,地铁,4号线,南沙客运港
0100,00194265,地铁,4号线,南沙客运港
0100,00194266,地铁,4号线,南沙客运港
0100,00194267,地铁,4号线,南沙客运港
0100,00194268,地铁,4号线,南沙客运港
0100,00194269,地铁,4号线,南沙客运港
0100,00194270,地铁,5号线,滘口
0100,00194271,地铁,5号线,滘口
0100,00194272,地铁,5号线,滘口
0100,00194273,地铁,5号线,滘口
0100,00194274,地铁,5号线,滘口
0100,00194275,地铁,5号线,滘口
0100,00194276,地铁,5号线,滘口
0100,00194277,地铁,5号线,滘口
0100,00194282,地铁,5号线,坦尾
0100,00194283,地铁,5号线,坦尾
0100,00194284,地铁,5号线,坦尾
0100,00194285,地铁,5号线,坦尾
0100,00194286,地铁,5号线,坦尾
0100,00194287,地铁,5号线,坦尾
0100,00194288,地铁,5号线,坦尾
0100,00194289,地铁,5号线,坦尾
0100,00194290,地铁,5号线,坦尾
0100,00194291,地铁,5号线,坦尾
0100,00194292,地铁,5号线,坦尾
0100,00194293,地铁,5号线,坦尾
0100,00194294,地铁,5号线,中山八
0100,00194295,地铁,5号线,中山八
0100,00194296,地铁,5号线,中山八
0100,00194297,地铁,5号线,中山八
0100,00194298,地铁,5号线,中山八
0100,00194299,地铁,5号线,中山八
0100,00194300,地铁,5号线,中山八
0100,00194301,地铁,5号线,中山八
0100,00194302,地铁,5号线,中山八
0100,00194303,地铁,5号线,中山八
0100,00194304,地铁,5号线,西场
0100,00194305,地铁,5号线,西场
0100,00194306,地铁,5号线,西场
0100,00194307,地铁,5号线,西场
0100,00194308,地铁,5号线,西场
0100,00194309,地铁,5号线,西场
0100,00194310,地铁,5号线,西场
0100,00194311,地铁,5号线,西场
0100,00194312,地铁,5号线,西场
0100,00194313,地铁,5号线,西场
0100,00194314,地铁,5号线,西村
0100,00194315,地铁,5号线,西村
0100,00194316,地铁,5号线,西村
0100,00194317,地铁,5号线,西村
0100,00194318,地铁,5号线,西村
0100,00194319,地铁,5号线,西村
0100,00194320,地铁,5号线,西村
0100,00194321,地铁,5号线,西村
0100,00194322,地铁,5号线,西村
0100,00194323,地铁,5号线,西村
0100,00194324,地铁,5号线,西村
0100,00194325,地铁,5号线,西村
0100,00194326,地铁,5号线,西村
0100,00194327,地铁,5号线,西村
0100,00194328,地铁,5号线,西村
0100,00194329,地铁,5号线,西村
0100,00194330,地铁,5号线,广州火车站
0100,00194331,地铁,5号线,广州火车站
0100,00194332,地铁,5号线,广州火车站
0100,00194333,地铁,5号线,广州火车站
0100,00194334,地铁,5号线,广州火车站
0100,00194335,地铁,5号线,广州火车站
0100,00194336,地铁,5号线,广州火车站
0100,00194337,地铁,5号线,广州火车站
0100,00194338,地铁,5号线,广州火车站
0100,00194339,地铁,5号线,广州火车站
0100,00194340,地铁,5号线,广州火车站
0100,00194341,地铁,5号线,广州火车站
0100,00194342,地铁,5号线,广州火车站
0100,00194343,地铁,5号线,广州火车站
0100,00194344,地铁,5号线,广州火车站
0100,00194345,地铁,5号线,广州火车站
0100,00194346,地铁,5号线,小北
0100,00194347,地铁,5号线,小北
0100,00194348,地铁,5号线,小北
0100,00194349,地铁,5号线,小北
0100,00194350,地铁,5号线,小北
0100,00194351,地铁,5号线,小北
0100,00194352,地铁,5号线,小北
0100,00194353,地铁,5号线,小北
0100,00194354,地铁,5号线,小北
0100,00194355,地铁,5号线,小北
0100,00194356,地铁,5号线,小北
0100,00194357,地铁,5号线,小北
0100,00194358,地铁,5号线,小北
0100,00194359,地铁,5号线,小北
0100,00194360,地铁,5号线,小北
0100,00194361,地铁,5号线,小北
0100,00194362,地铁,5号线,淘金
0100,00194363,地铁,5号线,淘金
0100,00194364,地铁,5号线,淘金
0100,00194365,地铁,5号线,淘金
0100,00194366,地铁,5号线,淘金
0100,00194367,地铁,5号线,淘金
0100,00194368,地铁,5号线,淘金
0100,00194369,地铁,5号线,淘金
0100,00194370,地铁,5号线,淘金
0100,00194371,地铁,5号线,淘金
0100,00194372,地铁,5号线,淘金
0100,00194373,地铁,5号线,淘金
0100,00194374,地铁,5号线,淘金
0100,00194375,地铁,5号线,淘金
0100,00194376,地铁,5号线,淘金
0100,00194377,地铁,5号线,淘金
0100,00194378,地铁,5号线,淘金
0100,00194379,地铁,5号线,淘金
0100,00194380,地铁,5号线,淘金
0100,00194381,地铁,5号线,淘金
0100,00194382,地铁,5号线,淘金
0100,00194383,地铁,5号线,淘金
0100,00194384,地铁,5号线,淘金
0100,00194385,地铁,5号线,淘金
0100,00194386,地铁,5号线,淘金
0100,00194387,地铁,5号线,淘金
0100,00194388,地铁,5号线,淘金
0100,00194389,地铁,5号线,淘金
0100,00194390,地铁,5号线,区庄
0100,00194391,地铁,5号线,区庄
0100,00194392,地铁,5号线,区庄
0100,00194393,地铁,5号线,区庄
0100,00194394,地铁,5号线,区庄
0100,00194395,地铁,5号线,区庄
0100,00194396,地铁,5号线,区庄
0100,00194397,地铁,5号线,区庄
0100,00194398,地铁,5号线,区庄
0100,00194399,地铁,5号线,区庄
0100,00194400,地铁,5号线,区庄
0100,00194401,地铁,5号线,区庄
0100,00194402,地铁,5号线,区庄
0100,00194403,地铁,5号线,区庄
0100,00194404,地铁,5号线,区庄
0100,00194405,地铁,5号线,区庄
0100,00194406,地铁,5号线,区庄
0100,00194407,地铁,5号线,区庄
0100,00194408,地铁,5号线,区庄
0100,00194409,地铁,5号线,区庄
0100,00194410,地铁,5号线,区庄
0100,00194411,地铁,5号线,区庄
0100,00194412,地铁,5号线,区庄
0100,00194413,地铁,5号线,区庄
0100,00194414,地铁,5号线,动物园
0100,00194415,地铁,5号线,动物园
0100,00194416,地铁,5号线,动物园
0100,00194417,地铁,5号线,动物园
0100,00194418,地铁,5号线,动物园
0100,00194419,地铁,5号线,动物园
0100,00194420,地铁,5号线,动物园
0100,00194421,地铁,5号线,动物园
0100,00194422,地铁,5号线,动物园
0100,00194423,地铁,5号线,动物园
0100,00194424,地铁,5号线,动物园
0100,00194425,地铁,5号线,动物园
0100,00194426,地铁,5号线,杨箕
0100,00194427,地铁,5号线,杨箕
0100,00194428,地铁,5号线,杨箕
0100,00194429,地铁,5号线,杨箕
0100,00194430,地铁,5号线,杨箕
0100,00194431,地铁,5号线,杨箕
0100,00194432,地铁,5号线,杨箕
0100,00194433,地铁,5号线,杨箕
0100,00194434,地铁,5号线,五羊邨
0100,00194435,地铁,5号线,五羊邨
0100,00194436,地铁,5号线,五羊邨
0100,00194437,地铁,5号线,五羊邨
0100,00194438,地铁,5号线,五羊邨
0100,00194439,地铁,5号线,五羊邨
0100,00194440,地铁,5号线,五羊邨
0100,00194441,地铁,5号线,五羊邨
0100,00194442,地铁,5号线,珠江新城
0100,00194443,地铁,5号线,珠江新城
0100,00194444,地铁,5号线,珠江新城
0100,00194445,地铁,5号线,珠江新城
0100,00194446,地铁,5号线,珠江新城
0100,00194447,地铁,5号线,珠江新城
0100,00194448,地铁,5号线,珠江新城
0100,00194450,地铁,5号线,珠江新城
0100,00194451,地铁,5号线,珠江新城
0100,00194452,地铁,5号线,珠江新城
0100,00194453,地铁,5号线,珠江新城
0100,00194454,地铁,5号线,猎德
0100,00194455,地铁,5号线,猎德
0100,00194456,地铁,5号线,猎德
0100,00194457,地铁,5号线,猎德
0100,00194458,地铁,5号线,猎德
0100,00194459,地铁,5号线,猎德
0100,00194460,地铁,5号线,猎德
0100,00194461,地铁,5号线,猎德
0100,00194462,地铁,5号线,潭村
0100,00194463,地铁,5号线,潭村
0100,00194464,地铁,5号线,潭村
0100,00194465,地铁,5号线,潭村
0100,00194466,地铁,5号线,潭村
0100,00194467,地铁,5号线,潭村
0100,00194468,地铁,5号线,潭村
0100,00194469,地铁,5号线,潭村
0100,00194470,地铁,5号线,员村
0100,00194471,地铁,5号线,员村
0100,00194472,地铁,5号线,员村
0100,00194473,地铁,5号线,员村
0100,00194474,地铁,5号线,员村
0100,00194475,地铁,5号线,员村
0100,00194476,地铁,5号线,员村
0100,00194477,地铁,5号线,员村
0100,00194478,地铁,5号线,科韵路
0100,00194479,地铁,5号线,科韵路
0100,00194480,地铁,5号线,科韵路
0100,00194481,地铁,5号线,科韵路
0100,00194482,地铁,5号线,科韵路
0100,00194483,地铁,5号线,科韵路
0100,00194484,地铁,5号线,科韵路
0100,00194485,地铁,5号线,科韵路
0100,00194486,地铁,5号线,车陂南
0100,00194487,地铁,5号线,车陂南
0100,00194488,地铁,5号线,车陂南
0100,00194489,地铁,5号线,车陂南
0100,00194490,地铁,4号线,车陂南
0100,00194491,地铁,5号线,车陂南
0100,00194492,地铁,5号线,车陂南
0100,00194493,地铁,5号线,车陂南
0100,00194494,地铁,5号线,车陂南
0100,00194495,地铁,5号线,车陂南
0100,00194496,地铁,5号线,东圃
0100,00194497,地铁,5号线,东圃
0100,00194498,地铁,5号线,东圃
0100,00194499,地铁,5号线,东圃
0100,00194500,地铁,5号线,东圃
0100,00194501,地铁,5号线,东圃
0100,00194502,地铁,5号线,东圃
0100,00194503,地铁,5号线,东圃
0100,00194504,地铁,5号线,三溪
0100,00194505,地铁,5号线,三溪
0100,00194506,地铁,5号线,三溪
0100,00194507,地铁,5号线,三溪
0100,00194508,地铁,5号线,三溪
0100,00194509,地铁,5号线,三溪
0100,00194510,地铁,5号线,三溪
0100,00194511,地铁,5号线,三溪
0100,00194512,地铁,5号线,鱼珠
0100,00194513,地铁,5号线,鱼珠
0100,00194514,地铁,5号线,鱼珠
0100,00194515,地铁,5号线,鱼珠
0100,00194516,地铁,5号线,鱼珠
0100,00194517,地铁,5号线,鱼珠
0100,00194518,地铁,4号线,庆盛
0100,00194519,地铁,4号线,庆盛
0100,00194520,地铁,5号线,大沙地
0100,00194521,地铁,5号线,大沙地
0100,00194522,地铁,5号线,大沙地
0100,00194523,地铁,5号线,大沙地
0100,00194524,地铁,5号线,大沙地
0100,00194525,地铁,5号线,大沙地
0100,00194526,地铁,5号线,大沙地
0100,00194527,地铁,5号线,大沙地
0100,00194528,地铁,5号线,大沙东
0100,00194529,地铁,5号线,大沙东
0100,00194530,地铁,5号线,大沙东
0100,00194531,地铁,5号线,大沙东
0100,00194532,地铁,5号线,大沙东
0100,00194533,地铁,5号线,大沙东
0100,00194534,地铁,5号线,大沙东
0100,00194535,地铁,5号线,大沙东
0100,00194536,地铁,5号线,大沙东
0100,00194537,地铁,5号线,大沙东
0100,00194538,地铁,5号线,文冲
0100,00194539,地铁,5号线,文冲
0100,00194540,地铁,5号线,文冲
0100,00194541,地铁,5号线,文冲
0100,00194542,地铁,5号线,文冲
0100,00194543,地铁,5号线,文冲
0100,00194544,地铁,5号线,文冲
0100,00194545,地铁,5号线,文冲
0100,00194546,地铁,5号线,滘口
0100,00194547,地铁,5号线,滘口
0100,00194548,地铁,5号线,滘口
0100,00194549,地铁,5号线,滘口
0100,00194550,地铁,5号线,滘口
0100,00194551,地铁,5号线,滘口
0100,00194552,地铁,5号线,滘口
0100,00194553,地铁,5号线,滘口
0100,00194554,地铁,4号线,黄村
0100,00194555,地铁,4号线,黄村
0100,00194556,地铁,4号线,黄村
0100,00194557,地铁,4号线,黄村
0100,00194558,地铁,4号线,黄村
0100,00194559,地铁,4号线,黄村
0100,00194560,地铁,4号线,黄村
0100,00194561,地铁,4号线,黄村
0100,00194562,地铁,4号线,黄村
0100,00194563,地铁,4号线,黄村
0100,00194564,地铁,4号线,黄村
0100,00194565,地铁,4号线,黄村
0100,00194566,地铁,4号线,黄村
0100,00194567,地铁,4号线,黄村
0100,00194568,地铁,4号线,黄村
0100,00194569,地铁,4号线,黄村
0100,00194570,地铁,4号线,黄村
0100,00194571,地铁,4号线,黄村
0100,00194572,地铁,4号线,黄村
0100,00194573,地铁,4号线,黄村
0100,00194574,地铁,4号线,车陂
0100,00194575,地铁,4号线,车陂
0100,00194576,地铁,4号线,车陂
0100,00194577,地铁,4号线,车陂
0100,00194578,地铁,4号线,车陂
0100,00194579,地铁,4号线,车陂
0100,00194580,地铁,4号线,车陂
0100,00194581,地铁,4号线,车陂
0100,00194582,地铁,4号线,车陂
0100,00194583,地铁,4号线,车陂
0100,00194584,地铁,4号线,车陂
0100,00194585,地铁,4号线,车陂
0100,00194586,地铁,4号线,车陂
0100,00194587,地铁,4号线,车陂
0100,00194588,地铁,4号线,车陂
0100,00194589,地铁,4号线,车陂
0100,00194590,地铁,4号线,车陂
0100,00194591,地铁,4号线,车陂
0100,00194592,地铁,4号线,车陂
0100,00194593,地铁,4号线,车陂
0100,00194594,地铁,4号线,车陂
0100,00194595,地铁,4号线,车陂
0100,00194596,地铁,4号线,万胜围
0100,00194597,地铁,4号线,万胜围
0100,00194598,地铁,4号线,万胜围
0100,00194599,地铁,4号线,万胜围
0100,00194600,地铁,4号线,万胜围
0100,00194601,地铁,4号线,万胜围
0100,00194602,地铁,4号线,万胜围
0100,00194603,地铁,4号线,万胜围
0100,00194604,地铁,4号线,万胜围
0100,00194605,地铁,4号线,万胜围
0100,00194606,地铁,4号线,万胜围
0100,00194607,地铁,4号线,万胜围
0100,00194608,地铁,4号线,车陂
0100,00194609,地铁,4号线,车陂
0100,00194610,地铁,4号线,万胜围
0100,00194611,地铁,4号线,万胜围
0100,00194612,地铁,4号线,万胜围
0100,00194613,地铁,4号线,万胜围
0100,00194614,地铁,4号线,万胜围
0100,00194615,地铁,4号线,万胜围
0100,00194616,地铁,4号线,万胜围
0100,00194617,地铁,4号线,万胜围
0100,00194618,地铁,4号线,万胜围
0100,00194619,地铁,4号线,万胜围
0100,00194620,地铁,4号线,万胜围
0100,00194621,地铁,4号线,万胜围
0100,00194622,地铁,4号线,万胜围
0100,00194623,地铁,4号线,万胜围
0100,00194624,地铁,4号线,万胜围
0100,00194625,地铁,4号线,万胜围
0100,00194626,地铁,4号线,万胜围
0100,00194627,地铁,4号线,万胜围
0100,00194628,地铁,4号线,万胜围
0100,00194629,地铁,4号线,万胜围
0100,00194630,地铁,4号线,万胜围
0100,00194631,地铁,4号线,万胜围
0100,00194632,地铁,4号线,万胜围
0100,00194633,地铁,4号线,万胜围
0100,00194634,地铁,4号线,万胜围
0100,00194635,地铁,4号线,万胜围
0100,00194636,地铁,4号线,万胜围
0100,00194637,地铁,4号线,万胜围
0100,00194638,地铁,4号线,万胜围
0100,00194639,地铁,4号线,万胜围
0100,00194640,地铁,4号线,万胜围
0100,00194641,地铁,4号线,万胜围
0100,00194642,地铁,4号线,官洲
0100,00194643,地铁,4号线,官洲
0100,00194644,地铁,4号线,官洲
0100,00194645,地铁,4号线,官洲
0100,00194646,地铁,4号线,官洲
0100,00194647,地铁,4号线,官洲
0100,00194648,地铁,4号线,官洲
0100,00194649,地铁,4号线,官洲
0100,00194650,地铁,4号线,官洲
0100,00194651,地铁,4号线,官洲
0100,00194652,地铁,4号线,官洲
0100,00194653,地铁,4号线,官洲
0100,00194654,地铁,4号线,官洲
0100,00194655,地铁,4号线,官洲
0100,00194656,地铁,4号线,官洲
0100,00194657,地铁,4号线,官洲
0100,00194658,地铁,4号线,官洲
0100,00194659,地铁,4号线,大学城北
0100,00194660,地铁,4号线,大学城北
0100,00194661,地铁,4号线,大学城北
0100,00194662,地铁,4号线,大学城北
0100,00194663,地铁,4号线,大学城北
0100,00194664,地铁,4号线,大学城北
0100,00194665,地铁,4号线,大学城北
0100,00194666,地铁,4号线,大学城北
0100,00194667,地铁,4号线,大学城北
0100,00194668,地铁,4号线,黄村
0100,00194670,地铁,4号线,大学城北
0100,00194671,地铁,4号线,大学城北
0100,00194672,地铁,4号线,大学城北
0100,00194673,地铁,4号线,大学城北
0100,00194674,地铁,4号线,大学城北
0100,00194675,地铁,4号线,大学城北
0100,00194676,地铁,4号线,大学城北
0100,00194677,地铁,4号线,大学城北
0100,00194678,地铁,4号线,大学城北
0100,00194679,地铁,4号线,大学城北
0100,00194680,地铁,4号线,大学城北
0100,00194681,地铁,4号线,大学城北
0100,00194682,地铁,4号线,大学城北
0100,00194683,地铁,4号线,大学城北
0100,00194684,地铁,4号线,大学城北
0100,00194685,地铁,4号线,大学城北
0100,00194686,地铁,4号线,大学城北
0100,00194687,地铁,4号线,大学城北
0100,00194688,地铁,4号线,大学城北
0100,00194689,地铁,4号线,大学城北
0100,00194690,地铁,4号线,大学城北
0100,00194691,地铁,4号线,大学城北
0100,00194692,地铁,1号线,芳村
0100,00194693,地铁,1号线,芳村
0100,00194694,地铁,1号线,芳村
0100,00194695,地铁,1号线,芳村
0100,00194696,地铁,1号线,黄沙
0100,00194697,地铁,1号线,黄沙
0100,00194698,地铁,1号线,黄沙
0100,00194699,地铁,1号线,黄沙
0100,00194700,地铁,1号线,黄沙
0100,00194701,地铁,1号线,黄沙
0100,00194702,地铁,1号线,黄沙
0100,00194703,地铁,1号线,黄沙
0100,00194704,地铁,1号线,黄沙
0100,00194705,地铁,1号线,黄沙
0100,00194706,地铁,1号线,黄沙
0100,00194707,地铁,1号线,黄沙
0100,00194708,地铁,1号线,黄沙
0100,00194709,地铁,1号线,黄沙
0100,00194710,地铁,1号线,黄沙
0100,00194711,地铁,1号线,黄沙
0100,00194712,地铁,1号线,黄沙
0100,00194713,地铁,1号线,黄沙
0100,00194714,地铁,1号线,黄沙
0100,00194715,地铁,1号线,黄沙
0100,00194716,地铁,1号线,黄沙
0100,00194717,地铁,1号线,黄沙
0100,00194718,地铁,1号线,黄沙
0100,00194719,地铁,1号线,黄沙
0100,00194720,地铁,1号线,黄沙
0100,00194721,地铁,1号线,黄沙
0100,00194722,地铁,1号线,黄沙
0100,00194723,地铁,1号线,黄沙
0100,00194724,地铁,1号线,黄沙
0100,00194725,地铁,1号线,黄沙
0100,00194726,地铁,1号线,长寿路
0100,00194727,地铁,1号线,长寿路
0100,00194728,地铁,1号线,长寿路
0100,00194729,地铁,1号线,长寿路
0100,00194730,地铁,1号线,长寿路
0100,00194731,地铁,1号线,长寿路
0100,00194732,地铁,1号线,长寿路
0100,00194733,地铁,1号线,长寿路
0100,00194734,地铁,1号线,长寿路
0100,00194735,地铁,1号线,长寿路
0100,00194736,地铁,1号线,长寿路
0100,00194737,地铁,1号线,长寿路
0100,00194738,地铁,1号线,长寿路
0100,00194739,地铁,1号线,长寿路
0100,00194740,地铁,1号线,长寿路
0100,00194741,地铁,1号线,长寿路
0100,00194742,地铁,2号线,纪念堂
0100,00194743,地铁,2号线,纪念堂
0100,00194744,地铁,2号线,纪念堂
0100,00194745,地铁,2号线,纪念堂
0100,00194746,地铁,2号线,纪念堂
0100,00194747,地铁,2号线,纪念堂
0100,00194748,地铁,2号线,纪念堂
0100,00194749,地铁,2号线,纪念堂
0100,00194750,地铁,2号线,嘉禾望岗
0100,00194751,地铁,2号线,嘉禾望岗
0100,00194752,地铁,2号线,嘉禾望岗
0100,00194753,地铁,2号线,嘉禾望岗
0100,00194754,地铁,2号线,嘉禾望岗
0100,00194755,地铁,2号线,嘉禾望岗
0100,00194756,地铁,2号线,嘉禾望岗
0100,00194757,地铁,2号线,嘉禾望岗
0100,00194758,地铁,2号线,嘉禾望岗
0100,00194759,地铁,2号线,嘉禾望岗
0100,00194760,地铁,2号线,嘉禾望岗
0100,00194761,地铁,2号线,嘉禾望岗
0100,00194762,地铁,2号线,黄边
0100,00194763,地铁,2号线,黄边
0100,00194764,地铁,2号线,黄边
0100,00194765,地铁,2号线,黄边
0100,00194766,地铁,2号线,黄边
0100,00194767,地铁,2号线,黄边
0100,00194768,地铁,2号线,黄边
0100,00194769,地铁,2号线,黄边
0100,00194770,地铁,2号线,黄边
0100,00194771,地铁,2号线,黄边
0100,00195676,地铁,2号线,南洲
0100,00195677,地铁,2号线,嘉禾望岗
0100,00195678,地铁,2号线,黄边
0100,00195679,地铁,2号线,江夏
0100,00195680,地铁,2号线,萧岗
0100,00195681,地铁,2号线,白云文化广场
0100,00195682,地铁,2号线,江南西
0100,00195683,地铁,2号线,南洲
0100,00195688,地铁,21号线,镇龙西
0100,00195689,地铁,21号线,镇龙西
0100,00195690,地铁,21号线,镇龙西
0100,00195691,地铁,4号线,大学城北
0100,00195692,地铁,14号线,东风
0100,00195693,地铁,14号线,东风
0100,00195694,地铁,14号线,东风
0100,00195695,地铁,14号线,东风
0100,00195696,地铁,14号线,东风
0100,00195697,地铁,14号线,东风
0100,00195698,地铁,14号线,东风
0100,00195699,地铁,14号线,东风
0100,00195700,地铁,14号线,从化客运站
0100,00195701,地铁,14号线,从化客运站
0100,00195702,地铁,14号线,从化客运站
0100,00195703,地铁,14号线,从化客运站
0100,00195704,地铁,14号线,从化客运站
0100,00195705,地铁,14号线,从化客运站
0100,00195706,地铁,14号线,从化客运站
0100,00195707,地铁,14号线,从化客运站
0100,00195708,地铁,14号线,赤草
0100,00195709,地铁,14号线,赤草
0100,00195710,地铁,14号线,赤草
0100,00195711,地铁,14号线,赤草
0100,00195712,地铁,14号线,赤草
0100,00195713,地铁,14号线,赤草
0100,00195714,地铁,14号线,赤草
0100,00195715,地铁,14号线,赤草
0100,00195716,地铁,14号线,神岗
0100,00195717,地铁,14号线,神岗
0100,00195718,地铁,14号线,神岗
0100,00195719,地铁,14号线,神岗
0100,00195720,地铁,14号线,神岗
0100,00195721,地铁,14号线,神岗
0100,00195722,地铁,14号线,神岗
0100,00195723,地铁,14号线,神岗
0100,00195724,地铁,14号线,太平
0100,00195725,地铁,14号线,太平
0100,00195726,地铁,14号线,太平
0100,00195727,地铁,14号线,太平
0100,00195728,地铁,14号线,太平
0100,00195729,地铁,14号线,太平
0100,00195730,地铁,14号线,太平
0100,00195731,地铁,14号线,太平
0100,00195732,地铁,14号线,马沥
0100,00195733,地铁,14号线,马沥
0100,00195734,地铁,14号线,马沥
0100,00195735,地铁,14号线,马沥
0100,00195736,地铁,14号线,马沥
0100,00195737,地铁,14号线,马沥
0100,00195738,地铁,14号线,马沥
0100,00195739,地铁,14号线,马沥
0100,00195740,地铁,14号线,钟落潭
0100,00195741,地铁,14号线,钟落潭
0100,00195742,地铁,14号线,钟落潭
0100,00195743,地铁,14号线,钟落潭
0100,00195744,地铁,14号线,钟落潭
0100,00195745,地铁,14号线,钟落潭
0100,00195746,地铁,14号线,钟落潭
0100,00195747,地铁,14号线,钟落潭
0100,00195748,地铁,14号线,竹料
0100,00195749,地铁,14号线,竹料
0100,00195750,地铁,14号线,竹料
0100,00195751,地铁,14号线,竹料
0100,00195752,地铁,14号线,竹料
0100,00195753,地铁,14号线,竹料
0100,00195754,地铁,14号线,竹料
0100,00195755,地铁,14号线,竹料
0100,00195756,地铁,14号线,太和
0100,00195757,地铁,14号线,太和
0100,00195758,地铁,14号线,太和
0100,00195759,地铁,14号线,太和
0100,00195760,地铁,14号线,太和
0100,00195761,地铁,14号线,太和
0100,00195762,地铁,14号线,太和
0100,00195763,地铁,14号线,太和
0100,00195764,地铁,14号线,夏良
0100,00195765,地铁,14号线,夏良
0100,00195766,地铁,14号线,夏良
0100,00195767,地铁,14号线,夏良
0100,00195768,地铁,14号线,夏良
0100,00195769,地铁,14号线,东风
0100,00195770,地铁,14号线,东风
0100,00195771,地铁,14号线,东风
0100,00195772,地铁,14号线,东风
0100,00195773,地铁,14号线,东风
0100,00195774,地铁,14号线,东风
0100,00195775,地铁,14号线,东风
0100,00195776,地铁,14号线,东风
0100,00195777,地铁,14号线,东风
0100,00195778,地铁,14号线,东风
0100,00195779,地铁,14号线,东风
0100,00195780,地铁,14号线,东风
0100,00195781,地铁,14号线,东风
0100,00195782,地铁,14号线,东风
0100,00195783,地铁,14号线,东风
0100,00195784,地铁,14号线,东风
0100,00195785,地铁,14号线,东风
0100,00195786,地铁,14号线,东风
0100,00195787,地铁,14号线,东风
0100,00195788,地铁,14号线,东风
0100,00195789,地铁,14号线,东风
0100,00195790,地铁,14号线,东风
0100,00195791,地铁,14号线,东风
0100,00195792,地铁,14号线,东风
0100,00195793,地铁,14号线,东风
0100,00195794,地铁,14号线,东风
0100,00195795,地铁,14号线,东风
0100,00195796,地铁,14号线,东风
0100,00195797,地铁,14号线,东风
0100,00195798,地铁,14号线,东风
0100,00195799,地铁,14号线,东风
0100,00195800,地铁,14号线,东风
0100,00195801,地铁,14号线,东风
0100,00195802,地铁,14号线,东风
0100,00195803,地铁,14号线,东风
0100,00195804,地铁,14号线,东风
0100,00195805,地铁,14号线,东风
0100,00195806,地铁,14号线,东风
0100,00195807,地铁,14号线,东风
0100,00195808,地铁,14号线,东风
0100,00195809,地铁,14号线,从化客运站
0100,00195810,地铁,14号线,从化客运站
0100,00195811,地铁,14号线,从化客运站
0100,00195812,地铁,14号线,从化客运站
0100,00195813,地铁,14号线,从化客运站
0100,00195814,地铁,14号线,从化客运站
0100,00195815,地铁,14号线,从化客运站
0100,00195816,地铁,14号线,从化客运站
0100,00195817,地铁,14号线,从化客运站
0100,00195818,地铁,14号线,从化客运站
0100,00195819,地铁,14号线,从化客运站
0100,00195820,地铁,14号线,从化客运站
0100,00195821,地铁,14号线,从化客运站
0100,00195822,地铁,14号线,从化客运站
0100,00195823,地铁,14号线,从化客运站
0100,00195824,地铁,14号线,从化客运站
0100,00195825,地铁,14号线,从化客运站
0100,00195826,地铁,14号线,从化客运站
0100,00195827,地铁,14号线,从化客运站
0100,00195828,地铁,14号线,从化客运站
0100,00195829,地铁,14号线,从化客运站
0100,00195830,地铁,14号线,从化客运站
0100,00195831,地铁,14号线,从化客运站
0100,00195832,地铁,14号线,从化客运站
0100,00195833,地铁,14号线,从化客运站
0100,00195834,地铁,14号线,从化客运站
0100,00195835,地铁,14号线,从化客运站
0100,00195836,地铁,14号线,从化客运站
0100,00195837,地铁,14号线,从化客运站
0100,00195838,地铁,14号线,从化客运站
0100,00195839,地铁,14号线,从化客运站
0100,00195840,地铁,14号线,从化客运站
0100,00195841,地铁,14号线,从化客运站
0100,00195842,地铁,14号线,从化客运站
0100,00195843,地铁,14号线,从化客运站
0100,00195844,地铁,14号线,从化客运站
0100,00195845,地铁,14号线,从化客运站
0100,00195846,地铁,14号线,从化客运站
0100,00195847,地铁,14号线,从化客运站
0100,00195848,地铁,14号线,从化客运站
0100,00195849,地铁,14号线,从化客运站
0100,00195850,地铁,14号线,赤草
0100,00195851,地铁,14号线,赤草
0100,00195852,地铁,14号线,赤草
0100,00195853,地铁,14号线,赤草
0100,00195854,地铁,14号线,赤草
0100,00195855,地铁,14号线,赤草
0100,00195856,地铁,14号线,赤草
0100,00195857,地铁,14号线,赤草
0100,00195858,地铁,14号线,赤草
0100,00195859,地铁,14号线,赤草
0100,00195860,地铁,14号线,赤草
0100,00195861,地铁,14号线,赤草
0100,00195862,地铁,14号线,赤草
0100,00195863,地铁,14号线,赤草
0100,00195864,地铁,14号线,赤草
0100,00195865,地铁,14号线,赤草
0100,00195866,地铁,14号线,赤草
0100,00195867,地铁,14号线,赤草
0100,00195868,地铁,14号线,赤草
0100,00195869,地铁,14号线,赤草
0100,00195870,地铁,14号线,赤草
0100,00195871,地铁,14号线,赤草
0100,00195872,地铁,14号线,赤草
0100,00195873,地铁,14号线,赤草
0100,00195874,地铁,14号线,赤草
0100,00195875,地铁,14号线,赤草
0100,00195876,地铁,14号线,赤草
0100,00195877,地铁,14号线,赤草
0100,00195878,地铁,14号线,赤草
0100,00195879,地铁,14号线,赤草
0100,00195880,地铁,14号线,赤草
0100,00195881,地铁,14号线,赤草
0100,00195882,地铁,14号线,神岗
0100,00195883,地铁,14号线,神岗
0100,00195884,地铁,14号线,神岗
0100,00195885,地铁,14号线,神岗
0100,00195886,地铁,14号线,神岗
0100,00195887,地铁,14号线,神岗
0100,00195888,地铁,14号线,神岗
0100,00195889,地铁,14号线,神岗
0100,00195891,地铁,14号线,神岗
0100,00195892,地铁,14号线,神岗
0100,00195893,地铁,14号线,神岗
0100,00195894,地铁,14号线,神岗
0100,00195895,地铁,14号线,神岗
0100,00195896,地铁,14号线,神岗
0100,00195897,地铁,14号线,神岗
0100,00195898,地铁,14号线,神岗
0100,00195899,地铁,14号线,神岗
0100,00195900,地铁,14号线,神岗
0100,00195901,地铁,14号线,神岗
0100,00195902,地铁,14号线,神岗
0100,00195903,地铁,14号线,神岗
0100,00195904,地铁,14号线,神岗
0100,00195905,地铁,14号线,神岗
0100,00195906,地铁,14号线,神岗
0100,00195907,地铁,14号线,神岗
0100,00195908,地铁,14号线,神岗
0100,00195909,地铁,14号线,神岗
0100,00195910,地铁,14号线,神岗
0100,00195911,地铁,14号线,神岗
0100,00195912,地铁,14号线,神岗
0100,00195913,地铁,14号线,神岗
0100,00195914,地铁,14号线,神岗
0100,00195915,地铁,14号线,神岗
0100,00195916,地铁,14号线,神岗
0100,00195917,地铁,14号线,神岗
0100,00195918,地铁,14号线,太平
0100,00195919,地铁,14号线,太平
0100,00195920,地铁,14号线,太平
0100,00195921,地铁,14号线,太平
0100,00195922,地铁,14号线,太平
0100,00195923,地铁,14号线,太平
0100,00195924,地铁,14号线,太平
0100,00195925,地铁,14号线,太平
0100,00195926,地铁,14号线,太平
0100,00195927,地铁,14号线,太平
0100,00195928,地铁,14号线,太平
0100,00195929,地铁,14号线,太平
0100,00197408,地铁,21号线,员村
0100,00197409,地铁,21号线,天河智慧城
0100,00197410,地铁,21号线,天河智慧城
0100,00197411,地铁,21号线,天河智慧城
0100,00197412,地铁,21号线,天河智慧城
0100,00197413,地铁,21号线,天河智慧城
0100,00197414,地铁,21号线,天河智慧城
0100,00197415,地铁,21号线,天河智慧城
0100,00197416,地铁,21号线,天河智慧城
0100,00197417,地铁,21号线,天河智慧城
0100,00197418,地铁,21号线,苏元
0100,00197419,地铁,21号线,苏元
0100,00197420,地铁,21号线,苏元
0100,00197421,地铁,21号线,苏元
0100,00197422,地铁,21号线,苏元
0100,00197423,地铁,21号线,金坑
0100,00197424,地铁,21号线,金坑
0100,00197425,地铁,21号线,金坑
0100,00197426,地铁,21号线,金坑
0100,00197427,地铁,21号线,金坑
0100,00197428,地铁,21号线,金坑
0100,00197429,地铁,21号线,金坑
0100,00197430,地铁,21号线,金坑
0100,00197431,地铁,21号线,天河智慧城
0100,00197433,地铁,21号线,科学城
0100,00197434,地铁,21号线,科学城
0100,00197435,地铁,21号线,科学城
0100,00197436,地铁,21号线,科学城
0100,00197437,地铁,21号线,科学城
0100,00197438,地铁,21号线,科学城
0100,00197439,地铁,21号线,科学城
0100,00197440,地铁,21号线,科学城
0100,00197441,地铁,21号线,科学城
0100,00197442,地铁,21号线,科学城
0100,00197443,地铁,21号线,科学城
0100,00197444,地铁,21号线,科学城
0100,00197445,地铁,21号线,科学城
0100,00197446,地铁,21号线,科学城
0100,00197447,地铁,21号线,科学城
0100,00197448,地铁,21号线,神舟路
0100,00197449,地铁,21号线,神舟路
0100,00197450,地铁,21号线,神舟路
0100,00197451,地铁,21号线,神舟路
0100,00197452,地铁,21号线,神舟路
0100,00197453,地铁,21号线,神舟路
0100,00197454,地铁,21号线,神舟路
0100,00197455,地铁,21号线,神舟路
0100,00197456,地铁,21号线,神舟路
0100,00197457,地铁,21号线,神舟路
0100,00197458,地铁,21号线,神舟路
0100,00197459,地铁,21号线,神舟路
0100,00197460,地铁,21号线,神舟路
0100,00197461,地铁,21号线,神舟路
0100,00197462,地铁,21号线,天河智慧城
0100,00197463,地铁,21号线,天河智慧城
0100,00197464,地铁,21号线,天河智慧城
0100,00197465,地铁,21号线,天河智慧城
0100,00197466,地铁,21号线,天河智慧城
0100,00197467,地铁,21号线,天河智慧城
0100,00197468,地铁,21号线,天河智慧城
0100,00197469,地铁,21号线,大观南路
0100,00197470,地铁,21号线,大观南路
0100,00197471,地铁,21号线,大观南路
0100,00197472,地铁,21号线,大观南路
0100,00197473,地铁,21号线,大观南路
0100,00197474,地铁,21号线,大观南路
0100,00197475,地铁,21号线,大观南路
0100,00197476,地铁,21号线,大观南路
0100,00197477,地铁,21号线,大观南路
0100,00197478,地铁,21号线,大观南路
0100,00197479,地铁,21号线,大观南路
0100,00197480,地铁,21号线,大观南路
0100,00197481,地铁,21号线,大观南路
0100,00197482,地铁,21号线,大观南路
0100,00197483,地铁,21号线,大观南路
0100,00197484,地铁,21号线,大观南路
0100,00197485,地铁,21号线,大观南路
0100,00197486,地铁,21号线,大观南路
0100,00197487,地铁,21号线,黄村
0100,00197488,地铁,21号线,黄村
0100,00197489,地铁,21号线,黄村
0100,00197490,地铁,21号线,黄村
0100,00197491,地铁,21号线,黄村
0100,00197492,地铁,21号线,黄村
0100,00197493,地铁,21号线,黄村
0100,00197494,地铁,21号线,黄村
0100,00197495,地铁,21号线,黄村
0100,00197496,地铁,21号线,黄村
0100,00197497,地铁,21号线,黄村
0100,00197498,地铁,21号线,黄村
0100,00197499,地铁,21号线,黄村
0100,00197500,地铁,21号线,黄村
0100,00197501,地铁,21号线,黄村
0100,00197502,地铁,21号线,黄村
0100,00197503,地铁,21号线,黄村
0100,00197504,地铁,21号线,棠东
0100,00197505,地铁,21号线,棠东
0100,00197506,地铁,21号线,棠东
0100,00197507,地铁,21号线,棠东
0100,00197508,地铁,21号线,棠东
0100,00197509,地铁,21号线,棠东
0100,00197510,地铁,21号线,棠东
0100,00197511,地铁,21号线,棠东
0100,00197512,地铁,21号线,棠东
0100,00197513,地铁,21号线,棠东
0100,00197514,地铁,21号线,棠东
0100,00197515,地铁,21号线,棠东
0100,00197516,地铁,21号线,棠东
0100,00197517,地铁,21号线,天河公园
0100,00197518,地铁,21号线,天河公园
0100,00197519,地铁,21号线,天河公园
0100,00197520,地铁,21号线,天河公园
0100,00197521,地铁,21号线,天河公园
0100,00197522,地铁,21号线,天河公园
0100,00197523,地铁,21号线,天河公园
0100,00197524,地铁,21号线,天河公园
0100,00197525,地铁,21号线,天河公园
0100,00197526,地铁,21号线,天河公园
0100,00197527,地铁,21号线,天河公园
0100,00197528,地铁,21号线,天河公园
0100,00197529,地铁,21号线,天河公园
0100,00197530,地铁,21号线,天河公园
0100,00197531,地铁,21号线,天河公园
0100,00197532,地铁,21号线,天河公园
0100,00197533,地铁,21号线,天河公园
0100,00197534,地铁,21号线,天河公园
0100,00197535,地铁,21号线,天河公园
0100,00197536,地铁,21号线,天河公园
0100,00197537,地铁,21号线,天河公园
0100,00197538,地铁,21号线,天河公园
0100,00197539,地铁,21号线,天河公园
0100,00197540,地铁,21号线,天河公园
0100,00197541,地铁,21号线,天河公园
0100,00197542,地铁,21号线,天河公园
0100,00197543,地铁,21号线,天河公园
0100,00197544,地铁,21号线,天河公园
0100,00197545,地铁,21号线,天河公园
0100,00197546,地铁,21号线,天河公园
0100,00197547,地铁,21号线,天河公园
0100,00197548,地铁,21号线,天河公园
0100,00197549,地铁,21号线,天河公园
0100,00197550,地铁,21号线,天河公园
0100,00197551,地铁,21号线,员村
0100,00197552,地铁,21号线,员村
0100,00197553,地铁,21号线,员村
0100,00197554,地铁,21号线,员村
0100,00197555,地铁,21号线,员村
0100,00197556,地铁,21号线,员村
0100,00197557,地铁,21号线,员村
0100,00197558,地铁,21号线,员村
0100,00197559,地铁,21号线,员村
0100,00197560,地铁,21号线,员村
0100,00197561,地铁,21号线,员村
0100,00197562,地铁,21号线,员村
0100,00197564,地铁,21号线,员村
0100,00197565,地铁,21号线,员村
0100,00197566,地铁,21号线,员村
0100,00197567,地铁,21号线,员村
0100,00197568,地铁,21号线,员村
0100,00197569,地铁,21号线,员村
0100,00197570,地铁,21号线,员村
0100,00197571,地铁,21号线,员村
0100,00197572,地铁,21号线,员村
0100,00197573,地铁,21号线,员村
0100,00197574,地铁,21号线,员村
0100,00197575,地铁,21号线,员村
0100,00197576,地铁,21号线,员村
0100,00197577,地铁,21号线,员村
0100,00197602,地铁,21号线,员村
0100,00197603,地铁,21号线,员村
0100,00197604,地铁,21号线,天河公园
0100,00197605,地铁,21号线,天河公园
0100,00197606,地铁,21号线,天河公园
0100,00197607,地铁,21号线,大观南路
0100,00197608,地铁,21号线,大观南路
0100,00197609,地铁,21号线,天河智慧城
0100,00197610,地铁,21号线,天河智慧城
0100,00197611,地铁,21号线,科学城
0100,00197612,地铁,21号线,科学城
0100,00197613,地铁,21号线,长平
0100,00197614,地铁,21号线,长平
0100,00197615,地铁,21号线,苏元
0100,00197616,地铁,21号线,苏元
0100,00197617,地铁,21号线,员村
0100,00197618,地铁,21号线,员村
0100,00197619,地铁,21号线,员村
0100,00197620,地铁,21号线,员村
0100,00197621,地铁,21号线,员村
0100,00197622,地铁,21号线,员村
0100,00197623,地铁,21号线,员村
0100,00197624,地铁,21号线,员村
0100,00197625,地铁,21号线,员村
0100,00197626,地铁,21号线,员村
0100,00197627,地铁,21号线,员村
0100,00197628,地铁,21号线,员村
0100,00197629,地铁,21号线,员村
0100,00197630,地铁,21号线,员村
0100,00197631,地铁,21号线,员村
0100,00197632,地铁,21号线,员村
0100,00197633,地铁,21号线,员村
0100,00197635,地铁,21号线,员村
0100,00197638,地铁,21号线,天河智慧城
0100,00197639,地铁,21号线,天河智慧城
0100,00197640,地铁,21号线,员村
0100,00197641,地铁,21号线,员村
0100,00197642,地铁,21号线,员村
0100,00197643,地铁,21号线,员村
0100,00197644,地铁,21号线,员村
0100,00197645,地铁,21号线,员村
0100,00197646,地铁,21号线,员村
0100,00197647,地铁,21号线,员村
0100,00197648,地铁,21号线,员村
0100,00197649,地铁,21号线,天河公园
0100,00197650,地铁,21号线,天河公园
0100,00197651,地铁,21号线,天河公园
0100,00197652,地铁,21号线,天河公园
0100,00197653,地铁,21号线,天河公园
0100,00197654,地铁,21号线,天河公园
0100,00197655,地铁,21号线,天河公园
0100,00197656,地铁,21号线,天河公园
0100,00197657,地铁,21号线,天河公园
0100,00197658,地铁,21号线,天河公园
0100,00197659,地铁,21号线,天河公园
0100,00197660,地铁,21号线,天河公园
0100,00197661,地铁,21号线,天河公园
0100,00197662,地铁,21号线,天河公园
0100,00197663,地铁,21号线,天河公园
0100,00197664,地铁,21号线,天河公园
0100,00197665,地铁,21号线,天河公园
0100,00197666,地铁,21号线,天河公园
0100,00197667,地铁,21号线,天河公园
0100,00197668,地铁,21号线,天河公园
0100,00197669,地铁,21号线,天河公园
0100,00197670,地铁,21号线,天河公园
0100,00197671,地铁,21号线,天河公园
0100,00197672,地铁,21号线,天河公园
0100,00197673,地铁,21号线,天河公园
0100,00197674,地铁,21号线,天河公园
0100,00197675,地铁,21号线,天河公园
0100,00197676,地铁,21号线,天河公园
0100,00197677,地铁,21号线,天河公园
0100,00197678,地铁,21号线,天河公园
0100,00197679,地铁,21号线,大观南路
0100,00197680,地铁,21号线,大观南路
0100,00197681,地铁,21号线,大观南路
0100,00197682,地铁,21号线,大观南路
0100,00197683,地铁,21号线,大观南路
0100,00197684,地铁,21号线,大观南路
0100,00197685,地铁,21号线,大观南路
0100,00197686,地铁,21号线,大观南路
0100,00197687,地铁,21号线,大观南路
0100,00197688,地铁,21号线,大观南路
0100,00197689,地铁,21号线,大观南路
0100,00197690,地铁,21号线,大观南路
0100,00197691,地铁,21号线,大观南路
0100,00197692,地铁,21号线,大观南路
0100,00197693,地铁,21号线,大观南路
0100,00197694,地铁,21号线,大观南路
0100,00197695,地铁,21号线,大观南路
0100,00197696,地铁,21号线,大观南路
0100,00197697,地铁,21号线,大观南路
0100,00197698,地铁,21号线,大观南路
0100,00197699,地铁,21号线,大观南路
0100,00197700,地铁,21号线,大观南路
0100,00197701,地铁,21号线,大观南路
0100,00197702,地铁,21号线,大观南路
0100,00197703,地铁,21号线,大观南路
0100,00197704,地铁,21号线,天河智慧城
0100,00197705,地铁,21号线,天河智慧城
0100,00197706,地铁,21号线,天河智慧城
0100,00197707,地铁,21号线,天河智慧城
0100,00197708,地铁,21号线,天河智慧城
0100,00197709,地铁,21号线,天河智慧城
0100,00197710,地铁,21号线,天河智慧城
0100,00197711,地铁,21号线,天河智慧城
0100,00197712,地铁,21号线,天河智慧城
0100,00197713,地铁,21号线,天河智慧城
0100,00197714,地铁,21号线,天河智慧城
0100,00197715,地铁,21号线,天河智慧城
0100,00197716,地铁,21号线,天河智慧城
0100,00197717,地铁,21号线,天河智慧城
0100,00197718,地铁,21号线,天河智慧城
0100,00197719,地铁,21号线,天河智慧城
0100,00197720,地铁,21号线,天河智慧城
0100,00197721,地铁,21号线,天河智慧城
0100,00197722,地铁,21号线,天河智慧城
0100,00197723,地铁,21号线,天河智慧城
0100,00197724,地铁,21号线,天河智慧城
0100,00197725,地铁,21号线,天河智慧城
0100,00197726,地铁,21号线,天河智慧城
0100,00197727,地铁,21号线,天河智慧城
0100,00197728,地铁,21号线,天河智慧城
0100,00197729,地铁,21号线,天河智慧城
0100,00197730,地铁,21号线,天河智慧城
0100,00197731,地铁,21号线,天河智慧城
0100,00197732,地铁,21号线,天河智慧城
0100,00197733,地铁,21号线,科学城
0100,00197734,地铁,21号线,科学城
0100,00197735,地铁,21号线,科学城
0100,00197736,地铁,21号线,科学城
0100,00197737,地铁,21号线,科学城
0100,00197738,地铁,21号线,科学城
0100,00197739,地铁,21号线,科学城
0100,00197740,地铁,21号线,科学城
0100,00197741,地铁,21号线,科学城
0100,00197742,地铁,21号线,科学城
0100,00197743,地铁,21号线,科学城
0100,00197744,地铁,21号线,科学城
0100,00197745,地铁,21号线,科学城
0100,00197746,地铁,21号线,科学城
0100,00197747,地铁,21号线,科学城
0100,00197748,地铁,21号线,科学城
0100,00197749,地铁,21号线,科学城
0100,00197750,地铁,21号线,科学城
0100,00197751,地铁,21号线,科学城
0100,00197752,地铁,21号线,科学城
0100,00197753,地铁,21号线,科学城
0100,00197754,地铁,21号线,长平
0100,00197755,地铁,21号线,长平
0100,00197756,地铁,21号线,长平
0100,00197757,地铁,21号线,长平
0100,00197758,地铁,21号线,长平
0100,00197759,地铁,21号线,长平
0100,00197760,地铁,21号线,长平
0100,00197761,地铁,21号线,长平
0100,00197762,地铁,21号线,长平
0100,00197763,地铁,21号线,长平
0100,00197764,地铁,21号线,长平
0100,00197765,地铁,21号线,长平
0100,00197766,地铁,21号线,长平
0100,00197767,地铁,21号线,长平
0100,00197768,地铁,21号线,长平
0100,00197769,地铁,21号线,长平
0100,00197770,地铁,21号线,长平
0100,00197771,地铁,21号线,长平
0100,00197772,地铁,21号线,长平
0100,00197773,地铁,21号线,长平
0100,00197774,地铁,21号线,长平
0100,00197775,地铁,21号线,长平
0100,00197776,地铁,21号线,长平
0100,00197777,地铁,21号线,长平
0100,00197778,地铁,21号线,长平
0100,00197779,地铁,21号线,长平
0100,00197780,地铁,21号线,苏元
0100,00197781,地铁,21号线,苏元
0100,00197782,地铁,21号线,苏元
0100,00197783,地铁,21号线,苏元
0100,00197784,地铁,21号线,苏元
0100,00197785,地铁,21号线,苏元
0100,00197786,地铁,21号线,苏元
0100,00197787,地铁,21号线,苏元
0100,00197788,地铁,21号线,苏元
0100,00197789,地铁,21号线,苏元
0100,00197790,地铁,21号线,苏元
0100,00197791,地铁,21号线,苏元
0100,00197792,地铁,21号线,苏元
0100,00197793,地铁,21号线,苏元
0100,00197794,地铁,21号线,苏元
0100,00197795,地铁,21号线,苏元
0100,00197796,地铁,21号线,苏元
0100,00197797,地铁,21号线,苏元
0100,00197798,地铁,21号线,苏元
0100,00197799,地铁,21号线,苏元
0100,00197800,地铁,21号线,苏元
0100,00197801,地铁,21号线,苏元
0100,00197802,地铁,21号线,金坑
0100,00197803,地铁,21号线,金坑
0100,00197804,地铁,21号线,金坑
0100,00197805,地铁,21号线,金坑
0100,00197806,地铁,21号线,金坑
0100,00197807,地铁,21号线,金坑
0100,00197808,地铁,21号线,金坑
0100,00197809,地铁,21号线,金坑
0100,00197810,地铁,21号线,金坑
0100,00197811,地铁,21号线,金坑
0100,00197812,地铁,21号线,金坑
0100,00197813,地铁,21号线,金坑
0100,00197814,地铁,21号线,金坑
0100,00197815,地铁,21号线,金坑
0100,00197816,地铁,21号线,金坑
0100,00197817,地铁,21号线,金坑
0100,00197818,地铁,21号线,金坑
0100,00197819,地铁,21号线,金坑
0100,00197820,地铁,21号线,金坑
0100,00197821,地铁,21号线,金坑
0100,00197822,地铁,21号线,金坑
0100,00197823,地铁,21号线,金坑
0100,00197824,地铁,21号线,金坑
0100,00197825,地铁,21号线,水西
0100,00197826,地铁,21号线,水西
0100,00197827,地铁,21号线,水西
0100,00197828,地铁,21号线,水西
0100,00197829,地铁,21号线,水西
0100,00197830,地铁,21号线,水西
0100,00197831,地铁,21号线,水西
0100,00197832,地铁,21号线,水西
0100,00197833,地铁,21号线,水西
0100,00197834,地铁,21号线,水西
0100,00197835,地铁,21号线,水西
0100,00197836,地铁,21号线,水西
0100,00197837,地铁,21号线,水西
0100,00197838,地铁,21号线,水西
0100,00197839,地铁,21号线,水西
0100,00197840,地铁,21号线,水西
0100,00197841,地铁,21号线,水西
0100,00197842,地铁,21号线,水西
0100,00197843,地铁,21号线,水西
0100,00197844,地铁,21号线,水西
0100,00197845,地铁,21号线,水西
0100,00197846,地铁,21号线,水西
0100,00197847,地铁,21号线,水西
0100,00197848,地铁,21号线,水西
0100,00197849,地铁,21号线,水西
0100,00197850,地铁,21号线,水西
0100,00197851,地铁,21号线,水西
0100,00197852,地铁,21号线,水西
0100,00197853,地铁,21号线,水西
0100,00197854,地铁,21号线,水西
0100,00197855,地铁,21号线,水西
0100,00197856,地铁,21号线,水西
0100,00197857,地铁,21号线,水西
0100,00197858,地铁,21号线,神舟路
0100,00197859,地铁,21号线,神舟路
0100,00197860,地铁,21号线,神舟路
0100,00197861,地铁,21号线,神舟路
0100,00197862,地铁,21号线,神舟路
0100,00197863,地铁,21号线,神舟路
0100,00197864,地铁,21号线,神舟路
0100,00197865,地铁,21号线,神舟路
0100,00197866,地铁,21号线,神舟路
0100,00197867,地铁,21号线,神舟路
0100,00197868,地铁,21号线,神舟路
0100,00197869,地铁,21号线,神舟路
0100,00197870,地铁,21号线,神舟路
0100,00197871,地铁,21号线,神舟路
0100,00197872,地铁,21号线,神舟路
0100,00197873,地铁,21号线,神舟路
0100,00197874,地铁,21号线,神舟路
0100,00197875,地铁,21号线,神舟路
0100,00197876,地铁,21号线,神舟路
0100,00197877,地铁,21号线,神舟路
0100,00197878,地铁,21号线,神舟路
0100,00197879,地铁,21号线,神舟路
0100,00197880,地铁,21号线,神舟路
0100,00197881,地铁,21号线,黄村
0100,00197882,地铁,21号线,黄村
0100,00197883,地铁,21号线,黄村
0100,00197884,地铁,21号线,黄村
0100,00197885,地铁,21号线,黄村
0100,00197886,地铁,21号线,黄村
0100,00197887,地铁,21号线,黄村
0100,00197888,地铁,21号线,黄村
0100,00197889,地铁,21号线,黄村
0100,00197890,地铁,21号线,黄村
0100,00197891,地铁,21号线,黄村
0100,00197892,地铁,21号线,黄村
0100,00197893,地铁,21号线,黄村
0100,00197894,地铁,21号线,黄村
0100,00197895,地铁,21号线,黄村
0100,00197896,地铁,21号线,黄村
0100,00197897,地铁,21号线,黄村
0100,00197898,地铁,21号线,黄村
0100,00197899,地铁,21号线,黄村
0100,00197900,地铁,21号线,黄村
0100,00197901,地铁,21号线,黄村
0100,00197902,地铁,21号线,黄村
0100,00197903,地铁,21号线,黄村
0100,00197904,地铁,21号线,黄村
0100,00197905,地铁,21号线,黄村
0100,00197906,地铁,21号线,黄村
0100,00197907,地铁,21号线,黄村
0100,00197908,地铁,21号线,棠东
0100,00197909,地铁,21号线,棠东
0100,00197910,地铁,21号线,棠东
0100,00197911,地铁,21号线,棠东
0100,00197912,地铁,21号线,棠东
0100,00197913,地铁,21号线,棠东
0100,00197914,地铁,21号线,棠东
0100,00197915,地铁,21号线,棠东
0100,00197916,地铁,21号线,棠东
0100,00197917,地铁,21号线,棠东
0100,00197918,地铁,21号线,棠东
0100,00197919,地铁,21号线,棠东
0100,00197920,地铁,21号线,棠东
0100,00197921,地铁,21号线,棠东
0100,00197922,地铁,21号线,棠东
0100,00197923,地铁,21号线,棠东
0100,00197924,地铁,21号线,棠东
0100,00197925,地铁,21号线,棠东
0100,00197926,地铁,21号线,棠东
0100,00197927,地铁,21号线,棠东
0100,00197928,地铁,21号线,棠东
0100,00197929,地铁,21号线,棠东
0100,00197930,地铁,21号线,棠东
0100,00197931,地铁,21号线,棠东
0100,00197932,地铁,21号线,棠东
0100,00197933,地铁,21号线,棠东
0100,00197934,地铁,21号线,棠东
0100,00197935,地铁,21号线,棠东
0100,00197936,地铁,21号线,棠东
0100,00197937,地铁,21号线,金坑
0100,00197938,地铁,21号线,金坑
0100,00197939,地铁,21号线,金坑
0100,00197940,地铁,21号线,金坑
0100,00197941,地铁,21号线,金坑
0100,00197942,地铁,21号线,金坑
0100,00197943,地铁,21号线,金坑
0100,00197944,地铁,21号线,金坑
0100,00197945,地铁,21号线,金坑
0100,00197946,地铁,21号线,金坑
0100,00197947,地铁,21号线,金坑
0100,00197948,地铁,21号线,金坑
0100,00197949,地铁,21号线,金坑
0100,00197950,地铁,21号线,金坑
0100,00197951,地铁,21号线,金坑
0100,00197952,地铁,21号线,金坑
0100,00197953,地铁,21号线,金坑
0100,00197954,地铁,21号线,金坑
0100,00197955,地铁,21号线,长平
0100,00197956,地铁,21号线,长平
0100,00197957,地铁,21号线,长平
0100,00197958,地铁,21号线,长平
0100,00197959,地铁,21号线,长平
0100,00197960,地铁,21号线,长平
0100,00197961,地铁,21号线,长平
0100,00197962,地铁,21号线,长平
0100,00197963,地铁,21号线,长平
0100,00197964,地铁,21号线,长平
0100,00197965,地铁,21号线,长平
0100,00197966,地铁,21号线,长平
0100,00197967,地铁,21号线,长平
0100,00197968,地铁,21号线,长平
0100,00197969,地铁,21号线,长平
0100,00197970,地铁,21号线,长平
0100,00197971,地铁,21号线,长平
0100,00197972,地铁,21号线,长平
0100,00197973,地铁,21号线,长平
0100,00197974,地铁,21号线,长平
0100,00197975,地铁,21号线,水西
0100,00197976,地铁,21号线,水西
0100,00197977,地铁,21号线,水西
0100,00197978,地铁,21号线,水西
0100,00197979,地铁,21号线,水西
0100,00197980,地铁,21号线,水西
0100,00197981,地铁,21号线,水西
0100,00197982,地铁,21号线,水西
0100,00197983,地铁,21号线,水西
0100,00197984,地铁,21号线,水西
0100,00197985,地铁,21号线,水西
0100,00197986,地铁,21号线,水西
0100,00197987,地铁,21号线,水西
0100,00197988,地铁,21号线,苏元
0100,00197989,地铁,21号线,苏元
0100,00197990,地铁,21号线,苏元
0100,00197991,地铁,21号线,苏元
0100,00197992,地铁,21号线,苏元
0100,00197993,地铁,21号线,苏元
0100,00197994,地铁,21号线,苏元
0100,00197995,地铁,21号线,苏元
0100,00197996,地铁,21号线,苏元
0100,00197997,地铁,21号线,苏元
0100,00197998,地铁,21号线,苏元
0100,00197999,地铁,21号线,苏元
0100,00198000,地铁,21号线,苏元
0100,00198001,地铁,21号线,苏元
0100,00198053,地铁,21号线,增城广场
0100,00198054,地铁,21号线,增城广场
0100,00198055,地铁,21号线,增城广场
0100,00198056,地铁,21号线,镇龙西
0100,00198057,地铁,21号线,镇龙西
0100,00198058,地铁,21号线,镇龙西
0100,00198059,地铁,21号线,镇龙西
0100,00198060,地铁,21号线,中新
0100,00198061,地铁,21号线,中新
0100,00198062,地铁,21号线,中新
0100,00198063,地铁,21号线,中新
0100,00198064,地铁,21号线,钟岗
0100,00198065,地铁,21号线,钟岗
0100,00198066,地铁,21号线,钟岗
0100,00198067,地铁,21号线,钟岗
0100,00198068,地铁,21号线,朱村
0100,00198069,地铁,21号线,朱村
0100,00198070,地铁,21号线,朱村
0100,00198071,地铁,21号线,朱村
0100,00198072,地铁,21号线,增城广场
0100,00198073,地铁,21号线,增城广场
0100,00198074,地铁,21号线,增城广场
0100,00198075,地铁,21号线,增城广场
0100,00198076,地铁,21号线,增城广场
0100,00198077,地铁,21号线,增城广场
0100,00198078,地铁,21号线,增城广场
0100,00198079,地铁,21号线,增城广场
0100,00198080,地铁,21号线,钟岗
0100,00198081,地铁,21号线,钟岗
0100,00198082,地铁,21号线,钟岗
0100,00198083,地铁,21号线,钟岗
0100,00198084,地铁,21号线,钟岗
0100,00198085,地铁,21号线,钟岗
0100,00198086,地铁,21号线,钟岗
0100,00198087,地铁,21号线,钟岗
0100,00198088,地铁,21号线,山田
0100,00198089,地铁,21号线,山田
0100,00198090,地铁,21号线,山田
0100,00198091,地铁,21号线,山田
0100,00198092,地铁,21号线,山田
0100,00198093,地铁,21号线,山田
0100,00198094,地铁,21号线,山田
0100,00198095,地铁,21号线,山田
0100,00198096,地铁,21号线,朱村
0100,00198097,地铁,21号线,朱村
0100,00198098,地铁,21号线,朱村
0100,00198099,地铁,21号线,朱村
0100,00198100,地铁,21号线,朱村
0100,00198101,地铁,21号线,朱村
0100,00198102,地铁,21号线,朱村
0100,00198103,地铁,21号线,朱村
0100,00198104,地铁,21号线,朱村
0100,00198105,地铁,21号线,朱村
0100,00198106,地铁,21号线,朱村
0100,00198107,地铁,21号线,朱村
0100,00198108,地铁,21号线,朱村
0100,00198109,地铁,21号线,朱村
0100,00198110,地铁,21号线,朱村
0100,00198111,地铁,21号线,朱村
0100,00198112,地铁,21号线,凤岗
0100,00198113,地铁,21号线,凤岗
0100,00198114,地铁,21号线,凤岗
0100,00198115,地铁,21号线,凤岗
0100,00198116,地铁,21号线,凤岗
0100,00198117,地铁,21号线,凤岗
0100,00198118,地铁,21号线,凤岗
0100,00198119,地铁,21号线,凤岗
0100,00198120,地铁,21号线,凤岗
0100,00198121,地铁,21号线,凤岗
0100,00198122,地铁,21号线,凤岗
0100,00198123,地铁,21号线,凤岗
0100,00198124,地铁,21号线,坑贝
0100,00198125,地铁,21号线,坑贝
0100,00198126,地铁,21号线,坑贝
0100,00198127,地铁,21号线,坑贝
0100,00198128,地铁,21号线,坑贝
0100,00198129,地铁,21号线,坑贝
0100,00198130,地铁,21号线,坑贝
0100,00198131,地铁,21号线,坑贝
0100,00198132,地铁,21号线,中新
0100,00198133,地铁,21号线,中新
0100,00198134,地铁,21号线,中新
0100,00198135,地铁,21号线,中新
0100,00198136,地铁,21号线,中新
0100,00198137,地铁,21号线,中新
0100,00198138,地铁,21号线,中新
0100,00198139,地铁,21号线,中新
0100,00198140,地铁,21号线,镇龙西
0100,00198141,地铁,21号线,镇龙西
0100,00198142,地铁,21号线,镇龙西
0100,00198143,地铁,21号线,镇龙西
0100,00198144,地铁,21号线,镇龙西
0100,00198145,地铁,21号线,镇龙西
0100,00198146,地铁,21号线,镇龙西
0100,00198147,地铁,21号线,镇龙西
0100,00198148,地铁,21号线,凤岗
0100,00198149,地铁,21号线,凤岗
0100,00198150,地铁,21号线,凤岗
0100,00198151,地铁,21号线,凤岗
0100,00198152,地铁,21号线,凤岗
0100,00198153,地铁,21号线,凤岗
0100,00198154,地铁,21号线,坑贝
0100,00198155,地铁,21号线,坑贝
0100,00198156,地铁,21号线,坑贝
0100,00198157,地铁,21号线,坑贝
0100,00198158,地铁,21号线,山田
0100,00198159,地铁,21号线,山田
0100,00198160,地铁,21号线,山田
0100,00198161,地铁,21号线,山田
0100,00198162,地铁,21号线,山田
0100,00198163,地铁,21号线,山田
0100,00198164,地铁,21号线,山田
0100,00198165,地铁,21号线,山田
0100,00198166,地铁,21号线,山田
0100,00198167,地铁,21号线,增城广场
0100,00198168,地铁,21号线,增城广场
0100,00198169,地铁,21号线,增城广场
0100,00198170,地铁,21号线,增城广场
0100,00198171,地铁,21号线,增城广场
0100,00198172,地铁,21号线,增城广场
0100,00198173,地铁,21号线,增城广场
0100,00198174,地铁,21号线,镇龙西
0100,00198175,地铁,21号线,镇龙西
0100,00198176,地铁,21号线,镇龙西
0100,00198177,地铁,21号线,镇龙西
0100,00198178,地铁,21号线,镇龙西
0100,00198179,地铁,21号线,镇龙西
0100,00198180,地铁,21号线,镇龙西
0100,00198181,地铁,21号线,镇龙西
0100,00198182,地铁,21号线,镇龙西
0100,00198183,地铁,21号线,中新
0100,00198184,地铁,21号线,中新
0100,00198185,地铁,21号线,中新
0100,00198186,地铁,21号线,中新
0100,00198187,地铁,21号线,中新
0100,00198188,地铁,21号线,中新
0100,00198189,地铁,21号线,中新
0100,00198190,地铁,21号线,中新
0100,00198191,地铁,21号线,中新
0100,00198192,地铁,21号线,钟岗
0100,00198193,地铁,21号线,钟岗
0100,00198194,地铁,21号线,钟岗
0100,00198195,地铁,21号线,钟岗
0100,00198196,地铁,21号线,钟岗
0100,00198197,地铁,21号线,朱村
0100,00198198,地铁,21号线,朱村
0100,00198199,地铁,21号线,朱村
0100,00198200,地铁,21号线,朱村
0100,00198201,地铁,21号线,朱村
0100,00198202,地铁,21号线,朱村
0100,00198203,地铁,21号线,朱村
0100,00198204,地铁,21号线,朱村
0100,00198205,地铁,21号线,凤岗
0100,00198206,地铁,21号线,凤岗
0100,00198207,地铁,21号线,凤岗
0100,00198208,地铁,21号线,凤岗
0100,00198209,地铁,21号线,坑贝
0100,00198210,地铁,21号线,坑贝
0100,00198211,地铁,21号线,坑贝
0100,00198212,地铁,21号线,坑贝
0100,00198213,地铁,21号线,山田
0100,00198214,地铁,21号线,山田
0100,00198215,地铁,21号线,山田
0100,00198216,地铁,21号线,山田
0100,00198217,地铁,21号线,增城广场
0100,00198218,地铁,21号线,增城广场
0100,00198219,地铁,21号线,增城广场
0100,00198220,地铁,21号线,增城广场
0100,00198221,地铁,21号线,朱村
0100,00198222,地铁,21号线,朱村
0100,00198223,地铁,21号线,朱村
0100,00198224,地铁,21号线,朱村
0100,00198225,地铁,21号线,山田
0100,00198226,地铁,21号线,山田
0100,00198227,地铁,21号线,山田
0100,00198228,地铁,21号线,山田
0100,00198229,地铁,21号线,钟岗
0100,00198230,地铁,21号线,钟岗
0100,00198231,地铁,21号线,凤岗
0100,00198232,地铁,21号线,凤岗
0100,00198233,地铁,21号线,凤岗
0100,00198234,地铁,21号线,坑贝
0100,00198235,地铁,21号线,坑贝
0100,00198236,地铁,21号线,中新
0100,00198237,地铁,21号线,中新
0100,00198238,地铁,21号线,镇龙西
0100,00198239,地铁,21号线,镇龙西
0100,00198240,地铁,21号线,镇龙西
0100,00198241,地铁,21号线,增城广场
0100,00198242,地铁,21号线,增城广场
0100,00198243,地铁,21号线,增城广场
0100,00198244,地铁,21号线,增城广场
0100,00198245,地铁,21号线,朱村
0100,00198246,地铁,21号线,朱村
0100,00198247,地铁,21号线,朱村
0100,00198248,地铁,21号线,朱村
0100,00198249,地铁,21号线,朱村
0100,00198250,地铁,21号线,朱村
0100,00198251,地铁,21号线,朱村
0100,00198252,地铁,21号线,朱村
0100,00198253,地铁,21号线,朱村
0100,00198254,地铁,21号线,朱村
0100,00198255,地铁,21号线,朱村
0100,00198256,地铁,21号线,朱村
0100,00198257,地铁,21号线,朱村
0100,00198258,地铁,21号线,朱村
0100,00198259,地铁,21号线,朱村
0100,00198260,地铁,21号线,朱村
0100,00198261,地铁,21号线,朱村
0100,00198262,地铁,21号线,朱村
0100,00198263,地铁,21号线,朱村
0100,00198264,地铁,21号线,朱村
0100,00198265,地铁,21号线,朱村
0100,00198266,地铁,21号线,朱村
0100,00198267,地铁,21号线,朱村
0100,00198268,地铁,21号线,朱村
0100,00198269,地铁,21号线,朱村
0100,00198270,地铁,21号线,朱村
0100,00198271,地铁,21号线,朱村
0100,00198272,地铁,21号线,朱村
0100,00198273,地铁,21号线,朱村
0100,00198274,地铁,21号线,朱村
0100,00198275,地铁,21号线,朱村
0100,00198276,地铁,21号线,朱村
0100,00198277,地铁,21号线,朱村
0100,00198278,地铁,21号线,增城广场
0100,00198279,地铁,21号线,增城广场
0100,00198280,地铁,21号线,增城广场
0100,00198281,地铁,21号线,增城广场
0100,00198282,地铁,21号线,增城广场
0100,00198283,地铁,21号线,增城广场
0100,00198284,地铁,21号线,增城广场
0100,00198285,地铁,21号线,增城广场
0100,00198286,地铁,21号线,增城广场
0100,00198287,地铁,21号线,增城广场
0100,00198288,地铁,21号线,增城广场
0100,00198289,地铁,21号线,增城广场
0100,00198290,地铁,21号线,增城广场
0100,00198291,地铁,21号线,增城广场
0100,00198292,地铁,21号线,增城广场
0100,00198293,地铁,21号线,增城广场
0100,00198294,地铁,21号线,增城广场
0100,00198295,地铁,21号线,增城广场
0100,00198296,地铁,21号线,增城广场
0100,00198297,地铁,21号线,增城广场
0100,00198298,地铁,21号线,增城广场
0100,00198299,地铁,21号线,增城广场
0100,00198300,地铁,21号线,增城广场
0100,00198301,地铁,21号线,增城广场
0100,00198302,地铁,21号线,增城广场
0100,00198303,地铁,21号线,增城广场
0100,00198304,地铁,21号线,增城广场
0100,00198305,地铁,21号线,增城广场
0100,00198306,地铁,21号线,增城广场
0100,00198307,地铁,21号线,增城广场
0100,00198308,地铁,21号线,钟岗
0100,00198309,地铁,21号线,钟岗
0100,00198310,地铁,21号线,钟岗
0100,00198311,地铁,21号线,钟岗
0100,00198312,地铁,21号线,钟岗
0100,00198313,地铁,21号线,钟岗
0100,00198314,地铁,21号线,钟岗
0100,00198315,地铁,21号线,钟岗
0100,00198316,地铁,21号线,钟岗
0100,00198317,地铁,21号线,钟岗
0100,00198318,地铁,21号线,钟岗
0100,00198319,地铁,21号线,钟岗
0100,00198320,地铁,21号线,钟岗
0100,00198321,地铁,21号线,钟岗
0100,00198322,地铁,21号线,钟岗
0100,00198323,地铁,21号线,钟岗
0100,00198324,地铁,21号线,钟岗
0100,00198325,地铁,21号线,钟岗
0100,00198326,地铁,21号线,钟岗
0100,00198327,地铁,21号线,钟岗
0100,00198328,地铁,21号线,钟岗
0100,00198329,地铁,21号线,钟岗
0100,00198330,地铁,21号线,钟岗
0100,00198331,地铁,21号线,钟岗
0100,00198332,地铁,21号线,钟岗
0100,00198333,地铁,21号线,钟岗
0100,00198334,地铁,21号线,钟岗
0100,00198335,地铁,21号线,山田
0100,00198336,地铁,21号线,山田
0100,00198337,地铁,21号线,山田
0100,00198338,地铁,21号线,山田
0100,00198339,地铁,21号线,山田
0100,00198340,地铁,21号线,山田
0100,00198341,地铁,21号线,山田
0100,00198342,地铁,21号线,山田
0100,00198343,地铁,21号线,山田
0100,00198344,地铁,21号线,山田
0100,00198345,地铁,21号线,山田
0100,00198346,地铁,21号线,山田
0100,00198347,地铁,21号线,山田
0100,00198348,地铁,21号线,山田
0100,00198349,地铁,21号线,山田
0100,00198350,地铁,21号线,山田
0100,00198351,地铁,21号线,山田
0100,00198352,地铁,21号线,山田
0100,00198353,地铁,21号线,山田
0100,00198354,地铁,21号线,山田
0100,00198355,地铁,21号线,山田
0100,00198356,地铁,21号线,山田
0100,00198357,地铁,21号线,山田
0100,00198358,地铁,21号线,山田
0100,00198359,地铁,21号线,山田
0100,00198360,地铁,21号线,山田
0100,00198361,地铁,21号线,山田
0100,00198362,地铁,21号线,山田
0100,00198363,地铁,21号线,山田
0100,00198364,地铁,21号线,山田
0100,00198365,地铁,21号线,山田
0100,00198366,地铁,21号线,山田
0100,00198367,地铁,21号线,山田
0100,00198368,地铁,21号线,凤岗
0100,00198369,地铁,21号线,凤岗
0100,00198370,地铁,21号线,凤岗
0100,00198371,地铁,21号线,凤岗
0100,00198372,地铁,21号线,凤岗
0100,00198373,地铁,21号线,凤岗
0100,00198374,地铁,21号线,凤岗
0100,00198375,地铁,21号线,凤岗
0100,00198376,地铁,21号线,凤岗
0100,00198377,地铁,21号线,凤岗
0100,00198378,地铁,21号线,凤岗
0100,00198379,地铁,21号线,凤岗
0100,00198380,地铁,21号线,凤岗
0100,00198381,地铁,21号线,凤岗
0100,00198382,地铁,21号线,凤岗
0100,00198383,地铁,21号线,凤岗
0100,00198384,地铁,21号线,凤岗
0100,00198385,地铁,21号线,凤岗
0100,00198386,地铁,21号线,凤岗
0100,00198387,地铁,21号线,凤岗
0100,00198388,地铁,21号线,凤岗
0100,00198389,地铁,21号线,凤岗
0100,00198390,地铁,21号线,凤岗
0100,00198391,地铁,21号线,凤岗
0100,00198392,地铁,21号线,凤岗
0100,00198393,地铁,21号线,凤岗
0100,00198394,地铁,21号线,凤岗
0100,00198395,地铁,21号线,凤岗
0100,00198396,地铁,21号线,凤岗
0100,00198397,地铁,21号线,凤岗
0100,00198398,地铁,21号线,凤岗
0100,00198399,地铁,21号线,凤岗
0100,00198400,地铁,21号线,凤岗
0100,00198401,地铁,21号线,凤岗
0100,00198402,地铁,21号线,坑贝
0100,00198403,地铁,21号线,坑贝
0100,00198404,地铁,21号线,坑贝
0100,00198405,地铁,21号线,坑贝
0100,00198406,地铁,21号线,坑贝
0100,00198407,地铁,21号线,坑贝
0100,00198408,地铁,21号线,坑贝
0100,00198409,地铁,21号线,坑贝
0100,00198410,地铁,21号线,坑贝
0100,00198411,地铁,21号线,坑贝
0100,00198412,地铁,21号线,坑贝
0100,00198413,地铁,21号线,坑贝
0100,00198414,地铁,21号线,坑贝
0100,00198415,地铁,21号线,坑贝
0100,00198416,地铁,21号线,坑贝
0100,00198417,地铁,21号线,坑贝
0100,00198418,地铁,21号线,坑贝
0100,00198419,地铁,21号线,坑贝
0100,00198420,地铁,21号线,坑贝
0100,00198421,地铁,21号线,坑贝
0100,00198422,地铁,21号线,坑贝
0100,00198423,地铁,21号线,坑贝
0100,00198424,地铁,21号线,坑贝
0100,00198425,地铁,21号线,坑贝
0100,00198426,地铁,21号线,坑贝
0100,00198427,地铁,21号线,坑贝
0100,00198428,地铁,21号线,坑贝
0100,00198429,地铁,21号线,坑贝
0100,00198430,地铁,21号线,中新
0100,00198431,地铁,21号线,中新
0100,00198432,地铁,21号线,中新
0100,00198433,地铁,21号线,中新
0100,00198434,地铁,21号线,中新
0100,00198435,地铁,21号线,中新
0100,00198436,地铁,21号线,中新
0100,00198437,地铁,21号线,中新
0100,00198438,地铁,21号线,中新
0100,00198439,地铁,21号线,中新
0100,00198440,地铁,21号线,中新
0100,00198441,地铁,21号线,中新
0100,00198442,地铁,21号线,中新
0100,00198443,地铁,21号线,中新
0100,00198444,地铁,21号线,中新
0100,00198445,地铁,21号线,中新
0100,00198446,地铁,21号线,中新
0100,00198447,地铁,21号线,中新
0100,00198448,地铁,21号线,中新
0100,00198449,地铁,21号线,中新
0100,00198450,地铁,21号线,中新
0100,00198451,地铁,21号线,中新
0100,00198452,地铁,21号线,中新
0100,00198453,地铁,21号线,中新
0100,00198454,地铁,21号线,中新
0100,00198455,地铁,21号线,中新
0100,00198456,地铁,21号线,中新
0100,00198457,地铁,21号线,中新
0100,00198458,地铁,21号线,中新
0100,00198459,地铁,21号线,中新
0100,00198460,地铁,21号线,中新
0100,00198461,地铁,21号线,中新
0100,00198462,地铁,21号线,中新
0100,00198463,地铁,21号线,镇龙西
0100,00198464,地铁,21号线,镇龙西
0100,00198465,地铁,21号线,镇龙西
0100,00198466,地铁,21号线,镇龙西
0100,00198467,地铁,21号线,镇龙西
0100,00198468,地铁,21号线,镇龙西
0100,00198469,地铁,21号线,镇龙西
0100,00198470,地铁,21号线,镇龙西
0100,00198471,地铁,21号线,镇龙西
0100,00198472,地铁,21号线,镇龙西
0100,00198473,地铁,21号线,镇龙西
0100,00198474,地铁,21号线,镇龙西
0100,00198475,地铁,21号线,镇龙西
0100,00198476,地铁,21号线,镇龙西
0100,00198477,地铁,21号线,镇龙西
0100,00198478,地铁,21号线,镇龙西
0100,00198479,地铁,21号线,镇龙西
0100,00198480,地铁,21号线,镇龙西
0100,00198481,地铁,21号线,镇龙西
0100,00198482,地铁,21号线,镇龙西
0100,00198483,地铁,21号线,镇龙西
0100,00198484,地铁,21号线,镇龙西
0100,00198485,地铁,21号线,镇龙西
0100,00198486,地铁,21号线,镇龙西
0100,00198487,地铁,21号线,镇龙西
0100,00198488,地铁,21号线,镇龙西
0100,00198489,地铁,21号线,镇龙西
0100,00198490,地铁,21号线,镇龙西
0100,00198491,地铁,21号线,镇龙西
0100,00198492,地铁,7号线,广州南站
0100,00198493,地铁,7号线,广州南站
0100,00198494,地铁,7号线,广州南站
0100,00198495,地铁,7号线,广州南站
0100,00198496,地铁,7号线,广州南站
0100,00198497,地铁,7号线,广州南站
0100,00198498,地铁,7号线,广州南站
0100,00198499,地铁,7号线,广州南站
0100,00198500,地铁,7号线,广州南站
0100,00198501,地铁,7号线,广州南站
0100,00198502,地铁,7号线,广州南站
0100,00198503,地铁,7号线,广州南站
0100,00198504,地铁,7号线,广州南站
0100,00198505,地铁,7号线,广州南站
0100,00198506,地铁,7号线,广州南站
0100,00198507,地铁,7号线,广州南站
0100,00198508,地铁,7号线,广州南站
0100,00198509,地铁,7号线,广州南站
0100,00198510,地铁,7号线,广州南站
0100,00198511,地铁,7号线,广州南站
0100,00198512,地铁,7号线,广州南站
0100,00198513,地铁,7号线,广州南站
0100,00198514,地铁,7号线,广州南站
0100,00198515,地铁,7号线,广州南站
0100,00198516,地铁,7号线,广州南站
0100,00198517,地铁,7号线,广州南站
0100,00198518,地铁,7号线,广州南站
0100,00198519,地铁,7号线,广州南站
0100,00198520,地铁,7号线,广州南站
0100,00198521,地铁,7号线,广州南站
0100,00198522,地铁,7号线,广州南站
0100,00198523,地铁,7号线,广州南站
0100,00198524,地铁,7号线,广州南站
0100,00198525,地铁,7号线,广州南站
0100,00198526,地铁,7号线,广州南站
0100,00198527,地铁,7号线,广州南站
0100,00198528,地铁,7号线,石壁
0100,00198529,地铁,7号线,石壁
0100,00198530,地铁,7号线,石壁
0100,00198531,地铁,7号线,石壁
0100,00198532,地铁,7号线,石壁
0100,00198533,地铁,7号线,石壁
0100,00198534,地铁,7号线,石壁
0100,00198535,地铁,7号线,石壁
0100,00198536,地铁,7号线,广州南站
0100,00198537,地铁,7号线,石壁
0100,00198538,地铁,7号线,石壁
0100,00198539,地铁,7号线,石壁
0100,00198540,地铁,7号线,石壁
0100,00198541,地铁,7号线,石壁
0100,00198542,地铁,7号线,石壁
0100,00198543,地铁,7号线,石壁
0100,00198544,地铁,7号线,石壁
0100,00198545,地铁,7号线,石壁
0100,00198546,地铁,7号线,石壁
0100,00198547,地铁,7号线,石壁
0100,00198548,地铁,7号线,石壁
0100,00198549,地铁,7号线,石壁
0100,00198550,地铁,7号线,石壁
0100,00198551,地铁,7号线,石壁
0100,00198552,地铁,7号线,石壁
0100,00198553,地铁,7号线,石壁
0100,00198554,地铁,7号线,石壁
0100,00198555,地铁,7号线,石壁
0100,00198556,地铁,7号线,石壁
0100,00198557,地铁,7号线,石壁
0100,00198558,地铁,7号线,石壁
0100,00198559,地铁,7号线,石壁
0100,00198560,地铁,7号线,石壁
0100,00198561,地铁,7号线,石壁
0100,00198562,地铁,7号线,石壁
0100,00198563,地铁,7号线,石壁
0100,00198564,地铁,7号线,石壁
0100,00198565,地铁,7号线,石壁
0100,00198566,地铁,7号线,石壁
0100,00198567,地铁,7号线,石壁
0100,00198568,地铁,7号线,谢村
0100,00198569,地铁,7号线,谢村
0100,00198570,地铁,7号线,谢村
0100,00198571,地铁,7号线,谢村
0100,00198572,地铁,7号线,谢村
0100,00198573,地铁,7号线,谢村
0100,00198574,地铁,7号线,谢村
0100,00198575,地铁,7号线,谢村
0100,00198576,地铁,7号线,谢村
0100,00198577,地铁,7号线,谢村
0100,00198578,地铁,7号线,谢村
0100,00198579,地铁,7号线,谢村
0100,00198580,地铁,7号线,谢村
0100,00198581,地铁,7号线,谢村
0100,00198582,地铁,7号线,谢村
0100,00198583,地铁,7号线,谢村
0100,00198584,地铁,7号线,谢村
0100,00198585,地铁,7号线,谢村
0100,00198586,地铁,7号线,谢村
0100,00198587,地铁,7号线,谢村
0100,00198588,地铁,7号线,谢村
0100,00198589,地铁,7号线,谢村
0100,00198590,地铁,7号线,谢村
0100,00198591,地铁,7号线,谢村
0100,00198592,地铁,7号线,谢村
0100,00198593,地铁,7号线,广州南站
0100,00198594,地铁,7号线,谢村
0100,00198595,地铁,7号线,谢村
0100,00198596,地铁,7号线,谢村
0100,00198597,地铁,7号线,谢村
0100,00198598,地铁,7号线,谢村
0100,00198599,地铁,7号线,谢村
0100,00198600,地铁,7号线,谢村
0100,00198601,地铁,7号线,谢村
0100,00198602,地铁,7号线,谢村
0100,00198603,地铁,7号线,谢村
0100,00198604,地铁,7号线,钟村
0100,00198605,地铁,7号线,钟村
0100,00198606,地铁,7号线,钟村
0100,00198607,地铁,7号线,钟村
0100,00198608,地铁,7号线,钟村
0100,00198609,地铁,7号线,钟村
0100,00198610,地铁,7号线,钟村
0100,00198611,地铁,7号线,钟村
0100,00198612,地铁,7号线,钟村
0100,00198613,地铁,7号线,钟村
0100,00198614,地铁,7号线,钟村
0100,00198615,地铁,7号线,钟村
0100,00198616,地铁,7号线,钟村
0100,00198617,地铁,7号线,钟村
0100,00198618,地铁,7号线,钟村
0100,00198619,地铁,7号线,钟村
0100,00198620,地铁,7号线,钟村
0100,00198621,地铁,7号线,钟村
0100,00198622,地铁,7号线,钟村
0100,00198623,地铁,7号线,钟村
0100,00198624,地铁,7号线,钟村
0100,00198625,地铁,7号线,广州南站
0100,00198626,地铁,7号线,钟村
0100,00198627,地铁,7号线,钟村
0100,00198628,地铁,7号线,钟村
0100,00198629,地铁,7号线,钟村
0100,00198630,地铁,7号线,钟村
0100,00198631,地铁,7号线,钟村
0100,00198632,地铁,7号线,钟村
0100,00198633,地铁,7号线,钟村
0100,00198634,地铁,7号线,钟村
0100,00198635,地铁,7号线,钟村
0100,00198636,地铁,7号线,钟村
0100,00198637,地铁,7号线,钟村
0100,00198638,地铁,7号线,钟村
0100,00198639,地铁,7号线,钟村
0100,00198640,地铁,7号线,钟村
0100,00198641,地铁,7号线,汉溪长隆
0100,00198642,地铁,7号线,汉溪长隆
0100,00198643,地铁,7号线,汉溪长隆
0100,00198644,地铁,7号线,汉溪长隆
0100,00198645,地铁,7号线,汉溪长隆
0100,00198646,地铁,7号线,汉溪长隆
0100,00198647,地铁,7号线,汉溪长隆
0100,00198648,地铁,7号线,汉溪长隆
0100,00198649,地铁,7号线,汉溪长隆
0100,00198650,地铁,7号线,汉溪长隆
0100,00198651,地铁,7号线,汉溪长隆
0100,00198652,地铁,7号线,汉溪长隆
0100,00198653,地铁,7号线,汉溪长隆
0100,00198654,地铁,7号线,汉溪长隆
0100,00198655,地铁,7号线,汉溪长隆
0100,00198656,地铁,7号线,汉溪长隆
0100,00198657,地铁,7号线,汉溪长隆
0100,00198658,地铁,7号线,汉溪长隆
0100,00198659,地铁,7号线,汉溪长隆
0100,00198660,地铁,7号线,汉溪长隆
0100,00198661,地铁,7号线,汉溪长隆
0100,00198662,地铁,7号线,汉溪长隆
0100,00198663,地铁,7号线,汉溪长隆
0100,00198664,地铁,7号线,汉溪长隆
0100,00198665,地铁,7号线,汉溪长隆
0100,00198666,地铁,7号线,汉溪长隆
0100,00198667,地铁,7号线,汉溪长隆
0100,00198668,地铁,7号线,汉溪长隆
0100,00198669,地铁,7号线,汉溪长隆
0100,00198670,地铁,7号线,汉溪长隆
0100,00198671,地铁,7号线,汉溪长隆
0100,00198672,地铁,7号线,汉溪长隆
0100,00198673,地铁,7号线,汉溪长隆
0100,00198674,地铁,7号线,汉溪长隆
0100,00198675,地铁,7号线,汉溪长隆
0100,00198676,地铁,7号线,汉溪长隆
0100,00198677,地铁,7号线,汉溪长隆
0100,00198678,地铁,7号线,南村万博
0100,00198679,地铁,7号线,南村万博
0100,00198680,地铁,7号线,南村万博
0100,00198681,地铁,7号线,南村万博
0100,00198682,地铁,7号线,南村万博
0100,00198683,地铁,7号线,南村万博
0100,00198684,地铁,7号线,南村万博
0100,00198685,地铁,7号线,南村万博
0100,00198686,地铁,7号线,南村万博
0100,00198687,地铁,7号线,南村万博
0100,00198688,地铁,7号线,南村万博
0100,00198689,地铁,7号线,南村万博
0100,00198690,地铁,7号线,南村万博
0100,00198691,地铁,7号线,南村万博
0100,00198692,地铁,7号线,南村万博
0100,00198693,地铁,7号线,南村万博
0100,00198694,地铁,7号线,南村万博
0100,00198695,地铁,7号线,南村万博
0100,00198696,地铁,7号线,南村万博
0100,00198697,地铁,7号线,南村万博
0100,00198698,地铁,7号线,南村万博
0100,00198699,地铁,7号线,南村万博
0100,00198700,地铁,7号线,南村万博
0100,00198701,地铁,7号线,南村万博
0100,00198702,地铁,7号线,南村万博
0100,00198703,地铁,7号线,南村万博
0100,00198704,地铁,7号线,南村万博
0100,00198705,地铁,7号线,南村万博
0100,00198706,地铁,7号线,南村万博
0100,00198707,地铁,7号线,南村万博
0100,00198708,地铁,7号线,南村万博
0100,00198709,地铁,7号线,南村万博
0100,00198710,地铁,7号线,南村万博
0100,00198711,地铁,7号线,南村万博
0100,00198712,地铁,7号线,南村万博
0100,00198713,地铁,7号线,南村万博
0100,00198714,地铁,7号线,员岗
0100,00198715,地铁,7号线,员岗
0100,00198716,地铁,7号线,员岗
0100,00198717,地铁,7号线,员岗
0100,00198718,地铁,7号线,员岗
0100,00198719,地铁,7号线,员岗
0100,00198720,地铁,7号线,员岗
0100,00198721,地铁,7号线,员岗
0100,00198722,地铁,7号线,员岗
0100,00198723,地铁,7号线,员岗
0100,00198724,地铁,7号线,员岗
0100,00198725,地铁,7号线,员岗
0100,00198726,地铁,7号线,员岗
0100,00198727,地铁,7号线,员岗
0100,00198728,地铁,7号线,员岗
0100,00198729,地铁,7号线,员岗
0100,00198730,地铁,7号线,员岗
0100,00198731,地铁,7号线,员岗
0100,00198732,地铁,7号线,员岗
0100,00198733,地铁,7号线,员岗
0100,00198734,地铁,7号线,员岗
0100,00198735,地铁,7号线,员岗
0100,00198736,地铁,7号线,员岗
0100,00198737,地铁,7号线,员岗
0100,00198738,地铁,7号线,员岗
0100,00198739,地铁,7号线,员岗
0100,00198740,地铁,7号线,员岗
0100,00198741,地铁,7号线,员岗
0100,00198742,地铁,7号线,员岗
0100,00198743,地铁,7号线,员岗
0100,00198744,地铁,7号线,员岗
0100,00198745,地铁,7号线,员岗
0100,00198746,地铁,7号线,员岗
0100,00198747,地铁,7号线,员岗
0100,00198748,地铁,7号线,员岗
0100,00198749,地铁,7号线,员岗
0100,00198750,地铁,7号线,员岗
0100,00198751,地铁,7号线,员岗
0100,00198752,地铁,7号线,员岗
0100,00198753,地铁,7号线,员岗
0100,00198754,地铁,7号线,员岗
0100,00198755,地铁,7号线,员岗
0100,00198756,地铁,7号线,员岗
0100,00198757,地铁,7号线,员岗
0100,00198758,地铁,7号线,员岗
0100,00198759,地铁,7号线,员岗
0100,00198760,地铁,7号线,员岗
0100,00198761,地铁,7号线,员岗
0100,00198762,地铁,7号线,员岗
0100,00198763,地铁,7号线,员岗
0100,00198764,地铁,7号线,员岗
0100,00198765,地铁,7号线,员岗
0100,00198766,地铁,7号线,员岗
0100,00198767,地铁,7号线,板桥
0100,00198768,地铁,7号线,板桥
0100,00198769,地铁,7号线,板桥
0100,00198770,地铁,7号线,板桥
0100,00198771,地铁,7号线,板桥
0100,00198772,地铁,7号线,板桥
0100,00198773,地铁,7号线,板桥
0100,00198774,地铁,7号线,板桥
0100,00198775,地铁,7号线,板桥
0100,00198776,地铁,7号线,板桥
0100,00198777,地铁,7号线,板桥
0100,00198778,地铁,7号线,板桥
0100,00198779,地铁,7号线,板桥
0100,00198780,地铁,7号线,板桥
0100,00198781,地铁,7号线,板桥
0100,00198782,地铁,7号线,板桥
0100,00198783,地铁,7号线,板桥
0100,00198784,地铁,7号线,板桥
0100,00198785,地铁,7号线,板桥
0100,00198786,地铁,7号线,板桥
0100,00198787,地铁,7号线,板桥
0100,00198788,地铁,7号线,板桥
0100,00198789,地铁,7号线,板桥
0100,00198790,地铁,7号线,板桥
0100,00198791,地铁,7号线,板桥
0100,00198792,地铁,4号线,大学城北
0100,00198793,地铁,4号线,大学城北
0100,00198794,地铁,4号线,大学城南
0100,00198795,地铁,4号线,大学城南
0100,00198796,地铁,4号线,大学城南
0100,00198797,地铁,4号线,大学城南
0100,00198798,地铁,4号线,大学城南
0100,00198799,地铁,4号线,大学城南
0100,00198800,地铁,4号线,大学城南
0100,00198801,地铁,4号线,大学城南
0100,00198802,地铁,4号线,大学城南
0100,00198803,地铁,4号线,大学城南
0100,00198804,地铁,4号线,大学城南
0100,00198805,地铁,4号线,大学城南
0100,00198806,地铁,4号线,大学城南
0100,00198808,地铁,4号线,大学城南
0100,00198809,地铁,4号线,大学城南
0100,00198810,地铁,4号线,大学城南
0100,00198811,地铁,4号线,新造
0100,00198812,地铁,4号线,新造
0100,00198813,地铁,4号线,新造
0100,00198814,地铁,4号线,新造
0100,00198816,地铁,4号线,新造
0100,00198817,地铁,4号线,新造
0100,00198818,地铁,4号线,新造
0100,00198819,地铁,4号线,新造
0100,00198820,地铁,4号线,新造
0100,00198821,地铁,4号线,新造
0100,00198822,地铁,4号线,新造
0100,00198823,地铁,4号线,新造
0100,00198824,地铁,4号线,新造
0100,00198825,地铁,4号线,新造
0100,00198826,地铁,4号线,新造
0100,00198827,地铁,4号线,新造
0100,00198828,地铁,4号线,新造
0100,00198829,地铁,4号线,新造
0100,00198830,地铁,4号线,新造
0100,00198831,地铁,4号线,新造
0100,00198832,地铁,4号线,新造
0100,00198833,地铁,4号线,石碁
0100,00198834,地铁,4号线,石碁
0100,00198835,地铁,4号线,石碁
0100,00198836,地铁,4号线,石碁
0100,00198837,地铁,4号线,石碁
0100,00198838,地铁,4号线,石碁
0100,00198839,地铁,4号线,石碁
0100,00198840,地铁,4号线,石碁
0100,00198841,地铁,4号线,石碁
0100,00198842,地铁,4号线,石碁
0100,00198843,地铁,4号线,石碁
0100,00198844,地铁,4号线,石碁
0100,00198845,地铁,4号线,石碁
0100,00198846,地铁,4号线,石碁
0100,00198847,地铁,4号线,石碁
0100,00198848,地铁,4号线,石碁
0100,00198849,地铁,4号线,石碁
0100,00198850,地铁,4号线,石碁
0100,00198851,地铁,4号线,石碁
0100,00198852,地铁,4号线,石碁
0100,00198853,地铁,4号线,石碁
0100,00198854,地铁,4号线,海傍
0100,00198855,地铁,4号线,海傍
0100,00198856,地铁,4号线,海傍
0100,00198857,地铁,4号线,海傍
0100,00198858,地铁,4号线,海傍
0100,00198859,地铁,4号线,海傍
0100,00198860,地铁,4号线,海傍
0100,00198861,地铁,4号线,海傍
0100,00198862,地铁,4号线,海傍
0100,00198863,地铁,4号线,海傍
0100,00198864,地铁,4号线,海傍
0100,00198865,地铁,4号线,海傍
0100,00198866,地铁,4号线,海傍
0100,00198867,地铁,4号线,海傍
0100,00198868,地铁,4号线,海傍
0100,00198869,地铁,4号线,海傍
0100,00198870,地铁,4号线,海傍
0100,00198871,地铁,4号线,海傍
0100,00198872,地铁,4号线,海傍
0100,00198873,地铁,4号线,海傍
0100,00198874,地铁,4号线,海傍
0100,00198875,地铁,4号线,海傍
0100,00198876,地铁,4号线,海傍
0100,00198877,地铁,4号线,海傍
0100,00198878,地铁,4号线,海傍
0100,00198879,地铁,4号线,海傍
0100,00198880,地铁,4号线,海傍
0100,00198881,地铁,4号线,海傍
0100,00198882,地铁,4号线,海傍
0100,00198883,地铁,4号线,海傍
0100,00198884,地铁,4号线,低涌
0100,00198885,地铁,4号线,低涌
0100,00198886,地铁,4号线,低涌
0100,00198887,地铁,4号线,低涌
0100,00198888,地铁,4号线,低涌
0100,00198889,地铁,4号线,低涌
0100,00198890,地铁,4号线,低涌
0100,00198891,地铁,4号线,低涌
0100,00198892,地铁,4号线,低涌
0100,00198893,地铁,4号线,低涌
0100,00198894,地铁,4号线,低涌
0100,00198895,地铁,4号线,低涌
0100,00198896,地铁,4号线,低涌
0100,00198897,地铁,4号线,低涌
0100,00198898,地铁,4号线,低涌
0100,00198899,地铁,4号线,低涌
0100,00198900,地铁,4号线,低涌
0100,00198901,地铁,4号线,低涌
0100,00198902,地铁,4号线,低涌
0100,00198903,地铁,4号线,东涌
0100,00198904,地铁,4号线,东涌
0100,00198905,地铁,4号线,东涌
0100,00198906,地铁,4号线,东涌
0100,00198907,地铁,4号线,东涌
0100,00198908,地铁,4号线,东涌
0100,00198909,地铁,4号线,东涌
0100,00198910,地铁,4号线,东涌
0100,00198911,地铁,4号线,东涌
0100,00198912,地铁,4号线,东涌
0100,00198913,地铁,4号线,东涌
0100,00198915,地铁,4号线,东涌
0100,00198916,地铁,4号线,东涌
0100,00198917,地铁,4号线,东涌
0100,00198918,地铁,4号线,东涌
0100,00198919,地铁,4号线,东涌
0100,00198920,地铁,4号线,东涌
0100,00198921,地铁,4号线,东涌
0100,00198922,地铁,4号线,东涌
0100,00198923,地铁,4号线,东涌
0100,00198924,地铁,4号线,庆盛
0100,00198925,地铁,4号线,庆盛
0100,00198926,地铁,4号线,庆盛
0100,00198927,地铁,4号线,庆盛
0100,00198928,地铁,4号线,庆盛
0100,00198929,地铁,4号线,庆盛
0100,00198930,地铁,4号线,庆盛
0100,00198931,地铁,4号线,庆盛
0100,00198932,地铁,4号线,庆盛
0100,00198933,地铁,4号线,庆盛
0100,00198934,地铁,4号线,庆盛
0100,00198935,地铁,4号线,庆盛
0100,00198936,地铁,4号线,庆盛
0100,00198937,地铁,4号线,庆盛
0100,00198938,地铁,4号线,庆盛
0100,00198939,地铁,4号线,庆盛
0100,00198940,地铁,4号线,庆盛
0100,00198941,地铁,4号线,庆盛
0100,00198942,地铁,4号线,庆盛
0100,00198943,地铁,4号线,庆盛
0100,00198944,地铁,4号线,庆盛
0100,00198945,地铁,4号线,庆盛
0100,00198946,地铁,4号线,庆盛
0100,00198947,地铁,4号线,庆盛
0100,00198948,地铁,4号线,庆盛
0100,00198949,地铁,4号线,庆盛
0100,00198950,地铁,4号线,庆盛
0100,00198951,地铁,4号线,庆盛
0100,00198952,地铁,4号线,庆盛
0100,00198953,地铁,4号线,庆盛
0100,00198954,地铁,4号线,庆盛
0100,00198955,地铁,4号线,庆盛
0100,00198956,地铁,4号线,黄阁汽车城
0100,00198957,地铁,4号线,黄阁汽车城
0100,00198958,地铁,4号线,黄阁汽车城
0100,00198959,地铁,4号线,黄阁汽车城
0100,00198960,地铁,4号线,黄阁汽车城
0100,00198961,地铁,4号线,黄阁汽车城
0100,00198962,地铁,4号线,黄阁汽车城
0100,00198963,地铁,4号线,黄阁汽车城
0100,00198964,地铁,4号线,黄阁汽车城
0100,00198965,地铁,4号线,黄阁汽车城
0100,00198966,地铁,4号线,黄阁汽车城
0100,00198967,地铁,4号线,黄阁汽车城
0100,00198968,地铁,4号线,黄阁汽车城
0100,00198969,地铁,4号线,黄阁汽车城
0100,00198970,地铁,4号线,黄阁汽车城
0100,00198971,地铁,4号线,黄阁汽车城
0100,00198972,地铁,4号线,黄阁汽车城
0100,00198973,地铁,4号线,黄阁汽车城
0100,00198974,地铁,4号线,黄阁汽车城
0100,00198975,地铁,4号线,黄阁汽车城
0100,00198976,地铁,4号线,黄阁
0100,00198977,地铁,4号线,黄阁
0100,00198978,地铁,4号线,黄阁
0100,00198979,地铁,4号线,黄阁
0100,00198980,地铁,4号线,黄阁
0100,00198981,地铁,4号线,黄阁
0100,00198982,地铁,4号线,黄阁
0100,00198983,地铁,4号线,黄阁
0100,00198984,地铁,4号线,黄阁
0100,00198985,地铁,4号线,黄阁
0100,00198986,地铁,4号线,黄阁
0100,00198987,地铁,4号线,黄阁
0100,00198988,地铁,4号线,黄阁
0100,00198989,地铁,4号线,黄阁
0100,00198990,地铁,4号线,黄阁
0100,00198991,地铁,4号线,黄阁
0100,00198992,地铁,6号线,浔峰岗
0100,00198993,地铁,6号线,浔峰岗
0100,00198994,地铁,6号线,浔峰岗
0100,00198995,地铁,6号线,浔峰岗
0100,00198996,地铁,6号线,浔峰岗
0100,00198997,地铁,6号线,浔峰岗
0100,00198998,地铁,6号线,浔峰岗
0100,00198999,地铁,6号线,浔峰岗
0100,00199000,地铁,6号线,浔峰岗
0100,00199001,地铁,6号线,浔峰岗
0100,00199002,地铁,6号线,浔峰岗
0100,00199003,地铁,6号线,浔峰岗
0100,00199004,地铁,6号线,浔峰岗
0100,00199005,地铁,6号线,浔峰岗
0100,00199006,地铁,6号线,浔峰岗
0100,00199007,地铁,6号线,浔峰岗
0100,00199008,地铁,6号线,浔峰岗
0100,00199009,地铁,6号线,横沙
0100,00199010,地铁,6号线,横沙
0100,00199011,地铁,6号线,横沙
0100,00199012,地铁,6号线,横沙
0100,00199013,地铁,6号线,横沙
0100,00199014,地铁,6号线,横沙
0100,00199015,地铁,6号线,横沙
0100,00199016,地铁,6号线,横沙
0100,00199017,地铁,6号线,横沙
0100,00199018,地铁,6号线,横沙
0100,00199019,地铁,6号线,横沙
0100,00199020,地铁,6号线,横沙
0100,00199021,地铁,6号线,横沙
0100,00199022,地铁,6号线,横沙
0100,00199023,地铁,6号线,横沙
0100,00199024,地铁,6号线,沙贝
0100,00199025,地铁,6号线,沙贝
0100,00199026,地铁,6号线,沙贝
0100,00199027,地铁,6号线,沙贝
0100,00199028,地铁,6号线,沙贝
0100,00199029,地铁,6号线,沙贝
0100,00199030,地铁,6号线,沙贝
0100,00199031,地铁,6号线,沙贝
0100,00199032,地铁,6号线,沙贝
0100,00199033,地铁,6号线,沙贝
0100,00199034,地铁,6号线,沙贝
0100,00199035,地铁,6号线,沙贝
0100,00199036,地铁,6号线,沙贝
0100,00199037,地铁,6号线,沙贝
0100,00199038,地铁,6号线,沙贝
0100,00199039,地铁,6号线,沙贝
0100,00199040,地铁,6号线,沙贝
0100,00199041,地铁,6号线,河沙
0100,00199042,地铁,6号线,河沙
0100,00199043,地铁,6号线,河沙
0100,00199044,地铁,6号线,河沙
0100,00199045,地铁,6号线,河沙
0100,00199046,地铁,6号线,河沙
0100,00199047,地铁,6号线,河沙
0100,00199048,地铁,6号线,河沙
0100,00199049,地铁,6号线,河沙
0100,00199050,地铁,6号线,坦尾
0100,00199051,地铁,6号线,坦尾
0100,00199052,地铁,6号线,坦尾
0100,00199053,地铁,6号线,坦尾
0100,00199054,地铁,6号线,坦尾
0100,00199055,地铁,6号线,坦尾
0100,00199056,地铁,6号线,坦尾
0100,00199057,地铁,6号线,坦尾
0100,00199058,地铁,6号线,坦尾
0100,00199059,地铁,6号线,坦尾
0100,00199060,地铁,6号线,坦尾
0100,00199061,地铁,6号线,坦尾
0100,00199062,地铁,6号线,坦尾
0100,00199063,地铁,6号线,坦尾
0100,00199064,地铁,6号线,坦尾
0100,00199065,地铁,6号线,坦尾
0100,00199066,地铁,6号线,坦尾
0100,00199067,地铁,6号线,坦尾
0100,00199068,地铁,6号线,如意坊
0100,00199069,地铁,6号线,如意坊
0100,00199070,地铁,6号线,如意坊
0100,00199071,地铁,6号线,如意坊
0100,00199072,地铁,6号线,如意坊
0100,00199073,地铁,6号线,如意坊
0100,00199074,地铁,6号线,如意坊
0100,00199075,地铁,6号线,如意坊
0100,00199076,地铁,6号线,如意坊
0100,00199077,地铁,6号线,如意坊
0100,00199078,地铁,6号线,如意坊
0100,00199079,地铁,6号线,如意坊
0100,00199080,地铁,6号线,如意坊
0100,00199081,地铁,6号线,如意坊
0100,00199082,地铁,6号线,如意坊
0100,00199083,地铁,6号线,如意坊
0100,00199084,地铁,6号线,如意坊
0100,00199085,地铁,6号线,如意坊
0100,00199086,地铁,6号线,如意坊
0100,00199087,地铁,6号线,如意坊
0100,00199088,地铁,6号线,如意坊
0100,00199089,地铁,6号线,如意坊
0100,00199090,地铁,6号线,如意坊
0100,00199091,地铁,6号线,黄沙
0100,00199092,地铁,6号线,黄沙
0100,00199093,地铁,6号线,黄沙
0100,00199094,地铁,6号线,黄沙
0100,00199095,地铁,6号线,黄沙
0100,00199096,地铁,6号线,黄沙
0100,00199097,地铁,6号线,黄沙
0100,00199098,地铁,6号线,黄沙
0100,00199099,地铁,6号线,黄沙
0100,00199100,地铁,6号线,黄沙
0100,00199101,地铁,6号线,文化公园
0100,00199102,地铁,6号线,文化公园
0100,00199103,地铁,6号线,文化公园
0100,00199104,地铁,6号线,文化公园
0100,00199105,地铁,6号线,文化公园
0100,00199106,地铁,6号线,文化公园
0100,00199107,地铁,6号线,文化公园
0100,00199108,地铁,6号线,文化公园
0100,00199109,地铁,6号线,文化公园
0100,00199110,地铁,6号线,文化公园
0100,00199111,地铁,6号线,文化公园
0100,00199112,地铁,6号线,文化公园
0100,00199113,地铁,6号线,文化公园
0100,00199114,地铁,6号线,文化公园
0100,00199115,地铁,6号线,文化公园
0100,00199116,地铁,6号线,文化公园
0100,00199117,地铁,6号线,文化公园
0100,00199118,地铁,6号线,文化公园
0100,00199119,地铁,6号线,文化公园
0100,00199120,地铁,6号线,文化公园
0100,00199121,地铁,6号线,文化公园
0100,00199122,地铁,6号线,文化公园
0100,00199123,地铁,6号线,一德路
0100,00199124,地铁,6号线,一德路
0100,00199125,地铁,6号线,一德路
0100,00199126,地铁,6号线,一德路
0100,00199127,地铁,6号线,一德路
0100,00199128,地铁,6号线,一德路
0100,00199129,地铁,6号线,一德路
0100,00199130,地铁,6号线,一德路
0100,00199131,地铁,6号线,一德路
0100,00199132,地铁,6号线,一德路
0100,00199133,地铁,6号线,一德路
0100,00199134,地铁,6号线,一德路
0100,00199135,地铁,6号线,一德路
0100,00199136,地铁,6号线,一德路
0100,00199137,地铁,6号线,一德路
0100,00199138,地铁,6号线,一德路
0100,00199139,地铁,6号线,一德路
0100,00199140,地铁,6号线,一德路
0100,00199141,地铁,6号线,海珠广场
0100,00199142,地铁,6号线,海珠广场
0100,00199143,地铁,6号线,海珠广场
0100,00199144,地铁,6号线,海珠广场
0100,00199145,地铁,6号线,海珠广场
0100,00199146,地铁,6号线,海珠广场
0100,00199147,地铁,6号线,海珠广场
0100,00199148,地铁,6号线,海珠广场
0100,00199149,地铁,6号线,海珠广场
0100,00199150,地铁,6号线,海珠广场
0100,00199151,地铁,6号线,海珠广场
0100,00199152,地铁,6号线,海珠广场
0100,00199153,地铁,6号线,海珠广场
0100,00199154,地铁,6号线,海珠广场
0100,00199155,地铁,6号线,北京路
0100,00199156,地铁,6号线,北京路
0100,00199157,地铁,6号线,北京路
0100,00199158,地铁,6号线,北京路
0100,00199159,地铁,6号线,北京路
0100,00199160,地铁,6号线,北京路
0100,00199161,地铁,6号线,北京路
0100,00199162,地铁,6号线,北京路
0100,00199163,地铁,6号线,北京路
0100,00199164,地铁,6号线,北京路
0100,00199165,地铁,6号线,北京路
0100,00199166,地铁,6号线,北京路
0100,00199167,地铁,6号线,北京路
0100,00199168,地铁,6号线,团一大广场
0100,00199169,地铁,6号线,团一大广场
0100,00199170,地铁,6号线,团一大广场
0100,00199171,地铁,6号线,团一大广场
0100,00199172,地铁,6号线,团一大广场
0100,00199173,地铁,6号线,团一大广场
0100,00199174,地铁,6号线,团一大广场
0100,00199175,地铁,6号线,团一大广场
0100,00199176,地铁,6号线,团一大广场
0100,00199177,地铁,6号线,团一大广场
0100,00199178,地铁,6号线,团一大广场
0100,00199179,地铁,6号线,团一大广场
0100,00199180,地铁,6号线,团一大广场
0100,00199181,地铁,6号线,团一大广场
0100,00199182,地铁,6号线,团一大广场
0100,00199183,地铁,6号线,团一大广场
0100,00199184,地铁,6号线,东湖
0100,00199185,地铁,6号线,东湖
0100,00199186,地铁,6号线,东湖
0100,00199187,地铁,6号线,东湖
0100,00199188,地铁,6号线,东湖
0100,00199189,地铁,6号线,东湖
0100,00199190,地铁,6号线,东湖
0100,00199191,地铁,6号线,东湖
0100,00199192,地铁,1号线,长寿路
0100,00199193,地铁,1号线,长寿路
0100,00199194,地铁,1号线,长寿路
0100,00199195,地铁,1号线,长寿路
0100,00199196,地铁,1号线,长寿路
0100,00199197,地铁,1号线,长寿路
0100,00199198,地铁,1号线,长寿路
0100,00199199,地铁,1号线,长寿路
0100,00199200,地铁,1号线,长寿路
0100,00199201,地铁,1号线,长寿路
0100,00199202,地铁,1号线,长寿路
0100,00199203,地铁,1号线,长寿路
0100,00199204,地铁,1号线,长寿路
0100,00199205,地铁,1号线,长寿路
0100,00199206,地铁,1号线,长寿路
0100,00199207,地铁,1号线,长寿路
0100,00199208,地铁,1号线,长寿路
0100,00199209,地铁,1号线,长寿路
0100,00199210,地铁,1号线,长寿路
0100,00199211,地铁,1号线,长寿路
0100,00199212,地铁,1号线,长寿路
0100,00199213,地铁,1号线,长寿路
0100,00199214,地铁,1号线,长寿路
0100,00199215,地铁,1号线,长寿路
0100,00199216,地铁,1号线,长寿路
0100,00199217,地铁,1号线,长寿路
0100,00199218,地铁,1号线,长寿路
0100,00199219,地铁,1号线,长寿路
0100,00199220,地铁,1号线,长寿路
0100,00199221,地铁,1号线,陈家祠
0100,00199222,地铁,1号线,陈家祠
0100,00199223,地铁,1号线,陈家祠
0100,00199224,地铁,1号线,陈家祠
0100,00199225,地铁,1号线,陈家祠
0100,00199226,地铁,1号线,陈家祠
0100,00199227,地铁,1号线,陈家祠
0100,00199228,地铁,1号线,陈家祠
0100,00199229,地铁,1号线,陈家祠
0100,00199230,地铁,1号线,陈家祠
0100,00199231,地铁,1号线,陈家祠
0100,00199232,地铁,1号线,陈家祠
0100,00199233,地铁,1号线,陈家祠
0100,00199234,地铁,1号线,陈家祠
0100,00199235,地铁,1号线,陈家祠
0100,00199236,地铁,1号线,陈家祠
0100,00199239,地铁,1号线,陈家祠
0100,00199240,地铁,1号线,陈家祠
0100,00199241,地铁,1号线,陈家祠
0100,00199242,地铁,1号线,陈家祠
0100,00199243,地铁,1号线,陈家祠
0100,00199244,地铁,1号线,陈家祠
0100,00199245,地铁,1号线,陈家祠
0100,00199246,地铁,1号线,陈家祠
0100,00199247,地铁,1号线,陈家祠
0100,00199248,地铁,1号线,陈家祠
0100,00199249,地铁,1号线,西门口
0100,00199250,地铁,1号线,西门口
0100,00199251,地铁,1号线,西门口
0100,00199252,地铁,1号线,西门口
0100,00199253,地铁,1号线,西门口
0100,00199254,地铁,1号线,西门口
0100,00199255,地铁,1号线,西门口
0100,00199256,地铁,1号线,西门口
0100,00199257,地铁,1号线,西门口
0100,00199258,地铁,1号线,西门口
0100,00199260,地铁,1号线,西门口
0100,00199261,地铁,1号线,西门口
0100,00199262,地铁,1号线,西门口
0100,00199263,地铁,1号线,西门口
0100,00199264,地铁,1号线,西门口
0100,00199265,地铁,1号线,西门口
0100,00199266,地铁,1号线,西门口
0100,00199267,地铁,1号线,西门口
0100,00199268,地铁,1号线,西门口
0100,00199269,地铁,1号线,西门口
0100,00199270,地铁,1号线,西门口
0100,00199271,地铁,1号线,西门口
0100,00199272,地铁,1号线,西门口
0100,00199273,地铁,1号线,西门口
0100,00199274,地铁,1号线,西门口
0100,00199275,地铁,1号线,西门口
0100,00199276,地铁,1号线,西门口
0100,00199277,地铁,1号线,西门口
0100,00199278,地铁,1号线,西门口
0100,00199279,地铁,1号线,西门口
0100,00199280,地铁,1号线,西门口
0100,00199281,地铁,1号线,西门口
0100,00199282,地铁,1号线,西门口
0100,00199283,地铁,1号线,公园前
0100,00199284,地铁,1号线,公园前
0100,00199285,地铁,1号线,公园前
0100,00199286,地铁,1号线,公园前
0100,00199287,地铁,1号线,公园前
0100,00199288,地铁,1号线,公园前
0100,00199289,地铁,1号线,公园前
0100,00199290,地铁,1号线,公园前
0100,00199291,地铁,1号线,公园前
0100,00199292,地铁,1号线,公园前
0100,00199293,地铁,1号线,公园前
0100,00199294,地铁,1号线,公园前
0100,00199295,地铁,1号线,公园前
0100,00199296,地铁,1号线,公园前
0100,00199297,地铁,1号线,公园前
0100,00199298,地铁,1号线,公园前
0100,00199299,地铁,1号线,公园前
0100,00199300,地铁,1号线,公园前
0100,00199301,地铁,1号线,公园前
0100,00199302,地铁,1号线,公园前
0100,00199303,地铁,1号线,公园前
0100,00199304,地铁,1号线,公园前
0100,00199305,地铁,1号线,公园前
0100,00199306,地铁,1号线,公园前
0100,00199307,地铁,1号线,公园前
0100,00199308,地铁,1号线,公园前
0100,00199309,地铁,1号线,公园前
0100,00199310,地铁,1号线,公园前
0100,00199311,地铁,1号线,公园前
0100,00199312,地铁,1号线,公园前
0100,00199313,地铁,1号线,公园前
0100,00199314,地铁,1号线,公园前
0100,00199315,地铁,1号线,公园前
0100,00199316,地铁,1号线,公园前
0100,00199317,地铁,1号线,公园前
0100,00199318,地铁,1号线,公园前
0100,00199319,地铁,1号线,公园前
0100,00199320,地铁,1号线,公园前
0100,00199321,地铁,1号线,公园前
0100,00199322,地铁,1号线,公园前
0100,00199323,地铁,1号线,公园前
0100,00199324,地铁,1号线,公园前
0100,00199325,地铁,1号线,公园前
0100,00199326,地铁,1号线,公园前
0100,00199327,地铁,1号线,公园前
0100,00199328,地铁,1号线,公园前
0100,00199329,地铁,1号线,公园前
0100,00199330,地铁,1号线,公园前
0100,00199331,地铁,1号线,公园前
0100,00199332,地铁,1号线,公园前
0100,00199333,地铁,1号线,公园前
0100,00199334,地铁,1号线,公园前
0100,00199335,地铁,1号线,公园前
0100,00199336,地铁,1号线,公园前
0100,00199337,地铁,1号线,公园前
0100,00199338,地铁,1号线,公园前
0100,00199339,地铁,1号线,公园前
0100,00199340,地铁,1号线,公园前
0100,00199341,地铁,1号线,公园前
0100,00199342,地铁,1号线,公园前
0100,00199343,地铁,1号线,农讲所
0100,00199344,地铁,1号线,农讲所
0100,00199345,地铁,1号线,农讲所
0100,00199346,地铁,1号线,农讲所
0100,00199347,地铁,1号线,农讲所
0100,00199348,地铁,1号线,农讲所
0100,00199349,地铁,1号线,农讲所
0100,00199350,地铁,1号线,农讲所
0100,00199351,地铁,1号线,农讲所
0100,00199352,地铁,1号线,农讲所
0100,00199353,地铁,1号线,农讲所
0100,00199354,地铁,1号线,农讲所
0100,00199355,地铁,1号线,农讲所
0100,00199356,地铁,1号线,农讲所
0100,00199357,地铁,1号线,农讲所
0100,00199358,地铁,1号线,农讲所
0100,00199359,地铁,1号线,农讲所
0100,00199360,地铁,1号线,农讲所
0100,00199361,地铁,1号线,农讲所
0100,00199362,地铁,1号线,农讲所
0100,00199363,地铁,1号线,农讲所
0100,00199364,地铁,1号线,农讲所
0100,00199365,地铁,1号线,农讲所
0100,00199366,地铁,1号线,农讲所
0100,00199367,地铁,1号线,农讲所
0100,00199368,地铁,1号线,农讲所
0100,00199369,地铁,1号线,农讲所
0100,00199370,地铁,1号线,农讲所
0100,00199371,地铁,1号线,农讲所
0100,00199372,地铁,1号线,农讲所
0100,00199373,地铁,1号线,农讲所
0100,00199374,地铁,1号线,农讲所
0100,00199375,地铁,1号线,农讲所
0100,00199376,地铁,1号线,农讲所
0100,00199377,地铁,1号线,农讲所
0100,00199378,地铁,1号线,烈士陵园
0100,00199379,地铁,1号线,烈士陵园
0100,00199380,地铁,1号线,烈士陵园
0100,00199381,地铁,1号线,烈士陵园
0100,00199382,地铁,1号线,烈士陵园
0100,00199383,地铁,1号线,烈士陵园
0100,00199384,地铁,1号线,烈士陵园
0100,00199385,地铁,1号线,烈士陵园
0100,00199386,地铁,1号线,烈士陵园
0100,00199387,地铁,1号线,烈士陵园
0100,00199388,地铁,1号线,烈士陵园
0100,00199389,地铁,1号线,烈士陵园
0100,00199390,地铁,1号线,烈士陵园
0100,00199391,地铁,1号线,烈士陵园
0100,00199392,地铁,1号线,烈士陵园
0100,00199393,地铁,1号线,烈士陵园
0100,00199394,地铁,1号线,烈士陵园
0100,00199395,地铁,1号线,烈士陵园
0100,00199396,地铁,1号线,烈士陵园
0100,00199397,地铁,1号线,烈士陵园
0100,00199398,地铁,1号线,烈士陵园
0100,00199399,地铁,1号线,烈士陵园
0100,00199400,地铁,1号线,烈士陵园
0100,00199401,地铁,1号线,烈士陵园
0100,00199402,地铁,1号线,烈士陵园
0100,00199403,地铁,1号线,烈士陵园
0100,00199404,地铁,1号线,烈士陵园
0100,00199405,地铁,1号线,烈士陵园
0100,00199406,地铁,1号线,烈士陵园
0100,00199407,地铁,1号线,烈士陵园
0100,00199408,地铁,1号线,烈士陵园
0100,00199409,地铁,1号线,烈士陵园
0100,00199410,地铁,1号线,烈士陵园
0100,00199411,地铁,1号线,烈士陵园
0100,00199412,地铁,1号线,烈士陵园
0100,00199413,地铁,1号线,烈士陵园
0100,00199414,地铁,1号线,烈士陵园
0100,00199415,地铁,1号线,烈士陵园
0100,00199416,地铁,1号线,体育中心
0100,00199417,地铁,1号线,体育中心
0100,00199418,地铁,1号线,体育中心
0100,00199419,地铁,1号线,体育中心
0100,00199420,地铁,1号线,烈士陵园
0100,00199421,地铁,1号线,烈士陵园
0100,00199422,地铁,1号线,烈士陵园
0100,00199423,地铁,1号线,烈士陵园
0100,00199424,地铁,广佛线,石溪
0100,00199425,地铁,广佛线,石溪
0100,00199426,地铁,广佛线,石溪
0100,00199427,地铁,广佛线,石溪
0100,00199428,地铁,广佛线,石溪
0100,00199429,地铁,广佛线,南洲
0100,00199430,地铁,广佛线,南洲
0100,00199431,地铁,广佛线,南洲
0100,00199432,地铁,广佛线,南洲
0100,00199433,地铁,广佛线,南洲
0100,00199434,地铁,广佛线,沥滘
0100,00199435,地铁,广佛线,沥滘
0100,00199436,地铁,广佛线,沥滘
0100,00199437,地铁,广佛线,沥滘
0100,00199438,地铁,广佛线,沥滘
0100,00199439,地铁,广佛线,石溪
0100,00199440,地铁,广佛线,石溪
0100,00199441,地铁,广佛线,石溪
0100,00199692,地铁,1号线,西塱
0100,00199693,地铁,1号线,坑口
0100,00199694,地铁,1号线,坑口
0100,00199695,地铁,1号线,花地湾
0100,00199696,地铁,1号线,花地湾
0100,00199697,地铁,1号线,花地湾
0100,00199698,地铁,1号线,芳村
0100,00199699,地铁,1号线,芳村
0100,00199700,地铁,1号线,芳村
0100,00199701,地铁,1号线,黄沙
0100,00199702,地铁,1号线,黄沙
0100,00199703,地铁,1号线,长寿路
0100,00199704,地铁,1号线,长寿路
0100,00199705,地铁,1号线,陈家祠
0100,00199706,地铁,1号线,陈家祠
0100,00199707,地铁,1号线,西门口
0100,00199708,地铁,1号线,西门口
0100,00199709,地铁,1号线,公园前
0100,00199710,地铁,1号线,公园前
0100,00199711,地铁,1号线,公园前
0100,00199712,地铁,1号线,农讲所
0100,00199713,地铁,1号线,农讲所
0100,00199714,地铁,1号线,烈士陵园
0100,00199715,地铁,1号线,烈士陵园
0100,00199716,地铁,1号线,东山口
0100,00199717,地铁,1号线,东山口
0100,00199718,地铁,1号线,东山口
0100,00199719,地铁,1号线,东山口
0100,00199720,地铁,1号线,东山口
0100,00199721,地铁,1号线,东山口
0100,00199722,地铁,1号线,东山口
0100,00199723,地铁,1号线,东山口
0100,00199724,地铁,1号线,东山口
0100,00199725,地铁,1号线,东山口
0100,00199726,地铁,1号线,东山口
0100,00199727,地铁,1号线,东山口
0100,00199728,地铁,1号线,东山口
0100,00199729,地铁,1号线,东山口
0100,00199730,地铁,1号线,东山口
0100,00199731,地铁,1号线,东山口
0100,00199732,地铁,1号线,东山口
0100,00199733,地铁,1号线,东山口
0100,00199734,地铁,1号线,东山口
0100,00199735,地铁,1号线,东山口
0100,00199736,地铁,1号线,东山口
0100,00199737,地铁,1号线,东山口
0100,00199738,地铁,1号线,东山口
0100,00199739,地铁,1号线,东山口
0100,00199740,地铁,1号线,东山口
0100,00199741,地铁,1号线,东山口
0100,00199742,地铁,1号线,东山口
0100,00199743,地铁,1号线,东山口
0100,00199744,地铁,1号线,东山口
0100,00199745,地铁,1号线,东山口
0100,00199746,地铁,1号线,东山口
0100,00199747,地铁,1号线,东山口
0100,00199748,地铁,1号线,东山口
0100,00199749,地铁,1号线,东山口
0100,00199750,地铁,1号线,东山口
0100,00199751,地铁,1号线,东山口
0100,00199752,地铁,1号线,东山口
0100,00199753,地铁,1号线,东山口
0100,00199754,地铁,1号线,东山口
0100,00199755,地铁,1号线,黄沙
0100,00199756,地铁,1号线,黄沙
0100,00199757,地铁,1号线,黄沙
0100,00199758,地铁,1号线,黄沙
0100,00199759,地铁,1号线,黄沙
0100,00199760,地铁,1号线,黄沙
0100,00199761,地铁,1号线,杨箕
0100,00199762,地铁,1号线,黄沙
0100,00199763,地铁,1号线,黄沙
0100,00199764,地铁,广佛线,魁奇路
0100,00199765,地铁,广佛线,魁奇路
0100,00199766,地铁,广佛线,季华园
0100,00199767,地铁,广佛线,季华园
0100,00199768,地铁,广佛线,同济路
0100,00199769,地铁,广佛线,同济路
0100,00199770,地铁,1号线,黄沙
0100,00199771,地铁,1号线,黄沙
0100,00199772,地铁,1号线,黄沙
0100,00199773,地铁,1号线,黄沙
0100,00199774,地铁,1号线,黄沙
0100,00199775,地铁,广佛线,祖庙
0100,00199776,地铁,广佛线,普君北路
0100,00199777,地铁,广佛线,普君北路
0100,00199778,地铁,广佛线,朝安
0100,00199779,地铁,广佛线,朝安
0100,00199780,地铁,广佛线,桂城
0100,00199781,地铁,广佛线,桂城
0100,00199782,地铁,广佛线,南桂路
0100,00199783,地铁,1号线,黄沙
0100,00199784,地铁,1号线,黄沙
0100,00199785,地铁,1号线,黄沙
0100,00199786,地铁,1号线,黄沙
0100,00199787,地铁,1号线,黄沙
0100,00199788,地铁,1号线,黄沙
0100,00199789,地铁,广佛线,南桂路
0100,00199790,地铁,广佛线,𧒽岗
0100,00199791,地铁,广佛线,𧒽岗
0100,00199792,地铁,广佛线,千灯湖
0100,00199793,地铁,广佛线,千灯湖
0100,00199794,地铁,5号线,杨箕
0100,00199795,地铁,1号线,杨箕
0100,00199796,地铁,1号线,体育西路
0100,00199797,地铁,1号线,体育西路
0100,00199798,地铁,1号线,体育西路
0100,00199799,地铁,1号线,体育西路
0100,00199800,地铁,1号线,体育西路
0100,00199801,地铁,1号线,体育西路
0100,00199802,地铁,1号线,体育西路
0100,00199803,地铁,1号线,体育西路
0100,00199804,地铁,1号线,体育西路
0100,00199805,地铁,1号线,体育西路
0100,00199806,地铁,1号线,体育西路
0100,00199807,地铁,1号线,体育西路
0100,00199808,地铁,1号线,体育西路
0100,00199809,地铁,1号线,体育西路
0100,00199810,地铁,1号线,体育西路
0100,00199811,地铁,1号线,体育西路
0100,00199812,地铁,1号线,体育西路
0100,00199813,地铁,1号线,体育西路
0100,00199814,地铁,1号线,体育西路
0100,00199815,地铁,1号线,体育西路
0100,00199816,地铁,1号线,体育西路
0100,00199817,地铁,1号线,体育西路
0100,00199818,地铁,1号线,体育西路
0100,00199819,地铁,1号线,体育西路
0100,00199820,地铁,1号线,体育西路
0100,00199821,地铁,1号线,体育西路
0100,00199822,地铁,1号线,体育西路
0100,00199823,地铁,1号线,体育西路
0100,00199824,地铁,1号线,体育西路
0100,00199825,地铁,1号线,体育西路
0100,00199826,地铁,1号线,体育西路
0100,00199827,地铁,1号线,体育西路
0100,00199828,地铁,1号线,体育西路
0100,00199829,地铁,1号线,体育西路
0100,00199830,地铁,1号线,体育西路
0100,00199831,地铁,1号线,体育西路
0100,00199832,地铁,1号线,体育西路
0100,00199833,地铁,1号线,体育西路
0100,00199834,地铁,1号线,体育西路
0100,00199835,地铁,1号线,体育西路
0100,00199836,地铁,1号线,体育西路
0100,00199837,地铁,1号线,体育西路
0100,00199838,地铁,1号线,体育西路
0100,00199839,地铁,1号线,体育西路
0100,00199840,地铁,1号线,体育西路
0100,00199841,地铁,1号线,体育西路
0100,00199842,地铁,1号线,体育西路
0100,00199843,地铁,1号线,体育中心
0100,00199844,地铁,1号线,体育中心
0100,00199845,地铁,1号线,体育中心
0100,00199846,地铁,1号线,体育中心
0100,00199847,地铁,1号线,体育中心
0100,00199848,地铁,1号线,体育中心
0100,00199849,地铁,1号线,体育中心
0100,00199850,地铁,1号线,体育中心
0100,00199851,地铁,1号线,体育中心
0100,00199852,地铁,1号线,体育中心
0100,00199853,地铁,1号线,体育中心
0100,00199854,地铁,1号线,体育中心
0100,00199855,地铁,1号线,体育中心
0100,00199856,地铁,1号线,体育中心
0100,00199857,地铁,1号线,体育中心
0100,00199858,地铁,1号线,体育中心
0100,00199859,地铁,1号线,体育中心
0100,00199860,地铁,1号线,体育中心
0100,00199861,地铁,1号线,体育中心
0100,00199862,地铁,1号线,体育中心
0100,00199863,地铁,1号线,体育中心
0100,00199864,地铁,1号线,体育中心
0100,00199865,地铁,1号线,体育中心
0100,00199866,地铁,1号线,体育中心
0100,00199867,地铁,1号线,体育中心
0100,00199868,地铁,1号线,体育中心
0100,00199869,地铁,1号线,体育中心
0100,00199870,地铁,1号线,体育中心
0100,00199871,地铁,1号线,体育中心
0100,00199872,地铁,1号线,体育中心
0100,00199873,地铁,1号线,体育中心
0100,00199874,地铁,1号线,体育中心
0100,00199875,地铁,1号线,广州东站
0100,00199876,地铁,1号线,广州东站
0100,00199877,地铁,1号线,广州东站
0100,00199878,地铁,1号线,广州东站
0100,00199879,地铁,1号线,广州东站
0100,00199880,地铁,1号线,广州东站
0100,00199881,地铁,1号线,广州东站
0100,00199882,地铁,1号线,广州东站
0100,00199883,地铁,1号线,广州东站
0100,00199884,地铁,1号线,广州东站
0100,00199885,地铁,1号线,广州东站
0100,00199886,地铁,1号线,广州东站
0100,00199887,地铁,1号线,广州东站
0100,00199888,地铁,1号线,广州东站
0100,00199889,地铁,1号线,广州东站
0100,00199890,地铁,1号线,广州东站
0100,00199891,地铁,1号线,广州东站
0100,00199892,地铁,1号线,广州东站
0100,00199893,地铁,1号线,广州东站
0100,00199894,地铁,1号线,广州东站
0100,00199895,地铁,1号线,广州东站
0100,00199896,地铁,1号线,广州东站
0100,00199897,地铁,1号线,广州东站
0100,00199898,地铁,1号线,广州东站
0100,00199899,地铁,1号线,广州东站
0100,00199900,地铁,1号线,广州东站
0100,00199901,地铁,1号线,广州东站
0100,00199902,地铁,1号线,广州东站
0100,00199903,地铁,1号线,广州东站
0100,00199904,地铁,1号线,广州东站
0100,00199905,地铁,1号线,广州东站
0100,00199906,地铁,1号线,广州东站
0100,00199907,地铁,1号线,广州东站
0100,00199908,地铁,1号线,广州东站
0100,00199909,地铁,1号线,广州东站
0100,00199910,地铁,1号线,广州东站
0100,00199911,地铁,1号线,广州东站
0100,00199912,地铁,1号线,广州东站
0100,00199913,地铁,1号线,广州东站
0100,00199914,地铁,1号线,广州东站
0100,00199915,地铁,1号线,广州东站
0100,00199916,地铁,1号线,广州东站
0100,00199917,地铁,1号线,广州东站
0100,00199918,地铁,1号线,广州东站
0100,00199919,地铁,1号线,广州东站
0100,00199920,地铁,1号线,广州东站
0100,00199921,地铁,1号线,广州东站
0100,00199922,地铁,1号线,广州东站
0100,00199923,地铁,1号线,广州东站
0100,00199924,地铁,1号线,广州东站
0100,00199925,地铁,1号线,广州东站
0100,00199926,地铁,1号线,广州东站
0100,00199927,地铁,1号线,广州东站
0100,00199928,地铁,1号线,广州东站
0100,00199929,地铁,1号线,广州东站
0100,00199930,地铁,1号线,广州东站
0100,00199931,地铁,1号线,广州东站
0100,00199932,地铁,1号线,广州东站
0100,00199933,地铁,1号线,广州东站
0100,00199934,地铁,1号线,广州东站
0100,00199935,地铁,广佛线,魁奇路
0100,00199936,地铁,广佛线,魁奇路
0100,00199937,地铁,广佛线,魁奇路
0100,00199938,地铁,广佛线,魁奇路
0100,00199939,地铁,广佛线,魁奇路
0100,00199940,地铁,广佛线,魁奇路
0100,00199941,地铁,广佛线,魁奇路
0100,00199942,地铁,广佛线,魁奇路
0100,00199943,地铁,广佛线,魁奇路
0100,00199944,地铁,广佛线,魁奇路
0100,00199945,地铁,广佛线,魁奇路
0100,00199946,地铁,广佛线,魁奇路
0100,00199947,地铁,广佛线,魁奇路
0100,00199948,地铁,广佛线,魁奇路
0100,00199949,地铁,广佛线,魁奇路
0100,00199950,地铁,广佛线,魁奇路
0100,00199951,地铁,广佛线,魁奇路
0100,00199952,地铁,广佛线,魁奇路
0100,00199953,地铁,广佛线,魁奇路
0100,00199954,地铁,广佛线,魁奇路
0100,00199955,地铁,广佛线,魁奇路
0100,00199956,地铁,广佛线,魁奇路
0100,00199957,地铁,广佛线,魁奇路
0100,00199958,地铁,广佛线,魁奇路
0100,00199959,地铁,广佛线,魁奇路
0100,00199960,地铁,广佛线,魁奇路
0100,00199961,地铁,广佛线,魁奇路
0100,00199962,地铁,广佛线,魁奇路
0100,00199963,地铁,广佛线,魁奇路
0100,00199964,地铁,广佛线,魁奇路
0100,00199965,地铁,广佛线,季华园
0100,00199966,地铁,广佛线,季华园
0100,00199967,地铁,广佛线,季华园
0100,00199968,地铁,广佛线,季华园
0100,00199969,地铁,广佛线,季华园
0100,00199970,地铁,广佛线,季华园
0100,00199971,地铁,广佛线,季华园
0100,00199972,地铁,广佛线,季华园
0100,00199973,地铁,广佛线,季华园
0100,00199974,地铁,广佛线,季华园
0100,00199975,地铁,广佛线,季华园
0100,00199976,地铁,广佛线,季华园
0100,00199977,地铁,广佛线,季华园
0100,00199978,地铁,广佛线,季华园
0100,00199979,地铁,广佛线,季华园
0100,00199980,地铁,广佛线,季华园
0100,00199981,地铁,广佛线,季华园
0100,00199982,地铁,广佛线,季华园
0100,00199983,地铁,广佛线,季华园
0100,00199984,地铁,广佛线,季华园
0100,00199985,地铁,广佛线,季华园
0100,00199986,地铁,广佛线,季华园
0100,00199987,地铁,广佛线,季华园
0100,00199988,地铁,广佛线,季华园
0100,00199989,地铁,广佛线,季华园
0100,00199990,地铁,广佛线,季华园
0100,00199991,地铁,广佛线,同济路
0100,00199992,地铁,广佛线,同济路
0100,00199993,地铁,广佛线,同济路
0100,00199994,地铁,广佛线,同济路
0100,00199995,地铁,广佛线,同济路
0100,00199996,地铁,广佛线,同济路
0100,00199997,地铁,广佛线,魁奇路
0100,00199998,地铁,广佛线,魁奇路
0100,00199999,地铁,广佛线,魁奇路
0100,00200000,地铁,广佛线,同济路
0100,00200001,地铁,广佛线,同济路
0100,00200002,地铁,广佛线,同济路
0100,00200003,地铁,广佛线,同济路
0100,00200004,地铁,广佛线,同济路
0100,00200005,地铁,广佛线,同济路
0100,00200006,地铁,广佛线,同济路
0100,00200007,地铁,广佛线,同济路
0100,00200008,地铁,广佛线,同济路
0100,00200009,地铁,广佛线,同济路
0100,00200010,地铁,广佛线,同济路
0100,00200011,地铁,广佛线,同济路
0100,00200012,地铁,广佛线,同济路
0100,00200013,地铁,广佛线,同济路
0100,00200014,地铁,广佛线,同济路
0100,00200015,地铁,广佛线,同济路
0100,00200016,地铁,广佛线,同济路
0100,00200017,地铁,广佛线,同济路
0100,00200018,地铁,广佛线,同济路
0100,00200019,地铁,广佛线,同济路
0100,00200020,地铁,广佛线,祖庙
0100,00200021,地铁,广佛线,祖庙
0100,00200022,地铁,广佛线,祖庙
0100,00200023,地铁,广佛线,祖庙
0100,00200024,地铁,广佛线,祖庙
0100,00200025,地铁,广佛线,祖庙
0100,00200026,地铁,广佛线,祖庙
0100,00200027,地铁,广佛线,祖庙
0100,00200028,地铁,广佛线,祖庙
0100,00200029,地铁,广佛线,祖庙
0100,00200030,地铁,广佛线,祖庙
0100,00200031,地铁,广佛线,祖庙
0100,00200032,地铁,广佛线,祖庙
0100,00200033,地铁,广佛线,祖庙
0100,00200034,地铁,广佛线,祖庙
0100,00200035,地铁,广佛线,祖庙
0100,00200036,地铁,广佛线,祖庙
0100,00200037,地铁,广佛线,祖庙
0100,00200038,地铁,广佛线,祖庙
0100,00200039,地铁,广佛线,祖庙
0100,00200040,地铁,广佛线,祖庙
0100,00200041,地铁,广佛线,祖庙
0100,00200042,地铁,广佛线,祖庙
0100,00200043,地铁,广佛线,祖庙
0100,00200044,地铁,广佛线,祖庙
0100,00200045,地铁,广佛线,祖庙
0100,00200046,地铁,广佛线,祖庙
0100,00200047,地铁,广佛线,祖庙
0100,00200049,地铁,广佛线,祖庙
0100,00200050,地铁,广佛线,祖庙
0100,00200051,地铁,广佛线,祖庙
0100,00200052,地铁,广佛线,普君北路
0100,00200053,地铁,广佛线,普君北路
0100,00200054,地铁,广佛线,普君北路
0100,00200055,地铁,广佛线,普君北路
0100,00200056,地铁,广佛线,普君北路
0100,00200057,地铁,广佛线,普君北路
0100,00200058,地铁,广佛线,普君北路
0100,00200059,地铁,广佛线,普君北路
0100,00200060,地铁,广佛线,普君北路
0100,00200061,地铁,广佛线,普君北路
0100,00200062,地铁,广佛线,普君北路
0100,00200063,地铁,广佛线,普君北路
0100,00200064,地铁,广佛线,普君北路
0100,00200065,地铁,广佛线,普君北路
0100,00200066,地铁,广佛线,普君北路
0100,00200067,地铁,广佛线,普君北路
0100,00200068,地铁,广佛线,普君北路
0100,00200069,地铁,广佛线,普君北路
0100,00200070,地铁,广佛线,普君北路
0100,00200071,地铁,广佛线,普君北路
0100,00200072,地铁,广佛线,普君北路
0100,00200073,地铁,广佛线,普君北路
0100,00200074,地铁,广佛线,普君北路
0100,00200075,地铁,广佛线,普君北路
0100,00200076,地铁,广佛线,普君北路
0100,00200077,地铁,广佛线,普君北路
0100,00200078,地铁,广佛线,普君北路
0100,00200079,地铁,广佛线,普君北路
0100,00200080,地铁,广佛线,普君北路
0100,00200081,地铁,广佛线,普君北路
0100,00200082,地铁,广佛线,朝安
0100,00200083,地铁,广佛线,朝安
0100,00200084,地铁,广佛线,朝安
0100,00200085,地铁,广佛线,朝安
0100,00200086,地铁,广佛线,朝安
0100,00200087,地铁,广佛线,朝安
0100,00200088,地铁,广佛线,朝安
0100,00200089,地铁,广佛线,朝安
0100,00200090,地铁,广佛线,朝安
0100,00200091,地铁,广佛线,朝安
0100,00200092,地铁,广佛线,朝安
0100,00200093,地铁,广佛线,朝安
0100,00200094,地铁,广佛线,朝安
0100,00200095,地铁,广佛线,朝安
0100,00200096,地铁,广佛线,朝安
0100,00200097,地铁,广佛线,朝安
0100,00200098,地铁,广佛线,朝安
0100,00200099,地铁,广佛线,朝安
0100,00200100,地铁,广佛线,朝安
0100,00200101,地铁,广佛线,朝安
0100,00200102,地铁,广佛线,朝安
0100,00200103,地铁,广佛线,朝安
0100,00200104,地铁,广佛线,朝安
0100,00200105,地铁,广佛线,朝安
0100,00200106,地铁,广佛线,朝安
0100,00200107,地铁,广佛线,朝安
0100,00200108,地铁,广佛线,朝安
0100,00200109,地铁,广佛线,朝安
0100,00200110,地铁,广佛线,朝安
0100,00200111,地铁,广佛线,朝安
0100,00200112,地铁,广佛线,桂城
0100,00200113,地铁,广佛线,桂城
0100,00200114,地铁,广佛线,桂城
0100,00200115,地铁,广佛线,桂城
0100,00200116,地铁,广佛线,桂城
0100,00200117,地铁,广佛线,桂城
0100,00200118,地铁,广佛线,桂城
0100,00200119,地铁,广佛线,桂城
0100,00200120,地铁,广佛线,桂城
0100,00200121,地铁,广佛线,桂城
0100,00200122,地铁,广佛线,桂城
0100,00200123,地铁,广佛线,桂城
0100,00200124,地铁,广佛线,桂城
0100,00200125,地铁,广佛线,桂城
0100,00200126,地铁,广佛线,桂城
0100,00200127,地铁,广佛线,桂城
0100,00200128,地铁,广佛线,桂城
0100,00200129,地铁,广佛线,桂城
0100,00200130,地铁,广佛线,桂城
0100,00200131,地铁,广佛线,桂城
0100,00200132,地铁,广佛线,桂城
0100,00200133,地铁,广佛线,桂城
0100,00200134,地铁,广佛线,桂城
0100,00200135,地铁,广佛线,桂城
0100,00200136,地铁,广佛线,桂城
0100,00200137,地铁,广佛线,桂城
0100,00200138,地铁,广佛线,桂城
0100,00200139,地铁,广佛线,桂城
0100,00200140,地铁,广佛线,桂城
0100,00200141,地铁,广佛线,桂城
0100,00200142,地铁,广佛线,南桂路
0100,00200143,地铁,广佛线,南桂路
0100,00200144,地铁,广佛线,南桂路
0100,00200145,地铁,广佛线,南桂路
0100,00200146,地铁,广佛线,南桂路
0100,00200147,地铁,广佛线,南桂路
0100,00200148,地铁,广佛线,南桂路
0100,00200149,地铁,广佛线,南桂路
0100,00200150,地铁,广佛线,南桂路
0100,00200151,地铁,广佛线,南桂路
0100,00200152,地铁,广佛线,南桂路
0100,00200153,地铁,广佛线,南桂路
0100,00200154,地铁,广佛线,南桂路
0100,00200155,地铁,广佛线,南桂路
0100,00200156,地铁,广佛线,南桂路
0100,00200157,地铁,广佛线,南桂路
0100,00200158,地铁,广佛线,南桂路
0100,00200159,地铁,广佛线,南桂路
0100,00200160,地铁,广佛线,南桂路
0100,00200161,地铁,广佛线,南桂路
0100,00200162,地铁,广佛线,南桂路
0100,00200163,地铁,广佛线,南桂路
0100,00200164,地铁,广佛线,南桂路
0100,00200165,地铁,广佛线,南桂路
0100,00200166,地铁,广佛线,南桂路
0100,00200167,地铁,广佛线,南桂路
0100,00200168,地铁,广佛线,南桂路
0100,00200169,地铁,广佛线,南桂路
0100,00200170,地铁,广佛线,南桂路
0100,00200171,地铁,广佛线,南桂路
0100,00200172,地铁,广佛线,南桂路
0100,00200173,地铁,广佛线,𧒽岗
0100,00200174,地铁,广佛线,𧒽岗
0100,00200175,地铁,广佛线,𧒽岗
0100,00200176,地铁,广佛线,𧒽岗
0100,00200177,地铁,广佛线,𧒽岗
0100,00200178,地铁,广佛线,𧒽岗
0100,00200179,地铁,广佛线,𧒽岗
0100,00200180,地铁,广佛线,𧒽岗
0100,00200181,地铁,广佛线,𧒽岗
0100,00200182,地铁,广佛线,𧒽岗
0100,00200183,地铁,广佛线,𧒽岗
0100,00200184,地铁,广佛线,𧒽岗
0100,00200185,地铁,广佛线,𧒽岗
0100,00200186,地铁,广佛线,𧒽岗
0100,00200187,地铁,广佛线,𧒽岗
0100,00200188,地铁,广佛线,𧒽岗
0100,00200189,地铁,广佛线,𧒽岗
0100,00200190,地铁,广佛线,𧒽岗
0100,00200191,地铁,广佛线,𧒽岗
0100,00200192,地铁,广佛线,𧒽岗
0100,00200193,地铁,广佛线,𧒽岗
0100,00200194,地铁,广佛线,𧒽岗
0100,00200195,地铁,广佛线,𧒽岗
0100,00200196,地铁,广佛线,𧒽岗
0100,00200197,地铁,广佛线,𧒽岗
0100,00200198,地铁,广佛线,𧒽岗
0100,00200199,地铁,广佛线,𧒽岗
0100,00200200,地铁,广佛线,𧒽岗
0100,00200201,地铁,广佛线,𧒽岗
0100,00200202,地铁,广佛线,千灯湖
0100,00200203,地铁,广佛线,千灯湖
0100,00200204,地铁,广佛线,千灯湖
0100,00200205,地铁,广佛线,千灯湖
0100,00200206,地铁,广佛线,千灯湖
0100,00200207,地铁,广佛线,千灯湖
0100,00200208,地铁,广佛线,千灯湖
0100,00200209,地铁,广佛线,千灯湖
0100,00200210,地铁,广佛线,千灯湖
0100,00200211,地铁,广佛线,千灯湖
0100,00200212,地铁,广佛线,千灯湖
0100,00200213,地铁,广佛线,千灯湖
0100,00200214,地铁,广佛线,千灯湖
0100,00200215,地铁,广佛线,千灯湖
0100,00200216,地铁,广佛线,千灯湖
0100,00200217,地铁,广佛线,千灯湖
0100,00200218,地铁,广佛线,千灯湖
0100,00200219,地铁,广佛线,千灯湖
0100,00200220,地铁,广佛线,千灯湖
0100,00200221,地铁,广佛线,千灯湖
0100,00200222,地铁,广佛线,千灯湖
0100,00200223,地铁,广佛线,千灯湖
0100,00200224,地铁,广佛线,千灯湖
0100,00200225,地铁,广佛线,千灯湖
0100,00200226,地铁,广佛线,千灯湖
0100,00200227,地铁,广佛线,千灯湖
0100,00200228,地铁,广佛线,千灯湖
0100,00200229,地铁,广佛线,千灯湖
0100,00200230,地铁,广佛线,金融高新区
0100,00200231,地铁,广佛线,金融高新区
0100,00200232,地铁,广佛线,金融高新区
0100,00200233,地铁,广佛线,金融高新区
0100,00200234,地铁,广佛线,金融高新区
0100,00200235,地铁,广佛线,金融高新区
0100,00200236,地铁,广佛线,金融高新区
0100,00200237,地铁,广佛线,金融高新区
0100,00200238,地铁,广佛线,金融高新区
0100,00200239,地铁,广佛线,金融高新区
0100,00200240,地铁,广佛线,金融高新区
0100,00200241,地铁,广佛线,金融高新区
0100,00200242,地铁,广佛线,金融高新区
0100,00200243,地铁,广佛线,金融高新区
0100,00200244,地铁,广佛线,金融高新区
0100,00200245,地铁,广佛线,金融高新区
0100,00200246,地铁,广佛线,金融高新区
0100,00200247,地铁,广佛线,金融高新区
0100,00200248,地铁,广佛线,金融高新区
0100,00200249,地铁,广佛线,金融高新区
0100,00200250,地铁,广佛线,金融高新区
0100,00200251,地铁,广佛线,金融高新区
0100,00200252,地铁,广佛线,金融高新区
0100,00200253,地铁,广佛线,金融高新区
0100,00200254,地铁,广佛线,金融高新区
0100,00200255,地铁,广佛线,金融高新区
0100,00200256,地铁,广佛线,金融高新区
0100,00200257,地铁,广佛线,金融高新区
0100,00200258,地铁,广佛线,金融高新区
0100,00200259,地铁,广佛线,金融高新区
0100,00200260,地铁,广佛线,龙溪
0100,00200261,地铁,广佛线,龙溪
0100,00200262,地铁,广佛线,龙溪
0100,00200263,地铁,广佛线,龙溪
0100,00200264,地铁,广佛线,龙溪
0100,00200265,地铁,广佛线,龙溪
0100,00200266,地铁,广佛线,龙溪
0100,00200267,地铁,广佛线,龙溪
0100,00200268,地铁,广佛线,龙溪
0100,00200269,地铁,广佛线,龙溪
0100,00200270,地铁,广佛线,龙溪
0100,00200271,地铁,广佛线,龙溪
0100,00200272,地铁,广佛线,龙溪
0100,00200273,地铁,广佛线,龙溪
0100,00200274,地铁,广佛线,龙溪
0100,00200275,地铁,广佛线,龙溪
0100,00200276,地铁,广佛线,龙溪
0100,00200277,地铁,广佛线,龙溪
0100,00200278,地铁,广佛线,龙溪
0100,00200279,地铁,广佛线,龙溪
0100,00200280,地铁,广佛线,龙溪
0100,00200281,地铁,广佛线,龙溪
0100,00200282,地铁,广佛线,龙溪
0100,00200283,地铁,广佛线,龙溪
0100,00200284,地铁,广佛线,龙溪
0100,00200285,地铁,广佛线,龙溪
0100,00200286,地铁,广佛线,龙溪
0100,00200287,地铁,广佛线,龙溪
0100,00200288,地铁,广佛线,龙溪
0100,00200289,地铁,广佛线,龙溪
0100,00200290,地铁,广佛线,菊树
0100,00200291,地铁,广佛线,菊树
0100,00200292,地铁,广佛线,菊树
0100,00200293,地铁,广佛线,菊树
0100,00200294,地铁,广佛线,菊树
0100,00200295,地铁,广佛线,菊树
0100,00200296,地铁,广佛线,菊树
0100,00200297,地铁,广佛线,菊树
0100,00200298,地铁,广佛线,菊树
0100,00200299,地铁,广佛线,菊树
0100,00200300,地铁,广佛线,菊树
0100,00200301,地铁,广佛线,菊树
0100,00200302,地铁,广佛线,菊树
0100,00200303,地铁,广佛线,菊树
0100,00200304,地铁,广佛线,菊树
0100,00200305,地铁,广佛线,菊树
0100,00200306,地铁,广佛线,菊树
0100,00200307,地铁,广佛线,菊树
0100,00200308,地铁,广佛线,菊树
0100,00200309,地铁,广佛线,菊树
0100,00200310,地铁,广佛线,菊树
0100,00200311,地铁,广佛线,菊树
0100,00200312,地铁,广佛线,菊树
0100,00200313,地铁,广佛线,菊树
0100,00200314,地铁,广佛线,菊树
0100,00200315,地铁,广佛线,菊树
0100,00200316,地铁,广佛线,菊树
0100,00200317,地铁,广佛线,菊树
0100,00200318,地铁,广佛线,西塱
0100,00200319,地铁,广佛线,西塱
0100,00200320,地铁,广佛线,西塱
0100,00200321,地铁,广佛线,西塱
0100,00200322,地铁,广佛线,西塱
0100,00200323,地铁,广佛线,西塱
0100,00200324,地铁,广佛线,西塱
0100,00200325,地铁,广佛线,西塱
0100,00200326,地铁,广佛线,西塱
0100,00200327,地铁,广佛线,西塱
0100,00200328,地铁,广佛线,西塱
0100,00200329,地铁,广佛线,西塱
0100,00200330,地铁,广佛线,西塱
0100,00200331,地铁,广佛线,西塱
0100,00200332,地铁,广佛线,西塱
0100,00200333,地铁,广佛线,西塱
0100,00200334,地铁,广佛线,西塱
0100,00200335,地铁,广佛线,西塱
0100,00200336,地铁,广佛线,西塱
0100,00200337,地铁,广佛线,西塱
0100,00200338,地铁,广佛线,西塱
0100,00200339,地铁,广佛线,西塱
0100,00200340,地铁,广佛线,西塱
0100,00200341,地铁,广佛线,西塱
0100,00200342,地铁,广佛线,西塱
0100,00200343,地铁,广佛线,西塱
0100,00200344,地铁,广佛线,西塱
0100,00200345,地铁,广佛线,西塱
0100,00200346,地铁,广佛线,西塱
0100,00200347,地铁,广佛线,西塱
0100,00200348,地铁,广佛线,鹤洞
0100,00200349,地铁,广佛线,鹤洞
0100,00200350,地铁,广佛线,鹤洞
0100,00200351,地铁,广佛线,鹤洞
0100,00200352,地铁,广佛线,鹤洞
0100,00200353,地铁,广佛线,鹤洞
0100,00200354,地铁,广佛线,鹤洞
0100,00200355,地铁,广佛线,鹤洞
0100,00200356,地铁,广佛线,鹤洞
0100,00200357,地铁,广佛线,鹤洞
0100,00200358,地铁,广佛线,鹤洞
0100,00200359,地铁,广佛线,鹤洞
0100,00200360,地铁,广佛线,鹤洞
0100,00200361,地铁,广佛线,鹤洞
0100,00200362,地铁,广佛线,鹤洞
0100,00200363,地铁,广佛线,鹤洞
0100,00200364,地铁,广佛线,鹤洞
0100,00200365,地铁,广佛线,鹤洞
0100,00200366,地铁,广佛线,鹤洞
0100,00200367,地铁,广佛线,鹤洞
0100,00200368,地铁,广佛线,鹤洞
0100,00200369,地铁,广佛线,鹤洞
0100,00200370,地铁,广佛线,鹤洞
0100,00200371,地铁,广佛线,鹤洞
0100,00200372,地铁,广佛线,鹤洞
0100,00200373,地铁,广佛线,鹤洞
0100,00200374,地铁,广佛线,鹤洞
0100,00200375,地铁,广佛线,鹤洞
0100,00200376,地铁,广佛线,鹤洞
0100,00200377,地铁,广佛线,鹤洞
0100,00200378,地铁,广佛线,鹤洞
0100,00200379,地铁,广佛线,沙涌
0100,00200380,地铁,广佛线,沙涌
0100,00200381,地铁,广佛线,沙涌
0100,00200382,地铁,广佛线,沙涌
0100,00200383,地铁,广佛线,沙涌
0100,00200384,地铁,广佛线,沙涌
0100,00200385,地铁,广佛线,沙涌
0100,00200386,地铁,广佛线,沙涌
0100,00200387,地铁,广佛线,沙涌
0100,00200388,地铁,广佛线,沙涌
0100,00200389,地铁,广佛线,沙涌
0100,00200390,地铁,广佛线,沙涌
0100,00200391,地铁,广佛线,沙涌
0100,00200392,地铁,广佛线,沙涌
0100,00200393,地铁,广佛线,沙涌
0100,00200394,地铁,广佛线,沙涌
0100,00200395,地铁,广佛线,沙涌
0100,00200396,地铁,广佛线,沙涌
0100,00200397,地铁,广佛线,沙涌
0100,00200398,地铁,广佛线,沙涌
0100,00200399,地铁,广佛线,沙涌
0100,00200400,地铁,广佛线,沙涌
0100,00200401,地铁,广佛线,沙涌
0100,00200402,地铁,广佛线,沙涌
0100,00200403,地铁,广佛线,沙涌
0100,00200404,地铁,广佛线,沙涌
0100,00200405,地铁,广佛线,沙涌
0100,00200406,地铁,广佛线,沙涌
0100,00200407,地铁,广佛线,沙涌
0100,00200408,地铁,广佛线,沙涌
0100,00200409,地铁,广佛线,沙涌
0100,00200410,地铁,广佛线,沙涌
0100,00200411,地铁,广佛线,沙涌
0100,00200412,地铁,广佛线,沙涌
0100,00200413,地铁,广佛线,燕岗
0100,00200414,地铁,广佛线,燕岗
0100,00200415,地铁,广佛线,燕岗
0100,00200416,地铁,广佛线,燕岗
0100,00200417,地铁,广佛线,燕岗
0100,00200418,地铁,广佛线,燕岗
0100,00200419,地铁,广佛线,燕岗
0100,00200420,地铁,广佛线,燕岗
0100,00200421,地铁,广佛线,燕岗
0100,00200422,地铁,广佛线,燕岗
0100,00200423,地铁,广佛线,燕岗
0100,00200424,地铁,广佛线,燕岗
0100,00200425,地铁,广佛线,燕岗
0100,00200426,地铁,广佛线,燕岗
0100,00200427,地铁,广佛线,燕岗
0100,00200428,地铁,广佛线,燕岗
0100,00200429,地铁,广佛线,燕岗
0100,00200430,地铁,广佛线,燕岗
0100,00200431,地铁,广佛线,燕岗
0100,00200432,地铁,广佛线,燕岗
0100,00200433,地铁,广佛线,燕岗
0100,00200434,地铁,广佛线,燕岗
0100,00200435,地铁,广佛线,燕岗
0100,00200436,地铁,广佛线,燕岗
0100,00200437,地铁,广佛线,燕岗
0100,00200438,地铁,广佛线,燕岗
0100,00200439,地铁,广佛线,燕岗
0100,00200440,地铁,广佛线,燕岗
0100,00200441,地铁,广佛线,燕岗
0100,00200442,地铁,3号线,同和
0100,00200443,地铁,3号线,同和
0100,00200444,地铁,3号线,同和
0100,00200445,地铁,3号线,同和
0100,00200446,地铁,3号线,同和
0100,00200447,地铁,3号线,同和
0100,00200448,地铁,3号线,同和
0100,00200449,地铁,3号线,同和
0100,00200450,地铁,3号线,同和
0100,00200451,地铁,3号线,同和
0100,00200452,地铁,3号线,同和
0100,00200453,地铁,3号线,同和
0100,00200454,地铁,3号线,同和
0100,00200455,地铁,3号线,同和
0100,00200456,地铁,3号线,同和
0100,00200457,地铁,3号线,同和
0100,00200458,地铁,3号线,同和
0100,00200459,地铁,3号线,同和
0100,00200460,地铁,3号线,同和
0100,00200461,地铁,3号线,同和
0100,00200462,地铁,3号线,同和
0100,00200463,地铁,3号线,同和
0100,00200464,地铁,3号线,同和
0100,00200465,地铁,3号线,同和
0100,00200466,地铁,3号线,京溪南方医院
0100,00200467,地铁,3号线,京溪南方医院
0100,00200468,地铁,3号线,京溪南方医院
0100,00200469,地铁,3号线,京溪南方医院
0100,00200470,地铁,3号线,京溪南方医院
0100,00200471,地铁,3号线,京溪南方医院
0100,00200472,地铁,3号线,京溪南方医院
0100,00200473,地铁,3号线,京溪南方医院
0100,00200474,地铁,3号线,京溪南方医院
0100,00200475,地铁,3号线,京溪南方医院
0100,00200476,地铁,3号线,京溪南方医院
0100,00200477,地铁,3号线,京溪南方医院
0100,00200478,地铁,3号线,京溪南方医院
0100,00200479,地铁,3号线,京溪南方医院
0100,00200480,地铁,3号线,京溪南方医院
0100,00200481,地铁,3号线,京溪南方医院
0100,00200482,地铁,3号线,京溪南方医院
0100,00200483,地铁,3号线,京溪南方医院
0100,00200484,地铁,3号线,京溪南方医院
0100,00200485,地铁,3号线,京溪南方医院
0100,00200486,地铁,3号线,京溪南方医院
0100,00200487,地铁,3号线,京溪南方医院
0100,00200488,地铁,3号线,京溪南方医院
0100,00200489,地铁,3号线,梅花园
0100,00200490,地铁,3号线,梅花园
0100,00200491,地铁,3号线,梅花园
0100,00200492,地铁,3号线,梅花园
0100,00200493,地铁,3号线,梅花园
0100,00200494,地铁,3号线,梅花园
0100,00200495,地铁,3号线,梅花园
0100,00200496,地铁,3号线,梅花园
0100,00200497,地铁,3号线,梅花园
0100,00200498,地铁,3号线,梅花园
0100,00200499,地铁,3号线,梅花园
0100,00200500,地铁,3号线,梅花园
0100,00200501,地铁,3号线,梅花园
0100,00200502,地铁,3号线,梅花园
0100,00200503,地铁,3号线,梅花园
0100,00200504,地铁,3号线,梅花园
0100,00200505,地铁,3号线,梅花园
0100,00200506,地铁,3号线,梅花园
0100,00200507,地铁,3号线,梅花园
0100,00200508,地铁,3号线,梅花园
0100,00200509,地铁,3号线,梅花园
0100,00200510,地铁,3号线,梅花园
0100,00200511,地铁,3号线,燕塘
0100,00200512,地铁,3号线,燕塘
0100,00200513,地铁,3号线,燕塘
0100,00200514,地铁,3号线,燕塘
0100,00200515,地铁,3号线,燕塘
0100,00200516,地铁,3号线,燕塘
0100,00200517,地铁,3号线,燕塘
0100,00200518,地铁,3号线,燕塘
0100,00200519,地铁,3号线,燕塘
0100,00200520,地铁,3号线,燕塘
0100,00200521,地铁,3号线,燕塘
0100,00200522,地铁,3号线,燕塘
0100,00200523,地铁,3号线,燕塘
0100,00200524,地铁,3号线,燕塘
0100,00200525,地铁,3号线,燕塘
0100,00200526,地铁,3号线,燕塘
0100,00200527,地铁,3号线,燕塘
0100,00200528,地铁,3号线,燕塘
0100,00200529,地铁,3号线,燕塘
0100,00200530,地铁,3号线,燕塘
0100,00200531,地铁,3号线,燕塘
0100,00200532,地铁,3号线,燕塘
0100,00200533,地铁,3号线,燕塘
0100,00200534,地铁,3号线,燕塘
0100,00200535,地铁,3号线,燕塘
0100,00200536,地铁,3号线,燕塘
0100,00200537,地铁,3号线,燕塘
0100,00200538,地铁,3号线,燕塘
0100,00200539,地铁,3号线,燕塘
0100,00200540,地铁,3号线,燕塘
0100,00200541,地铁,3号线,燕塘
0100,00200542,地铁,3号线,燕塘
0100,00200543,地铁,3号线,燕塘
0100,00200544,地铁,3号线,燕塘
0100,00200545,地铁,3号线,梅花园
0100,00200546,地铁,3号线,体育西路
0100,00200547,地铁,7号线,钟村
0100,00200548,地铁,3号线,机场南
0100,00200549,地铁,3号线,机场南
0100,00200550,地铁,3号线,机场南
0100,00200551,地铁,3号线,机场南
0100,00200552,地铁,3号线,机场南
0100,00200553,地铁,3号线,机场南
0100,00200554,地铁,3号线,机场南
0100,00200555,地铁,3号线,机场南
0100,00200556,地铁,3号线,机场南
0100,00200557,地铁,3号线,机场南
0100,00200558,地铁,3号线,机场南
0100,00200559,地铁,3号线,机场南
0100,00200560,地铁,3号线,机场南
0100,00200561,地铁,3号线,机场南
0100,00200562,地铁,3号线,机场南
0100,00200563,地铁,3号线,机场南
0100,00200564,地铁,3号线,机场南
0100,00200565,地铁,3号线,机场南
0100,00200566,地铁,3号线,机场南
0100,00200567,地铁,3号线,机场南
0100,00200568,地铁,3号线,机场南
0100,00200569,地铁,3号线,机场南
0100,00200570,地铁,3号线,机场南
0100,00200571,地铁,3号线,机场南
0100,00200572,地铁,3号线,机场南
0100,00200573,地铁,3号线,机场南
0100,00200574,地铁,3号线,机场南
0100,00200575,地铁,3号线,机场南
0100,00200576,地铁,3号线,机场南
0100,00200577,地铁,3号线,机场南
0100,00200578,地铁,3号线,机场南
0100,00200579,地铁,3号线,机场南
0100,00200580,地铁,3号线,机场南
0100,00200581,地铁,3号线,机场南
0100,00200582,地铁,3号线,人和
0100,00200583,地铁,3号线,人和
0100,00200584,地铁,3号线,人和
0100,00200585,地铁,3号线,人和
0100,00200586,地铁,3号线,人和
0100,00200587,地铁,3号线,人和
0100,00200588,地铁,3号线,人和
0100,00200589,地铁,3号线,人和
0100,00200590,地铁,3号线,人和
0100,00200591,地铁,3号线,人和
0100,00200592,地铁,3号线,人和
0100,00200593,地铁,3号线,人和
0100,00200594,地铁,3号线,人和
0100,00200595,地铁,3号线,人和
0100,00200596,地铁,3号线,人和
0100,00200597,地铁,3号线,人和
0100,00200598,地铁,3号线,人和
0100,00200599,地铁,3号线,人和
0100,00200600,地铁,3号线,人和
0100,00200601,地铁,3号线,人和
0100,00200602,地铁,3号线,人和
0100,00200603,地铁,3号线,人和
0100,00200604,地铁,3号线,机场北
0100,00200605,地铁,3号线,机场北
0100,00200606,地铁,3号线,机场北
0100,00200607,地铁,3号线,机场北
0100,00200608,地铁,3号线,机场北
0100,00200609,地铁,3号线,机场北
0100,00200610,地铁,3号线,机场北
0100,00200611,地铁,3号线,机场北
0100,00200612,地铁,3号线,机场北
0100,00200613,地铁,3号线,机场北
0100,00200614,地铁,3号线,机场北
0100,00200615,地铁,3号线,机场北
0100,00200616,地铁,3号线,机场北
0100,00200617,地铁,3号线,机场北
0100,00200618,地铁,3号线,机场北
0100,00200619,地铁,3号线,机场北
0100,00200620,地铁,3号线,机场北
0100,00200621,地铁,3号线,机场北
0100,00200622,地铁,3号线,机场北
0100,00200623,地铁,3号线,机场北
0100,00200624,地铁,3号线,机场北
0100,00200625,地铁,3号线,机场北
0100,00200626,地铁,3号线,机场北
0100,00200627,地铁,3号线,机场北
0100,00200628,地铁,3号线,机场北
0100,00200629,地铁,3号线,机场北
0100,00200630,地铁,3号线,机场北
0100,00200631,地铁,3号线,机场北
0100,00200632,地铁,3号线,机场北
0100,00200633,地铁,3号线,汉溪长隆
0100,00200634,地铁,3号线,汉溪长隆
0100,00200635,地铁,3号线,汉溪长隆
0100,00200636,地铁,3号线,汉溪长隆
0100,00200637,地铁,3号线,汉溪长隆
0100,00200638,地铁,3号线,汉溪长隆
0100,00200639,地铁,3号线,汉溪长隆
0100,00200640,地铁,3号线,汉溪长隆
0100,00200641,地铁,3号线,汉溪长隆
0100,00200642,地铁,3号线,汉溪长隆
0100,00200643,地铁,3号线,汉溪长隆
0100,00200644,地铁,3号线,汉溪长隆
0100,00200645,地铁,3号线,汉溪长隆
0100,00200646,地铁,3号线,汉溪长隆
0100,00200647,地铁,3号线,汉溪长隆
0100,00200648,地铁,3号线,汉溪长隆
0100,00200649,地铁,3号线,汉溪长隆
0100,00200650,地铁,3号线,汉溪长隆
0100,00200651,地铁,3号线,汉溪长隆
0100,00200652,地铁,3号线,汉溪长隆
0100,00200653,地铁,3号线,汉溪长隆
0100,00200654,地铁,3号线,汉溪长隆
0100,00200655,地铁,3号线,汉溪长隆
0100,00200656,地铁,3号线,汉溪长隆
0100,00200657,地铁,3号线,汉溪长隆
0100,00200658,地铁,3号线,汉溪长隆
0100,00200659,地铁,3号线,汉溪长隆
0100,00200660,地铁,3号线,汉溪长隆
0100,00200661,地铁,3号线,汉溪长隆
0100,00200662,地铁,3号线,市桥
0100,00200663,地铁,3号线,市桥
0100,00200664,地铁,3号线,市桥
0100,00200665,地铁,3号线,市桥
0100,00200666,地铁,3号线,市桥
0100,00200667,地铁,3号线,市桥
0100,00200668,地铁,3号线,市桥
0100,00200669,地铁,3号线,市桥
0100,00200670,地铁,3号线,市桥
0100,00200671,地铁,3号线,市桥
0100,00200672,地铁,3号线,市桥
0100,00200673,地铁,3号线,市桥
0100,00200674,地铁,3号线,市桥
0100,00200675,地铁,3号线,市桥
0100,00200676,地铁,3号线,市桥
0100,00200677,地铁,3号线,市桥
0100,00200678,地铁,3号线,市桥
0100,00200679,地铁,3号线,市桥
0100,00200680,地铁,3号线,市桥
0100,00200681,地铁,3号线,市桥
0100,00200682,地铁,3号线,市桥
0100,00200683,地铁,3号线,市桥
0100,00200684,地铁,3号线,市桥
0100,00200685,地铁,3号线,市桥
0100,00200686,地铁,3号线,市桥
0100,00200687,地铁,3号线,番禺广场
0100,00200688,地铁,3号线,番禺广场
0100,00200689,地铁,3号线,番禺广场
0100,00200690,地铁,3号线,番禺广场
0100,00200691,地铁,3号线,番禺广场
0100,00200692,地铁,3号线,番禺广场
0100,00200693,地铁,3号线,番禺广场
0100,00200694,地铁,3号线,番禺广场
0100,00200695,地铁,3号线,番禺广场
0100,00200697,地铁,3号线,番禺广场
0100,00200698,地铁,3号线,番禺广场
0100,00200699,地铁,3号线,番禺广场
0100,00200700,地铁,3号线,番禺广场
0100,00200701,地铁,3号线,番禺广场
0100,00200702,地铁,3号线,番禺广场
0100,00200703,地铁,3号线,番禺广场
0100,00200704,地铁,3号线,番禺广场
0100,00200705,地铁,3号线,番禺广场
0100,00200706,地铁,3号线,番禺广场
0100,00200707,地铁,3号线,番禺广场
0100,00200708,地铁,3号线,珠江新城
0100,00200709,地铁,3号线,珠江新城
0100,00200710,地铁,3号线,珠江新城
0100,00200711,地铁,3号线,珠江新城
0100,00200712,地铁,3号线,珠江新城
0100,00200713,地铁,3号线,珠江新城
0100,00200714,地铁,3号线,珠江新城
0100,00200715,地铁,3号线,珠江新城
0100,00200716,地铁,3号线,珠江新城
0100,00200717,地铁,3号线,珠江新城
0100,00200718,地铁,3号线,珠江新城
0100,00200719,地铁,3号线,珠江新城
0100,00200720,地铁,3号线,珠江新城
0100,00200721,地铁,3号线,珠江新城
0100,00200722,地铁,3号线,珠江新城
0100,00200723,地铁,3号线,珠江新城
0100,00200724,地铁,3号线,珠江新城
0100,00200725,地铁,3号线,珠江新城
0100,00200726,地铁,3号线,珠江新城
0100,00200727,地铁,3号线,珠江新城
0100,00200728,地铁,3号线,珠江新城
0100,00200729,地铁,3号线,珠江新城
0100,00200730,地铁,3号线,珠江新城
0100,00200731,地铁,3号线,珠江新城
0100,00200732,地铁,3号线,珠江新城
0100,00200733,地铁,3号线,珠江新城
0100,00200734,地铁,3号线,珠江新城
0100,00200735,地铁,3号线,珠江新城
0100,00200736,地铁,3号线,珠江新城
0100,00200737,地铁,3号线,珠江新城
0100,00200738,地铁,3号线,珠江新城
0100,00200739,地铁,3号线,珠江新城
0100,00200740,地铁,3号线,珠江新城
0100,00200741,地铁,3号线,珠江新城
0100,00200742,地铁,3号线,广州塔
0100,00200743,地铁,3号线,广州塔
0100,00200744,地铁,3号线,广州塔
0100,00200745,地铁,3号线,广州塔
0100,00200746,地铁,3号线,广州塔
0100,00200747,地铁,3号线,广州塔
0100,00200748,地铁,3号线,广州塔
0100,00200749,地铁,3号线,广州塔
0100,00200750,地铁,3号线,广州塔
0100,00200751,地铁,3号线,天河客运站
0100,00200752,地铁,3号线,天河客运站
0100,00200753,地铁,3号线,广州塔
0100,00200754,地铁,3号线,广州塔
0100,00200755,地铁,3号线,广州塔
0100,00200756,地铁,3号线,广州塔
0100,00200757,地铁,3号线,广州塔
0100,00200758,地铁,3号线,广州塔
0100,00200759,地铁,3号线,广州塔
0100,00200760,地铁,3号线,广州塔
0100,00200761,地铁,3号线,广州塔
0100,00200762,地铁,3号线,广州塔
0100,00200763,地铁,3号线,广州塔
0100,00200764,地铁,3号线,广州塔
0100,00200765,地铁,3号线,客村
0100,00200766,地铁,3号线,客村
0100,00200767,地铁,3号线,客村
0100,00200768,地铁,3号线,客村
0100,00200769,地铁,3号线,客村
0100,00200770,地铁,3号线,客村
0100,00200771,地铁,3号线,客村
0100,00200772,地铁,3号线,客村
0100,00200773,地铁,3号线,客村
0100,00200774,地铁,3号线,客村
0100,00200775,地铁,3号线,大塘
0100,00200776,地铁,3号线,大塘
0100,00200777,地铁,3号线,大塘
0100,00200778,地铁,3号线,大塘
0100,00200779,地铁,3号线,大塘
0100,00200780,地铁,3号线,大塘
0100,00200781,地铁,3号线,大塘
0100,00200782,地铁,3号线,大塘
0100,00200783,地铁,3号线,大塘
0100,00200784,地铁,3号线,大塘
0100,00200785,地铁,3号线,大塘
0100,00200786,地铁,3号线,大塘
0100,00200787,地铁,3号线,大塘
0100,00200788,地铁,3号线,大塘
0100,00200789,地铁,3号线,大塘
0100,00200790,地铁,3号线,大塘
0100,00200791,地铁,3号线,大塘
0100,00200792,地铁,3号线,大塘
0100,00200793,地铁,3号线,大塘
0100,00200794,地铁,3号线,大塘
0100,00200795,地铁,3号线,体育西路
0100,00200796,地铁,1号线,体育西路
0100,00200797,地铁,3号线,广州塔
0100,00200798,地铁,3号线,龙归
0100,00200799,地铁,3号线,广州东站
0100,00200800,地铁,3号线,广州东站
0100,00200801,地铁,3号线,广州东站
0100,00200802,地铁,3号线,广州东站
0100,00200803,地铁,3号线,广州东站
0100,00200804,地铁,3号线,广州东站
0100,00200805,地铁,3号线,广州东站
0100,00200806,地铁,3号线,广州东站
0100,00200807,地铁,3号线,广州东站
0100,00200808,地铁,3号线,广州东站
0100,00200809,地铁,3号线,广州东站
0100,00200810,地铁,3号线,广州东站
0100,00200811,地铁,3号线,广州东站
0100,00200812,地铁,3号线,广州东站
0100,00200813,地铁,3号线,广州东站
0100,00200814,地铁,3号线,广州东站
0100,00200815,地铁,3号线,广州东站
0100,00200816,地铁,3号线,广州东站
0100,00200817,地铁,3号线,广州东站
0100,00200818,地铁,3号线,广州东站
0100,00200819,地铁,3号线,广州东站
0100,00200820,地铁,3号线,广州东站
0100,00200821,地铁,3号线,广州东站
0100,00200822,地铁,3号线,广州东站
0100,00200824,地铁,3号线,林和西
0100,00200825,地铁,3号线,林和西
0100,00200826,地铁,3号线,林和西
0100,00200827,地铁,3号线,林和西
0100,00200828,地铁,3号线,林和西
0100,00200829,地铁,3号线,林和西
0100,00200830,地铁,3号线,林和西
0100,00200831,地铁,3号线,林和西
0100,00200832,地铁,3号线,林和西
0100,00200833,地铁,3号线,林和西
0100,00200834,地铁,3号线,林和西
0100,00200835,地铁,3号线,林和西
0100,00200836,地铁,3号线,林和西
0100,00200837,地铁,3号线,林和西
0100,00200838,地铁,3号线,林和西
0100,00200839,地铁,3号线,林和西
0100,00200840,地铁,3号线,林和西
0100,00200841,地铁,3号线,林和西
0100,00200842,地铁,3号线,林和西
0100,00200843,地铁,3号线,林和西
0100,00200844,地铁,3号线,林和西
0100,00200845,地铁,3号线,林和西
0100,00200846,地铁,3号线,林和西
0100,00200847,地铁,3号线,林和西
0100,00200848,地铁,3号线,林和西
0100,00200849,地铁,3号线,林和西
0100,00200850,地铁,3号线,林和西
0100,00200851,地铁,3号线,林和西
0100,00200852,地铁,3号线,林和西
0100,00200853,地铁,3号线,林和西
0100,00200854,地铁,3号线,林和西
0100,00200855,地铁,3号线,林和西
0100,00200856,地铁,3号线,林和西
0100,00200857,地铁,3号线,林和西
0100,00200858,地铁,3号线,林和西
0100,00200859,地铁,3号线,林和西
0100,00200860,地铁,3号线,体育西路
0100,00200861,地铁,3号线,体育西路
0100,00200862,地铁,7号线,板桥
0100,00200863,地铁,3号线,体育西路
0100,00200864,地铁,3号线,体育西路
0100,00200865,地铁,3号线,体育西路
0100,00200866,地铁,3号线,体育西路
0100,00200867,地铁,3号线,体育西路
0100,00200868,地铁,3号线,体育西路
0100,00200869,地铁,3号线,体育西路
0100,00200870,地铁,3号线,体育西路
0100,00200871,地铁,3号线,体育西路
0100,00200872,地铁,3号线,体育西路
0100,00200873,地铁,3号线,体育西路
0100,00200874,地铁,3号线,体育西路
0100,00200875,地铁,3号线,体育西路
0100,00200876,地铁,3号线,体育西路
0100,00200877,地铁,3号线,体育西路
0100,00200878,地铁,3号线,体育西路
0100,00200879,地铁,3号线,体育西路
0100,00200880,地铁,3号线,体育西路
0100,00200881,地铁,3号线,体育西路
0100,00200882,地铁,3号线,体育西路
0100,00200883,地铁,3号线,体育西路
0100,00200884,地铁,3号线,体育西路
0100,00200885,地铁,3号线,体育西路
0100,00200886,地铁,3号线,体育西路
0100,00200887,地铁,3号线,体育西路
0100,00200888,地铁,3号线,燕塘
0100,00200889,地铁,3号线,体育西路
0100,00200890,地铁,3号线,体育西路
0100,00200891,地铁,3号线,体育西路
0100,00200892,地铁,3号线,体育西路
0100,00200893,地铁,3号线,石牌桥
0100,00200894,地铁,3号线,石牌桥
0100,00200895,地铁,3号线,石牌桥
0100,00200896,地铁,3号线,石牌桥
0100,00200897,地铁,3号线,石牌桥
0100,00200898,地铁,3号线,石牌桥
0100,00200899,地铁,3号线,石牌桥
0100,00200900,地铁,3号线,石牌桥
0100,00200901,地铁,3号线,石牌桥
0100,00200902,地铁,3号线,石牌桥
0100,00200903,地铁,3号线,石牌桥
0100,00200904,地铁,3号线,石牌桥
0100,00200905,地铁,3号线,石牌桥
0100,00200906,地铁,3号线,石牌桥
0100,00200907,地铁,3号线,石牌桥
0100,00200908,地铁,3号线,石牌桥
0100,00200909,地铁,3号线,石牌桥
0100,00200910,地铁,3号线,石牌桥
0100,00200911,地铁,3号线,石牌桥
0100,00200912,地铁,3号线,石牌桥
0100,00200913,地铁,3号线,石牌桥
0100,00200914,地铁,3号线,石牌桥
0100,00200915,地铁,3号线,华师
0100,00200916,地铁,3号线,华师
0100,00200917,地铁,3号线,华师
0100,00200918,地铁,3号线,华师
0100,00200919,地铁,3号线,华师
0100,00200920,地铁,3号线,华师
0100,00200921,地铁,3号线,华师
0100,00200922,地铁,3号线,华师
0100,00200923,地铁,3号线,华师
0100,00200924,地铁,3号线,华师
0100,00200926,地铁,3号线,华师
0100,00200927,地铁,3号线,华师
0100,00200928,地铁,3号线,华师
0100,00200929,地铁,3号线,华师
0100,00200930,地铁,3号线,华师
0100,00200931,地铁,3号线,华师
0100,00200932,地铁,3号线,华师
0100,00200933,地铁,3号线,华师
0100,00200934,地铁,3号线,华师
0100,00200935,地铁,3号线,岗顶
0100,00200936,地铁,3号线,岗顶
0100,00200937,地铁,3号线,岗顶
0100,00200938,地铁,3号线,岗顶
0100,00200939,地铁,3号线,岗顶
0100,00200940,地铁,3号线,岗顶
0100,00200941,地铁,3号线,岗顶
0100,00200942,地铁,3号线,岗顶
0100,00200943,地铁,3号线,岗顶
0100,00200944,地铁,3号线,岗顶
0100,00200945,地铁,3号线,岗顶
0100,00200946,地铁,3号线,岗顶
0100,00200947,地铁,3号线,岗顶
0100,00200948,地铁,3号线,岗顶
0100,00200949,地铁,3号线,岗顶
0100,00200950,地铁,3号线,岗顶
0100,00200951,地铁,3号线,岗顶
0100,00200952,地铁,3号线,岗顶
0100,00200953,地铁,3号线,岗顶
0100,00200954,地铁,3号线,岗顶
0100,00200955,地铁,3号线,岗顶
0100,00200956,地铁,3号线,岗顶
0100,00200957,地铁,3号线,岗顶
0100,00200958,地铁,3号线,岗顶
0100,00200959,地铁,3号线,岗顶
0100,00200960,地铁,3号线,岗顶
0100,00200961,地铁,3号线,岗顶
0100,00200962,地铁,3号线,天河客运站
0100,00200963,地铁,3号线,天河客运站
0100,00200964,地铁,3号线,天河客运站
0100,00200965,地铁,3号线,天河客运站
0100,00200966,地铁,3号线,天河客运站
0100,00200967,地铁,3号线,天河客运站
0100,00200968,地铁,3号线,天河客运站
0100,00200969,地铁,3号线,天河客运站
0100,00200970,地铁,3号线,天河客运站
0100,00200971,地铁,3号线,天河客运站
0100,00200972,地铁,3号线,天河客运站
0100,00200973,地铁,3号线,天河客运站
0100,00200974,地铁,3号线,天河客运站
0100,00200975,地铁,3号线,天河客运站
0100,00200976,地铁,3号线,天河客运站
0100,00200977,地铁,3号线,天河客运站
0100,00200978,地铁,3号线,天河客运站
0100,00200979,地铁,3号线,天河客运站
0100,00200980,地铁,3号线,天河客运站
0100,00200981,地铁,3号线,天河客运站
0100,00200982,地铁,3号线,天河客运站
0100,00200983,地铁,3号线,天河客运站
0100,00200984,地铁,3号线,天河客运站
0100,00200985,地铁,3号线,天河客运站
0100,00200986,地铁,3号线,天河客运站
0100,00200987,地铁,3号线,天河客运站
0100,00200988,地铁,3号线,天河客运站
0100,00200989,地铁,3号线,天河客运站
0100,00200990,地铁,3号线,天河客运站
0100,00200991,地铁,3号线,五山
0100,00200992,地铁,3号线,五山
0100,00200993,地铁,3号线,五山
0100,00200994,地铁,3号线,五山
0100,00200995,地铁,3号线,五山
0100,00200996,地铁,3号线,五山
0100,00200997,地铁,3号线,五山
0100,00200998,地铁,3号线,五山
0100,00200999,地铁,3号线,五山
0100,00201000,地铁,3号线,五山
0100,00201001,地铁,3号线,五山
0100,00201002,地铁,3号线,五山
0100,00201003,地铁,3号线,五山
0100,00201004,地铁,3号线,五山
0100,00201005,地铁,3号线,五山
0100,00201006,地铁,3号线,五山
0100,00201007,地铁,3号线,五山
0100,00201008,地铁,3号线,五山
0100,00201009,地铁,3号线,五山
0100,00201010,地铁,3号线,五山
0100,00201011,地铁,3号线,五山
0100,00201012,地铁,3号线,天河客运站
0100,00201013,地铁,3号线,天河客运站
0100,00201692,地铁,4号线,黄阁
0100,00201693,地铁,4号线,黄阁
0100,00201694,地铁,4号线,黄阁
0100,00201695,地铁,4号线,黄阁
0100,00201696,地铁,4号线,黄阁
0100,00201697,地铁,4号线,蕉门
0100,00201698,地铁,4号线,蕉门
0100,00201699,地铁,4号线,黄村
0100,00201700,地铁,4号线,蕉门
0100,00201701,地铁,4号线,蕉门
0100,00201702,地铁,4号线,蕉门
0100,00201703,地铁,4号线,蕉门
0100,00201704,地铁,4号线,蕉门
0100,00201705,地铁,4号线,黄村
0100,00201706,地铁,4号线,黄村
0100,00201707,地铁,4号线,蕉门
0100,00201708,地铁,4号线,蕉门
0100,00201709,地铁,4号线,蕉门
0100,00201710,地铁,4号线,蕉门
0100,00201711,地铁,4号线,蕉门
0100,00201712,地铁,4号线,蕉门
0100,00201713,地铁,4号线,蕉门
0100,00201714,地铁,4号线,蕉门
0100,00201715,地铁,4号线,蕉门
0100,00201716,地铁,4号线,蕉门
0100,00201717,地铁,4号线,蕉门
0100,00201718,地铁,4号线,蕉门
0100,00201719,地铁,4号线,蕉门
0100,00201720,地铁,4号线,蕉门
0100,00201721,地铁,4号线,蕉门
0100,00201722,地铁,4号线,金洲
0100,00201723,地铁,4号线,金洲
0100,00201724,地铁,4号线,金洲
0100,00201725,地铁,4号线,金洲
0100,00201726,地铁,4号线,金洲
0100,00201727,地铁,4号线,金洲
0100,00201728,地铁,4号线,金洲
0100,00201729,地铁,4号线,金洲
0100,00201730,地铁,4号线,金洲
0100,00201731,地铁,4号线,金洲
0100,00201732,地铁,4号线,金洲
0100,00201733,地铁,4号线,金洲
0100,00201734,地铁,4号线,金洲
0100,00201735,地铁,4号线,金洲
0100,00201736,地铁,4号线,飞沙角
0100,00201737,地铁,4号线,飞沙角
0100,00201738,地铁,4号线,飞沙角
0100,00201739,地铁,4号线,飞沙角
0100,00201740,地铁,4号线,飞沙角
0100,00201741,地铁,4号线,飞沙角
0100,00201742,地铁,4号线,飞沙角
0100,00201743,地铁,4号线,飞沙角
0100,00201744,地铁,4号线,飞沙角
0100,00201745,地铁,4号线,飞沙角
0100,00201746,地铁,4号线,飞沙角
0100,00201747,地铁,4号线,飞沙角
0100,00201748,地铁,4号线,飞沙角
0100,00201749,地铁,4号线,飞沙角
0100,00201750,地铁,4号线,飞沙角
0100,00201751,地铁,4号线,飞沙角
0100,00201752,地铁,4号线,飞沙角
0100,00201753,地铁,4号线,飞沙角
0100,00201754,地铁,4号线,飞沙角
0100,00201755,地铁,4号线,飞沙角
0100,00201756,地铁,4号线,飞沙角
0100,00201757,地铁,4号线,广隆
0100,00201758,地铁,4号线,广隆
0100,00201759,地铁,4号线,广隆
0100,00201760,地铁,4号线,广隆
0100,00201761,地铁,4号线,广隆
0100,00201762,地铁,4号线,广隆
0100,00201763,地铁,4号线,广隆
0100,00201764,地铁,4号线,广隆
0100,00201765,地铁,4号线,广隆
0100,00201766,地铁,4号线,广隆
0100,00201767,地铁,4号线,广隆
0100,00201768,地铁,4号线,广隆
0100,00201769,地铁,4号线,广隆
0100,00201770,地铁,4号线,广隆
0100,00201771,地铁,4号线,广隆
0100,00201772,地铁,4号线,广隆
0100,00201773,地铁,4号线,广隆
0100,00201774,地铁,4号线,广隆
0100,00201775,地铁,4号线,广隆
0100,00201776,地铁,4号线,广隆
0100,00201777,地铁,4号线,广隆
0100,00201778,地铁,4号线,广隆
0100,00201779,地铁,4号线,大涌
0100,00201780,地铁,4号线,大涌
0100,00201781,地铁,4号线,大涌
0100,00201782,地铁,4号线,大涌
0100,00201783,地铁,4号线,大涌
0100,00201784,地铁,4号线,大涌
0100,00201785,地铁,4号线,大涌
0100,00201786,地铁,4号线,大涌
0100,00201787,地铁,4号线,大涌
0100,00201788,地铁,4号线,大涌
0100,00201789,地铁,4号线,大涌
0100,00201790,地铁,4号线,大涌
0100,00201791,地铁,4号线,大涌
0100,00201792,地铁,4号线,大涌
0100,00201793,地铁,4号线,大涌
0100,00201794,地铁,4号线,大涌
0100,00201795,地铁,4号线,大涌
0100,00201796,地铁,4号线,大涌
0100,00201797,地铁,4号线,大涌
0100,00201798,地铁,4号线,大涌
0100,00201799,地铁,4号线,大涌
0100,00201800,地铁,4号线,大涌
0100,00201801,地铁,4号线,大涌
0100,00201802,地铁,4号线,大涌
0100,00201803,地铁,4号线,大涌
0100,00201804,地铁,4号线,大涌
0100,00201805,地铁,4号线,塘坑
0100,00201806,地铁,4号线,塘坑
0100,00201807,地铁,4号线,塘坑
0100,00201808,地铁,4号线,塘坑
0100,00201809,地铁,4号线,塘坑
0100,00201810,地铁,4号线,塘坑
0100,00201811,地铁,4号线,塘坑
0100,00201812,地铁,4号线,塘坑
0100,00201813,地铁,4号线,塘坑
0100,00201814,地铁,4号线,塘坑
0100,00201815,地铁,4号线,塘坑
0100,00201816,地铁,4号线,塘坑
0100,00201817,地铁,4号线,塘坑
0100,00201818,地铁,4号线,塘坑
0100,00201819,地铁,4号线,塘坑
0100,00201820,地铁,4号线,塘坑
0100,00201821,地铁,4号线,塘坑
0100,00201822,地铁,4号线,塘坑
0100,00201823,地铁,4号线,塘坑
0100,00201824,地铁,4号线,塘坑
0100,00201825,地铁,4号线,塘坑
0100,00201826,地铁,4号线,塘坑
0100,00201827,地铁,4号线,南横
0100,00201828,地铁,4号线,南横
0100,00201829,地铁,4号线,南横
0100,00201830,地铁,4号线,南横
0100,00201831,地铁,4号线,南横
0100,00201832,地铁,4号线,南横
0100,00201833,地铁,4号线,南横
0100,00201834,地铁,4号线,南横
0100,00201835,地铁,4号线,南横
0100,00201836,地铁,4号线,南横
0100,00201837,地铁,4号线,南横
0100,00201838,地铁,4号线,南横
0100,00201839,地铁,4号线,南横
0100,00201840,地铁,4号线,南横
0100,00201841,地铁,4号线,南横
0100,00201842,地铁,4号线,南横
0100,00201843,地铁,4号线,南横
0100,00201844,地铁,4号线,南横
0100,00201845,地铁,4号线,南横
0100,00201846,地铁,4号线,南横
0100,00201847,地铁,4号线,南横
0100,00201848,地铁,4号线,南横
0100,00201849,地铁,4号线,南横
0100,00201850,地铁,4号线,南横
0100,00201851,地铁,4号线,南横
0100,00201852,地铁,4号线,南横
0100,00201853,地铁,4号线,南沙客运港
0100,00201854,地铁,4号线,南沙客运港
0100,00201855,地铁,4号线,南沙客运港
0100,00201856,地铁,4号线,南沙客运港
0100,00201857,地铁,4号线,南沙客运港
0100,00201858,地铁,4号线,南沙客运港
0100,00201859,地铁,4号线,南沙客运港
0100,00201860,地铁,4号线,南沙客运港
0100,00201861,地铁,4号线,南沙客运港
0100,00201862,地铁,4号线,南沙客运港
0100,00201863,地铁,4号线,南沙客运港
0100,00201864,地铁,4号线,南沙客运港
0100,00201865,地铁,4号线,南沙客运港
0100,00201866,地铁,4号线,南沙客运港
0100,00201867,地铁,4号线,南沙客运港
0100,00201868,地铁,4号线,南沙客运港
0100,00201869,地铁,4号线,南沙客运港
0100,00201870,地铁,4号线,南沙客运港
0100,00201871,地铁,4号线,南沙客运港
0100,00201872,地铁,4号线,南沙客运港
0100,00201873,地铁,4号线,南沙客运港
0100,00201874,地铁,4号线,南沙客运港
0100,00201875,地铁,4号线,南沙客运港
0100,00201876,地铁,4号线,南沙客运港
0100,00201877,地铁,4号线,南沙客运港
0100,00201878,地铁,4号线,南沙客运港
0100,00201879,地铁,4号线,南沙客运港
0100,00201880,地铁,4号线,南沙客运港
0100,00201881,地铁,4号线,南沙客运港
0100,00201882,地铁,4号线,南沙客运港
0100,00201883,地铁,4号线,南沙客运港
0100,00201884,地铁,4号线,南沙客运港
0100,00201885,地铁,4号线,南沙客运港
0100,00201886,地铁,4号线,南沙客运港
0100,00201887,地铁,4号线,南沙客运港
0100,00201888,地铁,4号线,南沙客运港
0100,00201889,地铁,4号线,南沙客运港
0100,00201890,地铁,4号线,南沙客运港
0100,00201891,地铁,4号线,南沙客运港
0100,00201892,地铁,4号线,南沙客运港
0100,00201893,地铁,5号线,车陂南
0100,00201894,地铁,5号线,车陂南
0100,00201895,地铁,5号线,车陂南
0100,00201896,地铁,5号线,车陂南
0100,00201897,地铁,5号线,车陂南
0100,00201898,地铁,5号线,车陂南
0100,00201899,地铁,5号线,车陂南
0100,00201900,地铁,5号线,车陂南
0100,00201901,地铁,5号线,车陂南
0100,00201902,地铁,5号线,车陂南
0100,00201903,地铁,5号线,车陂南
0100,00201904,地铁,5号线,车陂南
0100,00201905,地铁,5号线,车陂南
0100,00201906,地铁,5号线,车陂南
0100,00201907,地铁,5号线,车陂南
0100,00201908,地铁,5号线,车陂南
0100,00201909,地铁,5号线,车陂南
0100,00201910,地铁,5号线,车陂南
0100,00201911,地铁,5号线,车陂南
0100,00201912,地铁,5号线,车陂南
0100,00201913,地铁,5号线,车陂南
0100,00201914,地铁,5号线,车陂南
0100,00201915,地铁,5号线,车陂南
0100,00201916,地铁,5号线,车陂南
0100,00201917,地铁,5号线,车陂南
0100,00201918,地铁,5号线,车陂南
0100,00201919,地铁,5号线,车陂南
0100,00201920,地铁,5号线,车陂南
0100,00201921,地铁,5号线,车陂南
0100,00201922,地铁,5号线,车陂南
0100,00201923,地铁,5号线,车陂南
0100,00201924,地铁,5号线,车陂南
0100,00201925,地铁,5号线,车陂南
0100,00201926,地铁,5号线,滘口
0100,00201927,地铁,5号线,滘口
0100,00201928,地铁,5号线,滘口
0100,00201929,地铁,5号线,滘口
0100,00201930,地铁,5号线,滘口
0100,00201931,地铁,5号线,滘口
0100,00201932,地铁,5号线,滘口
0100,00201933,地铁,5号线,滘口
0100,00201934,地铁,5号线,滘口
0100,00201935,地铁,5号线,滘口
0100,00201936,地铁,5号线,滘口
0100,00201937,地铁,5号线,滘口
0100,00201938,地铁,5号线,滘口
0100,00201939,地铁,5号线,滘口
0100,00201940,地铁,5号线,滘口
0100,00201941,地铁,5号线,滘口
0100,00201942,地铁,5号线,滘口
0100,00201943,地铁,5号线,滘口
0100,00201944,地铁,5号线,滘口
0100,00201945,地铁,5号线,滘口
0100,00201946,地铁,5号线,滘口
0100,00201947,地铁,5号线,滘口
0100,00201948,地铁,5号线,滘口
0100,00201949,地铁,5号线,滘口
0100,00201950,地铁,5号线,滘口
0100,00201951,地铁,5号线,滘口
0100,00201952,地铁,5号线,坦尾
0100,00201953,地铁,5号线,坦尾
0100,00201954,地铁,5号线,坦尾
0100,00201955,地铁,5号线,坦尾
0100,00201957,地铁,5号线,坦尾
0100,00201958,地铁,5号线,坦尾
0100,00201959,地铁,5号线,坦尾
0100,00201960,地铁,5号线,西村
0100,00201961,地铁,5号线,西村
0100,00201962,地铁,5号线,坦尾
0100,00201963,地铁,5号线,坦尾
0100,00201964,地铁,5号线,坦尾
0100,00201965,地铁,5号线,坦尾
0100,00201966,地铁,5号线,西村
0100,00201967,地铁,5号线,坦尾
0100,00201968,地铁,5号线,坦尾
0100,00201969,地铁,5号线,坦尾
0100,00201970,地铁,5号线,坦尾
0100,00201971,地铁,5号线,坦尾
0100,00201972,地铁,5号线,坦尾
0100,00201973,地铁,5号线,坦尾
0100,00201974,地铁,5号线,坦尾
0100,00201975,地铁,5号线,坦尾
0100,00201976,地铁,5号线,坦尾
0100,00201977,地铁,5号线,坦尾
0100,00201979,地铁,5号线,坦尾
0100,00201980,地铁,5号线,坦尾
0100,00201981,地铁,5号线,中山八
0100,00201982,地铁,5号线,中山八
0100,00201983,地铁,5号线,中山八
0100,00201984,地铁,5号线,中山八
0100,00201985,地铁,5号线,中山八
0100,00201986,地铁,5号线,中山八
0100,00201987,地铁,5号线,中山八
0100,00201988,地铁,5号线,中山八
0100,00201989,地铁,5号线,中山八
0100,00201990,地铁,5号线,中山八
0100,00201991,地铁,5号线,中山八
0100,00201992,地铁,5号线,中山八
0100,00201993,地铁,5号线,中山八
0100,00201994,地铁,5号线,中山八
0100,00201995,地铁,5号线,中山八
0100,00201996,地铁,5号线,中山八
0100,00201997,地铁,5号线,中山八
0100,00201998,地铁,5号线,中山八
0100,00201999,地铁,5号线,中山八
0100,00202000,地铁,5号线,西场
0100,00202001,地铁,5号线,西场
0100,00202002,地铁,5号线,西场
0100,00202003,地铁,5号线,西场
0100,00202004,地铁,5号线,西场
0100,00202005,地铁,5号线,西场
0100,00202006,地铁,5号线,西场
0100,00202007,地铁,5号线,西场
0100,00202008,地铁,5号线,西场
0100,00202009,地铁,5号线,西场
0100,00202010,地铁,5号线,西场
0100,00202011,地铁,5号线,西场
0100,00202012,地铁,5号线,西场
0100,00202013,地铁,5号线,西场
0100,00202014,地铁,5号线,西场
0100,00202015,地铁,5号线,西场
0100,00202016,地铁,5号线,西场
0100,00202017,地铁,5号线,西场
0100,00202018,地铁,5号线,西场
0100,00202019,地铁,5号线,西场
0100,00202020,地铁,5号线,西场
0100,00202021,地铁,5号线,西场
0100,00202022,地铁,5号线,西场
0100,00202023,地铁,5号线,西场
0100,00202024,地铁,5号线,西村
0100,00202025,地铁,5号线,西村
0100,00202026,地铁,5号线,西村
0100,00202027,地铁,5号线,西村
0100,00202028,地铁,5号线,西村
0100,00202029,地铁,5号线,西村
0100,00202030,地铁,5号线,西村
0100,00202031,地铁,5号线,西村
0100,00202032,地铁,5号线,西村
0100,00202033,地铁,5号线,西村
0100,00202034,地铁,5号线,西村
0100,00202035,地铁,5号线,西村
0100,00202036,地铁,5号线,西村
0100,00202037,地铁,5号线,西村
0100,00202038,地铁,5号线,西村
0100,00202039,地铁,5号线,西村
0100,00202040,地铁,5号线,西村
0100,00202041,地铁,5号线,西村
0100,00202042,地铁,5号线,西村
0100,00202043,地铁,5号线,西村
0100,00202044,地铁,5号线,西村
0100,00202045,地铁,5号线,西村
0100,00202046,地铁,5号线,西村
0100,00202047,地铁,5号线,西村
0100,00202048,地铁,5号线,西村
0100,00202049,地铁,5号线,广州火车站
0100,00202050,地铁,5号线,广州火车站
0100,00202051,地铁,5号线,广州火车站
0100,00202052,地铁,5号线,广州火车站
0100,00202053,地铁,5号线,广州火车站
0100,00202054,地铁,5号线,广州火车站
0100,00202055,地铁,5号线,广州火车站
0100,00202056,地铁,5号线,广州火车站
0100,00202057,地铁,5号线,广州火车站
0100,00202058,地铁,5号线,广州火车站
0100,00202059,地铁,5号线,广州火车站
0100,00202060,地铁,5号线,广州火车站
0100,00202061,地铁,5号线,广州火车站
0100,00202062,地铁,5号线,广州火车站
0100,00202063,地铁,5号线,广州火车站
0100,00202064,地铁,5号线,广州火车站
0100,00202065,地铁,5号线,广州火车站
0100,00202066,地铁,5号线,广州火车站
0100,00202067,地铁,5号线,广州火车站
0100,00202068,地铁,5号线,广州火车站
0100,00202069,地铁,5号线,广州火车站
0100,00202070,地铁,5号线,广州火车站
0100,00202071,地铁,5号线,广州火车站
0100,00202072,地铁,5号线,广州火车站
0100,00202073,地铁,5号线,广州火车站
0100,00202074,地铁,5号线,广州火车站
0100,00202075,地铁,5号线,广州火车站
0100,00202076,地铁,5号线,广州火车站
0100,00202077,地铁,5号线,广州火车站
0100,00202078,地铁,5号线,广州火车站
0100,00202079,地铁,5号线,广州火车站
0100,00202080,地铁,5号线,广州火车站
0100,00202081,地铁,5号线,广州火车站
0100,00202082,地铁,5号线,广州火车站
0100,00202083,地铁,5号线,广州火车站
0100,00202084,地铁,5号线,广州火车站
0100,00202085,地铁,5号线,广州火车站
0100,00202086,地铁,5号线,广州火车站
0100,00202087,地铁,5号线,广州火车站
0100,00202088,地铁,5号线,广州火车站
0100,00202089,地铁,5号线,广州火车站
0100,00202090,地铁,5号线,广州火车站
0100,00202091,地铁,5号线,广州火车站
0100,00202092,地铁,5号线,广州火车站
0100,00202093,地铁,5号线,小北
0100,00202094,地铁,5号线,小北
0100,00202095,地铁,5号线,小北
0100,00202096,地铁,5号线,小北
0100,00202097,地铁,5号线,小北
0100,00202098,地铁,5号线,小北
0100,00202099,地铁,5号线,小北
0100,00202100,地铁,5号线,小北
0100,00202101,地铁,5号线,小北
0100,00202102,地铁,5号线,小北
0100,00202103,地铁,5号线,小北
0100,00202104,地铁,5号线,小北
0100,00202105,地铁,5号线,小北
0100,00202106,地铁,5号线,小北
0100,00202107,地铁,5号线,小北
0100,00202108,地铁,5号线,小北
0100,00202109,地铁,5号线,小北
0100,00202110,地铁,5号线,小北
0100,00202111,地铁,5号线,小北
0100,00202112,地铁,5号线,小北
0100,00202113,地铁,5号线,小北
0100,00202114,地铁,5号线,小北
0100,00202115,地铁,5号线,小北
0100,00202116,地铁,5号线,小北
0100,00202117,地铁,5号线,小北
0100,00202118,地铁,5号线,小北
0100,00202119,地铁,5号线,小北
0100,00202120,地铁,5号线,小北
0100,00202121,地铁,5号线,小北
0100,00202122,地铁,5号线,小北
0100,00202123,地铁,5号线,小北
0100,00202124,地铁,5号线,小北
0100,00202125,地铁,5号线,淘金
0100,00202126,地铁,5号线,淘金
0100,00202127,地铁,5号线,淘金
0100,00202128,地铁,5号线,淘金
0100,00202129,地铁,5号线,淘金
0100,00202130,地铁,5号线,淘金
0100,00202131,地铁,5号线,淘金
0100,00202132,地铁,5号线,淘金
0100,00202133,地铁,5号线,淘金
0100,00202134,地铁,5号线,淘金
0100,00202135,地铁,5号线,淘金
0100,00202136,地铁,5号线,淘金
0100,00202137,地铁,5号线,淘金
0100,00202138,地铁,5号线,淘金
0100,00202139,地铁,5号线,淘金
0100,00202140,地铁,5号线,淘金
0100,00202141,地铁,5号线,淘金
0100,00202142,地铁,5号线,淘金
0100,00202143,地铁,5号线,淘金
0100,00202144,地铁,5号线,淘金
0100,00202145,地铁,5号线,淘金
0100,00202146,地铁,5号线,淘金
0100,00202147,地铁,5号线,淘金
0100,00202148,地铁,5号线,区庄
0100,00202149,地铁,5号线,区庄
0100,00202150,地铁,5号线,区庄
0100,00202151,地铁,5号线,区庄
0100,00202152,地铁,5号线,区庄
0100,00202153,地铁,5号线,区庄
0100,00202154,地铁,5号线,区庄
0100,00202155,地铁,5号线,区庄
0100,00202156,地铁,5号线,区庄
0100,00202157,地铁,5号线,区庄
0100,00202158,地铁,5号线,区庄
0100,00202159,地铁,5号线,区庄
0100,00202160,地铁,5号线,区庄
0100,00202161,地铁,5号线,区庄
0100,00202162,地铁,5号线,区庄
0100,00202163,地铁,5号线,区庄
0100,00202164,地铁,5号线,区庄
0100,00202165,地铁,5号线,区庄
0100,00202166,地铁,5号线,区庄
0100,00202167,地铁,5号线,区庄
0100,00202168,地铁,5号线,区庄
0100,00202169,地铁,5号线,区庄
0100,00202170,地铁,5号线,区庄
0100,00202171,地铁,5号线,动物园
0100,00202172,地铁,5号线,动物园
0100,00202173,地铁,5号线,动物园
0100,00202174,地铁,5号线,动物园
0100,00202175,地铁,5号线,动物园
0100,00202176,地铁,5号线,动物园
0100,00202177,地铁,5号线,动物园
0100,00202178,地铁,5号线,动物园
0100,00202179,地铁,5号线,动物园
0100,00202180,地铁,5号线,动物园
0100,00202181,地铁,5号线,动物园
0100,00202182,地铁,5号线,动物园
0100,00202183,地铁,5号线,动物园
0100,00202184,地铁,5号线,动物园
0100,00202185,地铁,5号线,动物园
0100,00202186,地铁,5号线,动物园
0100,00202187,地铁,5号线,动物园
0100,00202188,地铁,5号线,动物园
0100,00202189,地铁,5号线,动物园
0100,00202190,地铁,5号线,动物园
0100,00202191,地铁,5号线,动物园
0100,00202192,地铁,5号线,动物园
0100,00202193,地铁,5号线,动物园
0100,00202194,地铁,5号线,动物园
0100,00202195,地铁,5号线,动物园
0100,00202196,地铁,5号线,动物园
0100,00202197,地铁,5号线,动物园
0100,00202198,地铁,5号线,动物园
0100,00202199,地铁,5号线,动物园
0100,00202200,地铁,5号线,动物园
0100,00202201,地铁,5号线,动物园
0100,00202202,地铁,5号线,动物园
0100,00202203,地铁,5号线,动物园
0100,00202204,地铁,5号线,动物园
0100,00202205,地铁,5号线,动物园
0100,00202206,地铁,5号线,五羊邨
0100,00202207,地铁,5号线,五羊邨
0100,00202208,地铁,5号线,五羊邨
0100,00202209,地铁,5号线,五羊邨
0100,00202210,地铁,5号线,五羊邨
0100,00202211,地铁,5号线,五羊邨
0100,00202212,地铁,5号线,五羊邨
0100,00202213,地铁,5号线,五羊邨
0100,00202214,地铁,5号线,五羊邨
0100,00202215,地铁,5号线,五羊邨
0100,00202216,地铁,5号线,五羊邨
0100,00202217,地铁,5号线,五羊邨
0100,00202218,地铁,5号线,五羊邨
0100,00202219,地铁,5号线,五羊邨
0100,00202220,地铁,5号线,五羊邨
0100,00202221,地铁,5号线,五羊邨
0100,00202222,地铁,5号线,五羊邨
0100,00202223,地铁,5号线,五羊邨
0100,00202224,地铁,5号线,五羊邨
0100,00202225,地铁,5号线,五羊邨
0100,00202226,地铁,5号线,五羊邨
0100,00202227,地铁,5号线,五羊邨
0100,00202228,地铁,5号线,五羊邨
0100,00202229,地铁,5号线,五羊邨
0100,00202230,地铁,5号线,五羊邨
0100,00202231,地铁,5号线,五羊邨
0100,00202232,地铁,5号线,杨箕
0100,00202233,地铁,5号线,杨箕
0100,00202234,地铁,5号线,杨箕
0100,00202235,地铁,5号线,杨箕
0100,00202236,地铁,5号线,杨箕
0100,00202237,地铁,5号线,杨箕
0100,00202238,地铁,5号线,杨箕
0100,00202239,地铁,5号线,杨箕
0100,00202240,地铁,5号线,杨箕
0100,00202241,地铁,5号线,杨箕
0100,00202242,地铁,5号线,杨箕
0100,00202243,地铁,5号线,杨箕
0100,00202244,地铁,5号线,杨箕
0100,00202245,地铁,5号线,杨箕
0100,00202246,地铁,5号线,杨箕
0100,00202247,地铁,5号线,杨箕
0100,00202248,地铁,5号线,杨箕
0100,00202249,地铁,5号线,杨箕
0100,00202250,地铁,5号线,杨箕
0100,00202251,地铁,5号线,杨箕
0100,00202252,地铁,5号线,杨箕
0100,00202253,地铁,5号线,杨箕
0100,00202254,地铁,5号线,杨箕
0100,00202255,地铁,5号线,杨箕
0100,00202256,地铁,5号线,杨箕
0100,00202257,地铁,5号线,杨箕
0100,00202258,地铁,5号线,杨箕
0100,00202259,地铁,5号线,杨箕
0100,00202260,地铁,5号线,杨箕
0100,00202261,地铁,5号线,杨箕
0100,00202262,地铁,5号线,杨箕
0100,00202263,地铁,5号线,杨箕
0100,00202264,地铁,5号线,杨箕
0100,00202265,地铁,5号线,珠江新城
0100,00202266,地铁,5号线,珠江新城
0100,00202267,地铁,5号线,珠江新城
0100,00202268,地铁,5号线,珠江新城
0100,00202269,地铁,5号线,珠江新城
0100,00202270,地铁,5号线,珠江新城
0100,00202271,地铁,5号线,珠江新城
0100,00202272,地铁,5号线,珠江新城
0100,00202273,地铁,5号线,珠江新城
0100,00202274,地铁,5号线,珠江新城
0100,00202275,地铁,5号线,珠江新城
0100,00202276,地铁,5号线,珠江新城
0100,00202277,地铁,5号线,珠江新城
0100,00202278,地铁,5号线,珠江新城
0100,00202279,地铁,5号线,珠江新城
0100,00202280,地铁,5号线,珠江新城
0100,00202281,地铁,5号线,珠江新城
0100,00202282,地铁,5号线,珠江新城
0100,00202283,地铁,5号线,珠江新城
0100,00202284,地铁,5号线,珠江新城
0100,00202285,地铁,5号线,珠江新城
0100,00202286,地铁,5号线,珠江新城
0100,00202287,地铁,5号线,珠江新城
0100,00202288,地铁,5号线,珠江新城
0100,00202289,地铁,5号线,珠江新城
0100,00202290,地铁,5号线,珠江新城
0100,00202291,地铁,5号线,珠江新城
0100,00202292,地铁,5号线,珠江新城
0100,00202293,地铁,5号线,珠江新城
0100,00202294,地铁,5号线,珠江新城
0100,00202295,地铁,5号线,猎德
0100,00202296,地铁,5号线,猎德
0100,00202297,地铁,5号线,猎德
0100,00202298,地铁,5号线,猎德
0100,00202299,地铁,5号线,猎德
0100,00202300,地铁,5号线,猎德
0100,00202301,地铁,5号线,猎德
0100,00202302,地铁,5号线,猎德
0100,00202303,地铁,5号线,猎德
0100,00202304,地铁,5号线,猎德
0100,00202305,地铁,5号线,猎德
0100,00202306,地铁,5号线,猎德
0100,00202307,地铁,5号线,猎德
0100,00202308,地铁,5号线,猎德
0100,00202309,地铁,5号线,猎德
0100,00202310,地铁,5号线,猎德
0100,00202311,地铁,5号线,猎德
0100,00202312,地铁,5号线,猎德
0100,00202313,地铁,5号线,猎德
0100,00202314,地铁,5号线,猎德
0100,00202315,地铁,5号线,猎德
0100,00202316,地铁,5号线,猎德
0100,00202317,地铁,5号线,猎德
0100,00202318,地铁,5号线,猎德
0100,00202319,地铁,5号线,猎德
0100,00202320,地铁,5号线,猎德
0100,00202321,地铁,5号线,潭村
0100,00202322,地铁,5号线,潭村
0100,00202323,地铁,5号线,潭村
0100,00202324,地铁,5号线,潭村
0100,00202325,地铁,5号线,潭村
0100,00202326,地铁,5号线,潭村
0100,00202327,地铁,5号线,潭村
0100,00202328,地铁,5号线,潭村
0100,00202329,地铁,5号线,潭村
0100,00202330,地铁,5号线,潭村
0100,00202331,地铁,5号线,潭村
0100,00202332,地铁,5号线,潭村
0100,00202333,地铁,5号线,潭村
0100,00202334,地铁,5号线,潭村
0100,00202335,地铁,5号线,潭村
0100,00202336,地铁,5号线,潭村
0100,00202337,地铁,5号线,潭村
0100,00202338,地铁,5号线,潭村
0100,00202339,地铁,5号线,潭村
0100,00202340,地铁,5号线,潭村
0100,00202341,地铁,5号线,潭村
0100,00202342,地铁,5号线,潭村
0100,00202343,地铁,5号线,潭村
0100,00202344,地铁,5号线,员村
0100,00202345,地铁,5号线,员村
0100,00202346,地铁,5号线,员村
0100,00202347,地铁,5号线,员村
0100,00202348,地铁,5号线,员村
0100,00202349,地铁,5号线,员村
0100,00202350,地铁,5号线,员村
0100,00202351,地铁,5号线,员村
0100,00202352,地铁,5号线,员村
0100,00202353,地铁,5号线,员村
0100,00202354,地铁,5号线,员村
0100,00202355,地铁,5号线,员村
0100,00202356,地铁,5号线,员村
0100,00202357,地铁,5号线,员村
0100,00202358,地铁,5号线,员村
0100,00202359,地铁,5号线,员村
0100,00202360,地铁,5号线,员村
0100,00202361,地铁,5号线,员村
0100,00202362,地铁,5号线,员村
0100,00202363,地铁,5号线,员村
0100,00202364,地铁,5号线,员村
0100,00202365,地铁,5号线,员村
0100,00202366,地铁,5号线,科韵路
0100,00202367,地铁,5号线,科韵路
0100,00202368,地铁,5号线,科韵路
0100,00202369,地铁,5号线,科韵路
0100,00202370,地铁,5号线,科韵路
0100,00202371,地铁,5号线,科韵路
0100,00202372,地铁,5号线,科韵路
0100,00202373,地铁,5号线,科韵路
0100,00202374,地铁,5号线,科韵路
0100,00202375,地铁,5号线,科韵路
0100,00202376,地铁,5号线,科韵路
0100,00202377,地铁,5号线,科韵路
0100,00202378,地铁,5号线,科韵路
0100,00202379,地铁,5号线,科韵路
0100,00202380,地铁,5号线,科韵路
0100,00202381,地铁,5号线,科韵路
0100,00202382,地铁,5号线,科韵路
0100,00202383,地铁,5号线,科韵路
0100,00202384,地铁,5号线,科韵路
0100,00202385,地铁,5号线,科韵路
0100,00202386,地铁,5号线,东圃
0100,00202387,地铁,5号线,东圃
0100,00202388,地铁,5号线,东圃
0100,00202389,地铁,5号线,东圃
0100,00202390,地铁,5号线,东圃
0100,00202391,地铁,5号线,东圃
0100,00202392,地铁,5号线,东圃
0100,00202393,地铁,5号线,东圃
0100,00202394,地铁,5号线,东圃
0100,00202395,地铁,5号线,东圃
0100,00202396,地铁,5号线,东圃
0100,00202397,地铁,5号线,东圃
0100,00202398,地铁,5号线,东圃
0100,00202399,地铁,5号线,东圃
0100,00202400,地铁,5号线,东圃
0100,00202401,地铁,5号线,东圃
0100,00202402,地铁,5号线,东圃
0100,00202403,地铁,5号线,东圃
0100,00202404,地铁,5号线,东圃
0100,00202405,地铁,5号线,东圃
0100,00202406,地铁,5号线,三溪
0100,00202407,地铁,5号线,三溪
0100,00202408,地铁,5号线,三溪
0100,00202409,地铁,5号线,三溪
0100,00202410,地铁,5号线,三溪
0100,00202411,地铁,5号线,三溪
0100,00202412,地铁,5号线,三溪
0100,00202413,地铁,5号线,三溪
0100,00202414,地铁,5号线,三溪
0100,00202415,地铁,5号线,三溪
0100,00202416,地铁,5号线,三溪
0100,00202417,地铁,5号线,三溪
0100,00202418,地铁,5号线,三溪
0100,00202419,地铁,5号线,三溪
0100,00202420,地铁,5号线,三溪
0100,00202421,地铁,5号线,三溪
0100,00202422,地铁,5号线,三溪
0100,00202423,地铁,5号线,三溪
0100,00202424,地铁,5号线,三溪
0100,00202425,地铁,5号线,三溪
0100,00202426,地铁,5号线,鱼珠
0100,00202427,地铁,5号线,鱼珠
0100,00202428,地铁,5号线,鱼珠
0100,00202429,地铁,5号线,鱼珠
0100,00202430,地铁,5号线,鱼珠
0100,00202431,地铁,5号线,鱼珠
0100,00202432,地铁,5号线,鱼珠
0100,00202433,地铁,5号线,鱼珠
0100,00202434,地铁,5号线,鱼珠
0100,00202435,地铁,5号线,鱼珠
0100,00202436,地铁,5号线,鱼珠
0100,00202437,地铁,5号线,鱼珠
0100,00202438,地铁,5号线,鱼珠
0100,00202439,地铁,5号线,鱼珠
0100,00202440,地铁,5号线,鱼珠
0100,00202441,地铁,5号线,鱼珠
0100,00202442,地铁,5号线,鱼珠
0100,00202443,地铁,5号线,鱼珠
0100,00202444,地铁,5号线,鱼珠
0100,00202445,地铁,5号线,鱼珠
0100,00202446,地铁,5号线,鱼珠
0100,00202447,地铁,5号线,鱼珠
0100,00202448,地铁,5号线,鱼珠
0100,00202449,地铁,5号线,大沙地
0100,00202450,地铁,5号线,大沙地
0100,00202451,地铁,5号线,大沙地
0100,00202452,地铁,5号线,大沙地
0100,00202453,地铁,5号线,大沙地
0100,00202454,地铁,5号线,大沙地
0100,00202455,地铁,5号线,大沙地
0100,00202456,地铁,5号线,大沙地
0100,00202457,地铁,5号线,大沙地
0100,00202458,地铁,5号线,大沙地
0100,00202459,地铁,5号线,大沙地
0100,00202460,地铁,5号线,大沙地
0100,00202461,地铁,5号线,大沙地
0100,00202462,地铁,5号线,大沙地
0100,00202463,地铁,5号线,大沙地
0100,00202464,地铁,5号线,大沙地
0100,00202465,地铁,5号线,大沙地
0100,00202466,地铁,5号线,大沙地
0100,00202467,地铁,5号线,大沙地
0100,00202468,地铁,5号线,大沙地
0100,00202469,地铁,5号线,大沙东
0100,00202470,地铁,5号线,大沙东
0100,00202471,地铁,5号线,大沙东
0100,00202472,地铁,5号线,大沙东
0100,00202473,地铁,5号线,大沙东
0100,00202474,地铁,5号线,大沙东
0100,00202475,地铁,5号线,大沙东
0100,00202476,地铁,5号线,大沙东
0100,00202477,地铁,5号线,大沙东
0100,00202478,地铁,5号线,大沙东
0100,00202479,地铁,5号线,大沙东
0100,00202480,地铁,5号线,大沙东
0100,00202481,地铁,5号线,大沙东
0100,00202482,地铁,5号线,文冲
0100,00202483,地铁,5号线,文冲
0100,00202484,地铁,5号线,文冲
0100,00202485,地铁,5号线,文冲
0100,00202486,地铁,5号线,文冲
0100,00202487,地铁,5号线,文冲
0100,00202488,地铁,5号线,文冲
0100,00202489,地铁,5号线,文冲
0100,00202490,地铁,5号线,文冲
0100,00202491,地铁,5号线,文冲
0100,00202492,地铁,5号线,文冲
0100,00202493,地铁,5号线,文冲
0100,00202494,地铁,5号线,文冲
0100,00202495,地铁,5号线,文冲
0100,00202496,地铁,5号线,文冲
0100,00202497,地铁,5号线,文冲
0100,00202498,地铁,5号线,三溪
0100,00202499,地铁,5号线,鱼珠
0100,00202500,地铁,5号线,大沙地
0100,00202501,地铁,5号线,大沙东
0100,00202502,地铁,5号线,文冲
0100,00202503,地铁,4号线,东涌
0100,00202504,地铁,5号线,珠江新城
0100,00202505,地铁,5号线,珠江新城
0100,00202506,地铁,4号线,金洲
0100,00202507,地铁,4号线,蕉门
0100,00202508,地铁,4号线,黄阁
0100,00202509,地铁,4号线,黄阁汽车城
0100,00202510,地铁,4号线,东涌
0100,00202511,地铁,4号线,海傍
0100,00202512,地铁,4号线,石碁
0100,00202513,地铁,4号线,新造
0100,00202514,地铁,4号线,万胜围
0100,00202515,地铁,4号线,万胜围
0100,00202516,地铁,5号线,中山八
0100,00202517,地铁,5号线,西场
0100,00202518,地铁,5号线,西村
0100,00202519,地铁,5号线,小北
0100,00202520,地铁,5号线,淘金
0100,00202521,地铁,5号线,杨箕
0100,00202522,地铁,5号线,五羊邨
0100,00202523,地铁,5号线,猎德
0100,00202524,地铁,5号线,潭村
0100,00202525,地铁,5号线,员村
0100,00202526,地铁,5号线,科韵路
0100,00202527,地铁,5号线,东圃
0100,00202528,地铁,5号线,三溪
0100,00202529,地铁,5号线,鱼珠
0100,00202530,地铁,5号线,大沙地
0100,00202531,地铁,5号线,大沙东
0100,00202532,地铁,4号线,万胜围
0100,00202533,地铁,4号线,万胜围
0100,00202534,地铁,4号线,万胜围
0100,00202535,地铁,4号线,万胜围
0100,00202536,地铁,4号线,万胜围
0100,00202537,地铁,4号线,万胜围
0100,00202538,地铁,5号线,珠江新城
0100,00202539,地铁,5号线,珠江新城
0100,00202540,地铁,5号线,珠江新城
0100,00202541,地铁,5号线,珠江新城
0100,00202542,地铁,5号线,珠江新城
0100,00202543,地铁,5号线,珠江新城
0100,00202544,地铁,5号线,珠江新城
0100,00202545,地铁,5号线,鱼珠
0100,00202546,地铁,5号线,员村
0100,00202547,地铁,5号线,员村
0100,00202548,地铁,5号线,员村
0100,00202549,地铁,5号线,珠江新城
0100,00202550,地铁,4号线,官洲
0100,00202551,地铁,4号线,官洲
0100,00202552,地铁,4号线,新造
0100,00202553,地铁,4号线,新造
0100,00202554,地铁,4号线,车陂
0100,00202555,地铁,4号线,车陂
0100,00202556,地铁,4号线,黄村
0100,00202557,地铁,4号线,黄村
0100,00202558,地铁,5号线,珠江新城
0100,00202559,地铁,5号线,珠江新城
0100,00202560,地铁,5号线,鱼珠
0100,00202561,地铁,5号线,鱼珠
0100,00202562,地铁,5号线,杨箕
0100,00202563,地铁,5号线,杨箕
0100,00202564,地铁,5号线,五羊邨
0100,00202565,地铁,5号线,五羊邨
0100,00202566,地铁,5号线,猎德
0100,00202567,地铁,5号线,猎德
0100,00202568,地铁,5号线,文冲
0100,00202569,地铁,5号线,文冲
0100,00202570,地铁,5号线,车陂南
0100,00202571,地铁,5号线,车陂南
0100,00202572,地铁,5号线,东圃
0100,00202573,地铁,5号线,东圃
0100,00202574,地铁,5号线,中山八
0100,00202575,地铁,5号线,中山八
0100,00202576,地铁,5号线,大沙东
0100,00202577,地铁,5号线,大沙东
0100,00202578,地铁,5号线,潭村
0100,00202579,地铁,5号线,潭村
0100,00202580,地铁,5号线,员村
0100,00202581,地铁,5号线,员村
0100,00202582,地铁,5号线,科韵路
0100,00202583,地铁,5号线,科韵路
0100,00202584,地铁,5号线,三溪
0100,00202585,地铁,5号线,三溪
0100,00202586,地铁,5号线,大沙地
0100,00202587,地铁,5号线,大沙地
0100,00202588,地铁,5号线,小北
0100,00202589,地铁,5号线,小北
0100,00202590,地铁,5号线,小北
0100,00202591,地铁,5号线,小北
0100,00202592,地铁,5号线,坦尾
0100,00202692,地铁,2号线,嘉禾望岗
0100,00202693,地铁,2号线,嘉禾望岗
0100,00202694,地铁,2号线,嘉禾望岗
0100,00202695,地铁,2号线,嘉禾望岗
0100,00202696,地铁,2号线,黄边
0100,00202697,地铁,2号线,黄边
0100,00202698,地铁,2号线,黄边
0100,00202699,地铁,2号线,黄边
0100,00202700,地铁,2号线,黄边
0100,00202701,地铁,2号线,黄边
0100,00202702,地铁,2号线,黄边
0100,00202703,地铁,2号线,黄边
0100,00202704,地铁,2号线,江夏
0100,00202705,地铁,2号线,江夏
0100,00202706,地铁,2号线,江夏
0100,00202707,地铁,2号线,江夏
0100,00202708,地铁,2号线,江夏
0100,00202709,地铁,2号线,江夏
0100,00202710,地铁,2号线,江夏
0100,00202711,地铁,2号线,江夏
0100,00202712,地铁,2号线,萧岗
0100,00202713,地铁,2号线,萧岗
0100,00202714,地铁,2号线,萧岗
0100,00202715,地铁,2号线,萧岗
0100,00202716,地铁,2号线,白云文化广场
0100,00202717,地铁,2号线,白云文化广场
0100,00202718,地铁,2号线,白云文化广场
0100,00202719,地铁,2号线,白云文化广场
0100,00202720,地铁,2号线,白云文化广场
0100,00202721,地铁,2号线,白云文化广场
0100,00202722,地铁,2号线,白云文化广场
0100,00202723,地铁,2号线,白云文化广场
0100,00202724,地铁,2号线,白云公园
0100,00202725,地铁,2号线,白云公园
0100,00202726,地铁,2号线,白云公园
0100,00202727,地铁,2号线,白云公园
0100,00202728,地铁,2号线,白云公园
0100,00202729,地铁,2号线,白云公园
0100,00202730,地铁,2号线,白云公园
0100,00202731,地铁,2号线,白云公园
0100,00202732,地铁,2号线,飞翔公园
0100,00202733,地铁,2号线,飞翔公园
0100,00202734,地铁,2号线,飞翔公园
0100,00202735,地铁,2号线,飞翔公园
0100,00202736,地铁,2号线,飞翔公园
0100,00202737,地铁,2号线,飞翔公园
0100,00202738,地铁,2号线,飞翔公园
0100,00202739,地铁,2号线,飞翔公园
0100,00202740,地铁,2号线,三元里
0100,00202741,地铁,2号线,三元里
0100,00202742,地铁,2号线,三元里
0100,00202743,地铁,2号线,三元里
0100,00202744,地铁,2号线,三元里
0100,00202745,地铁,2号线,三元里
0100,00202746,地铁,2号线,广州火车站
0100,00202747,地铁,2号线,广州火车站
0100,00202748,地铁,2号线,广州火车站
0100,00202749,地铁,2号线,广州火车站
0100,00202750,地铁,2号线,越秀公园
0100,00202751,地铁,2号线,越秀公园
0100,00202752,地铁,2号线,越秀公园
0100,00202753,地铁,2号线,越秀公园
0100,00202754,地铁,2号线,越秀公园
0100,00202755,地铁,2号线,越秀公园
0100,00202756,地铁,2号线,越秀公园
0100,00202757,地铁,2号线,越秀公园
0100,00202758,地铁,2号线,越秀公园
0100,00202759,地铁,2号线,越秀公园
0100,00202760,地铁,2号线,越秀公园
0100,00202761,地铁,2号线,越秀公园
0100,00202762,地铁,2号线,纪念堂
0100,00202763,地铁,2号线,纪念堂
0100,00202764,地铁,2号线,纪念堂
0100,00202765,地铁,2号线,纪念堂
0100,00202766,地铁,2号线,纪念堂
0100,00202767,地铁,2号线,纪念堂
0100,00202768,地铁,2号线,公园前
0100,00202769,地铁,2号线,公园前
0100,00202770,地铁,2号线,公园前
0100,00202771,地铁,2号线,公园前
0100,00202772,地铁,2号线,公园前
0100,00202773,地铁,2号线,公园前
0100,00202774,地铁,2号线,公园前
0100,00202775,地铁,2号线,公园前
0100,00202776,地铁,2号线,白云公园
0100,00202777,地铁,2号线,白云公园
0100,00202778,地铁,1号线,公园前
0100,00202779,地铁,1号线,公园前
0100,00202780,地铁,2号线,海珠广场
0100,00202781,地铁,2号线,海珠广场
0100,00202782,地铁,2号线,海珠广场
0100,00202783,地铁,2号线,海珠广场
0100,00202784,地铁,2号线,海珠广场
0100,00202785,地铁,2号线,海珠广场
0100,00202786,地铁,2号线,海珠广场
0100,00202787,地铁,2号线,海珠广场
0100,00202788,地铁,2号线,海珠广场
0100,00202789,地铁,2号线,海珠广场
0100,00202790,地铁,2号线,市二宫
0100,00202791,地铁,2号线,市二宫
0100,00202792,地铁,2号线,市二宫
0100,00202793,地铁,2号线,市二宫
0100,00202794,地铁,2号线,市二宫
0100,00202795,地铁,2号线,市二宫
0100,00202796,地铁,2号线,江南西
0100,00202797,地铁,2号线,江南西
0100,00202798,地铁,2号线,江南西
0100,00202799,地铁,2号线,江南西
0100,00202800,地铁,2号线,江南西
0100,00202801,地铁,2号线,江南西
0100,00202802,地铁,2号线,江南西
0100,00202803,地铁,2号线,江南西
0100,00202804,地铁,2号线,昌岗
0100,00202805,地铁,2号线,昌岗
0100,00202806,地铁,2号线,昌岗
0100,00202807,地铁,2号线,昌岗
0100,00202808,地铁,2号线,昌岗
0100,00202809,地铁,2号线,昌岗
0100,00202810,地铁,2号线,江泰路
0100,00202811,地铁,2号线,江泰路
0100,00202812,地铁,2号线,江泰路
0100,00202813,地铁,2号线,江泰路
0100,00202814,地铁,2号线,东晓南
0100,00202815,地铁,2号线,东晓南
0100,00202816,地铁,2号线,东晓南
0100,00202817,地铁,2号线,东晓南
0100,00202818,地铁,2号线,南洲
0100,00202819,地铁,2号线,南洲
0100,00202820,地铁,2号线,南洲
0100,00202821,地铁,2号线,南洲
0100,00202822,地铁,2号线,洛溪
0100,00202823,地铁,2号线,洛溪
0100,00202824,地铁,2号线,洛溪
0100,00202825,地铁,2号线,洛溪
0100,00202826,地铁,2号线,南浦
0100,00202827,地铁,2号线,南浦
0100,00202828,地铁,2号线,南浦
0100,00202829,地铁,2号线,南浦
0100,00202830,地铁,2号线,会江
0100,00202831,地铁,2号线,会江
0100,00202832,地铁,2号线,会江
0100,00202833,地铁,2号线,会江
0100,00202834,地铁,2号线,石壁
0100,00202835,地铁,2号线,石壁
0100,00202836,地铁,2号线,石壁
0100,00202837,地铁,2号线,石壁
0100,00202838,地铁,2号线,广州南站
0100,00202839,地铁,2号线,广州南站
0100,00202840,地铁,2号线,广州南站
0100,00202841,地铁,2号线,广州南站
0100,00202842,地铁,2号线,广州南站
0100,00202843,地铁,2号线,广州南站
0100,00202844,地铁,8号线,凤凰新村
0100,00202845,地铁,8号线,凤凰新村
0100,00202846,地铁,8号线,凤凰新村
0100,00202847,地铁,8号线,凤凰新村
0100,00202848,地铁,8号线,沙园
0100,00202849,地铁,8号线,沙园
0100,00202850,地铁,8号线,沙园
0100,00202851,地铁,8号线,沙园
0100,00202852,地铁,8号线,宝岗大道
0100,00202853,地铁,8号线,宝岗大道
0100,00202854,地铁,8号线,宝岗大道
0100,00202855,地铁,8号线,宝岗大道
0100,00202856,地铁,8号线,晓港
0100,00202857,地铁,8号线,晓港
0100,00202858,地铁,8号线,晓港
0100,00202859,地铁,8号线,晓港
0100,00202860,地铁,8号线,晓港
0100,00202861,地铁,8号线,晓港
0100,00202862,地铁,8号线,晓港
0100,00202863,地铁,8号线,晓港
0100,00202864,地铁,8号线,中大
0100,00202865,地铁,8号线,中大
0100,00202866,地铁,8号线,中大
0100,00202867,地铁,8号线,中大
0100,00202868,地铁,8号线,鹭江
0100,00202869,地铁,8号线,鹭江
0100,00202870,地铁,8号线,鹭江
0100,00202871,地铁,8号线,鹭江
0100,00202872,地铁,8号线,客村
0100,00202873,地铁,8号线,客村
0100,00202874,地铁,8号线,客村
0100,00202875,地铁,8号线,客村
0100,00202876,地铁,8号线,赤岗
0100,00202877,地铁,8号线,赤岗
0100,00202878,地铁,8号线,赤岗
0100,00202879,地铁,8号线,赤岗
0100,00202880,地铁,8号线,磨碟沙
0100,00202881,地铁,8号线,磨碟沙
0100,00202882,地铁,8号线,磨碟沙
0100,00202883,地铁,8号线,磨碟沙
0100,00202884,地铁,8号线,磨碟沙
0100,00202885,地铁,8号线,磨碟沙
0100,00202886,地铁,8号线,磨碟沙
0100,00202887,地铁,8号线,磨碟沙
0100,00202888,地铁,8号线,新港东
0100,00202889,地铁,8号线,新港东
0100,00202890,地铁,8号线,新港东
0100,00202891,地铁,8号线,新港东
0100,00202892,地铁,8号线,新港东
0100,00202893,地铁,8号线,新港东
0100,00202894,地铁,8号线,新港东
0100,00202895,地铁,8号线,新港东
0100,00202896,地铁,8号线,琶洲
0100,00202897,地铁,8号线,琶洲
0100,00202898,地铁,8号线,琶洲
0100,00202899,地铁,8号线,琶洲
0100,00202900,地铁,8号线,琶洲
0100,00202901,地铁,8号线,琶洲
0100,00202902,地铁,8号线,琶洲
0100,00202903,地铁,8号线,琶洲
0100,00202904,地铁,2号线,嘉禾望岗
0100,00202905,地铁,2号线,嘉禾望岗
0100,00202906,地铁,2号线,嘉禾望岗
0100,00202907,地铁,2号线,嘉禾望岗
0100,00202908,地铁,2号线,嘉禾望岗
0100,00202909,地铁,2号线,嘉禾望岗
0100,00202910,地铁,2号线,嘉禾望岗
0100,00202911,地铁,2号线,嘉禾望岗
0100,00202913,地铁,2号线,嘉禾望岗
0100,00202914,地铁,2号线,嘉禾望岗
0100,00202915,地铁,2号线,嘉禾望岗
0100,00202916,地铁,2号线,嘉禾望岗
0100,00202917,地铁,2号线,嘉禾望岗
0100,00202918,地铁,2号线,嘉禾望岗
0100,00202919,地铁,2号线,嘉禾望岗
0100,00202920,地铁,2号线,嘉禾望岗
0100,00202921,地铁,2号线,嘉禾望岗
0100,00202922,地铁,2号线,嘉禾望岗
0100,00202923,地铁,2号线,嘉禾望岗
0100,00202924,地铁,2号线,嘉禾望岗
0100,00202925,地铁,2号线,嘉禾望岗
0100,00202926,地铁,2号线,嘉禾望岗
0100,00202927,地铁,2号线,嘉禾望岗
0100,00202928,地铁,2号线,嘉禾望岗
0100,00202929,地铁,2号线,嘉禾望岗
0100,00202930,地铁,2号线,嘉禾望岗
0100,00202931,地铁,2号线,嘉禾望岗
0100,00202932,地铁,2号线,嘉禾望岗
0100,00202933,地铁,2号线,嘉禾望岗
0100,00202934,地铁,2号线,嘉禾望岗
0100,00202935,地铁,2号线,嘉禾望岗
0100,00202936,地铁,2号线,嘉禾望岗
0100,00202937,地铁,2号线,嘉禾望岗
0100,00202938,地铁,2号线,嘉禾望岗
0100,00202939,地铁,2号线,嘉禾望岗
0100,00202940,地铁,2号线,嘉禾望岗
0100,00202941,地铁,2号线,嘉禾望岗
0100,00202942,地铁,2号线,嘉禾望岗
0100,00202943,地铁,2号线,黄边
0100,00202944,地铁,2号线,黄边
0100,00202945,地铁,2号线,黄边
0100,00202946,地铁,2号线,黄边
0100,00202947,地铁,2号线,黄边
0100,00202948,地铁,2号线,黄边
0100,00202949,地铁,2号线,黄边
0100,00202950,地铁,2号线,黄边
0100,00202951,地铁,2号线,黄边
0100,00202952,地铁,2号线,黄边
0100,00202953,地铁,2号线,黄边
0100,00202954,地铁,2号线,黄边
0100,00202955,地铁,2号线,黄边
0100,00202956,地铁,2号线,黄边
0100,00202957,地铁,2号线,黄边
0100,00202958,地铁,2号线,黄边
0100,00202959,地铁,2号线,黄边
0100,00202960,地铁,2号线,黄边
0100,00202961,地铁,2号线,黄边
0100,00202962,地铁,2号线,黄边
0100,00202963,地铁,2号线,黄边
0100,00202964,地铁,2号线,黄边
0100,00202965,地铁,2号线,黄边
0100,00202966,地铁,2号线,黄边
0100,00202967,地铁,2号线,黄边
0100,00202968,地铁,2号线,江夏
0100,00202969,地铁,2号线,江夏
0100,00202970,地铁,2号线,江夏
0100,00202972,地铁,2号线,江夏
0100,00202973,地铁,2号线,江夏
0100,00202975,地铁,2号线,江夏
0100,00202976,地铁,2号线,江夏
0100,00202977,地铁,2号线,江夏
0100,00202978,地铁,2号线,江夏
0100,00202979,地铁,2号线,江夏
0100,00202980,地铁,2号线,江夏
0100,00202981,地铁,2号线,江夏
0100,00202982,地铁,2号线,江夏
0100,00202983,地铁,2号线,江夏
0100,00202984,地铁,2号线,江夏
0100,00202985,地铁,2号线,江夏
0100,00202986,地铁,2号线,江夏
0100,00202987,地铁,2号线,江夏
0100,00202988,地铁,2号线,江夏
0100,00202989,地铁,2号线,江夏
0100,00202990,地铁,2号线,江夏
0100,00202992,地铁,2号线,江夏
0100,00202993,地铁,2号线,江夏
0100,00202994,地铁,2号线,江夏
0100,00202995,地铁,2号线,江夏
0100,00202996,地铁,2号线,江夏
0100,00202997,地铁,2号线,江夏
0100,00202998,地铁,2号线,萧岗
0100,00202999,地铁,2号线,萧岗
0100,00203000,地铁,2号线,萧岗
0100,00203001,地铁,2号线,萧岗
0100,00203002,地铁,2号线,萧岗
0100,00203003,地铁,2号线,萧岗
0100,00203004,地铁,2号线,萧岗
0100,00203005,地铁,2号线,萧岗
0100,00203006,地铁,2号线,萧岗
0100,00203007,地铁,2号线,萧岗
0100,00203008,地铁,2号线,萧岗
0100,00203009,地铁,2号线,萧岗
0100,00203010,地铁,2号线,萧岗
0100,00203011,地铁,2号线,萧岗
0100,00203012,地铁,2号线,萧岗
0100,00203013,地铁,2号线,萧岗
0100,00203014,地铁,2号线,萧岗
0100,00203015,地铁,2号线,萧岗
0100,00203016,地铁,2号线,萧岗
0100,00203017,地铁,2号线,萧岗
0100,00203018,地铁,2号线,萧岗
0100,00203019,地铁,2号线,白云文化广场
0100,00203020,地铁,2号线,白云文化广场
0100,00203021,地铁,2号线,白云文化广场
0100,00203022,地铁,2号线,白云文化广场
0100,00203023,地铁,2号线,白云文化广场
0100,00203024,地铁,2号线,白云文化广场
0100,00203025,地铁,2号线,白云文化广场
0100,00203026,地铁,2号线,白云文化广场
0100,00203027,地铁,2号线,白云文化广场
0100,00203028,地铁,2号线,白云文化广场
0100,00203029,地铁,2号线,白云文化广场
0100,00203031,地铁,2号线,白云文化广场
0100,00203032,地铁,2号线,白云文化广场
0100,00203033,地铁,2号线,白云文化广场
0100,00203034,地铁,2号线,白云文化广场
0100,00203035,地铁,2号线,白云文化广场
0100,00203036,地铁,2号线,白云文化广场
0100,00203037,地铁,2号线,白云文化广场
0100,00203038,地铁,2号线,白云文化广场
0100,00203039,地铁,2号线,白云文化广场
0100,00203040,地铁,2号线,白云文化广场
0100,00203041,地铁,2号线,白云文化广场
0100,00203042,地铁,2号线,白云文化广场
0100,00203043,地铁,2号线,白云文化广场
0100,00203044,地铁,2号线,白云文化广场
0100,00203045,地铁,2号线,白云文化广场
0100,00203046,地铁,2号线,白云文化广场
0100,00203047,地铁,2号线,白云文化广场
0100,00203048,地铁,2号线,白云文化广场
0100,00203049,地铁,2号线,白云文化广场
0100,00203050,地铁,2号线,白云文化广场
0100,00203051,地铁,2号线,白云文化广场
0100,00203052,地铁,2号线,白云公园
0100,00203053,地铁,2号线,白云公园
0100,00203054,地铁,2号线,白云公园
0100,00203055,地铁,2号线,白云公园
0100,00203056,地铁,2号线,白云公园
0100,00203057,地铁,2号线,白云公园
0100,00203058,地铁,2号线,白云公园
0100,00203059,地铁,8号线,同福西
0100,00203060,地铁,8号线,同福西
0100,00203061,地铁,2号线,白云公园
0100,00203062,地铁,2号线,白云公园
0100,00203063,地铁,8号线,同福西
0100,00203064,地铁,8号线,同福西
0100,00203065,地铁,8号线,同福西
0100,00203066,地铁,8号线,同福西
0100,00203067,地铁,8号线,同福西
0100,00203068,地铁,2号线,白云公园
0100,00203069,地铁,8号线,同福西
0100,00203070,地铁,8号线,同福西
0100,00203071,地铁,8号线,同福西
0100,00203072,地铁,8号线,同福西
0100,00203073,地铁,8号线,同福西
0100,00203074,地铁,2号线,白云公园
0100,00203075,地铁,2号线,白云公园
0100,00203076,地铁,2号线,白云公园
0100,00203077,地铁,2号线,白云公园
0100,00203078,地铁,2号线,白云公园
0100,00203079,地铁,2号线,白云公园
0100,00203080,地铁,2号线,白云公园
0100,00203081,地铁,2号线,飞翔公园
0100,00203082,地铁,2号线,飞翔公园
0100,00203083,地铁,2号线,飞翔公园
0100,00203084,地铁,2号线,飞翔公园
0100,00203085,地铁,2号线,飞翔公园
0100,00203086,地铁,2号线,飞翔公园
0100,00203087,地铁,2号线,飞翔公园
0100,00203088,地铁,2号线,飞翔公园
0100,00203089,地铁,2号线,飞翔公园
0100,00203090,地铁,2号线,飞翔公园
0100,00203091,地铁,2号线,飞翔公园
0100,00203092,地铁,2号线,飞翔公园
0100,00203093,地铁,2号线,飞翔公园
0100,00203094,地铁,2号线,飞翔公园
0100,00203095,地铁,2号线,飞翔公园
0100,00203096,地铁,2号线,飞翔公园
0100,00203097,地铁,2号线,飞翔公园
0100,00203098,地铁,2号线,飞翔公园
0100,00203099,地铁,2号线,飞翔公园
0100,00203100,地铁,2号线,飞翔公园
0100,00203101,地铁,2号线,飞翔公园
0100,00203102,地铁,2号线,飞翔公园
0100,00203103,地铁,2号线,飞翔公园
0100,00203104,地铁,2号线,飞翔公园
0100,00203105,地铁,2号线,飞翔公园
0100,00203106,地铁,2号线,飞翔公园
0100,00203107,地铁,2号线,三元里
0100,00203108,地铁,2号线,三元里
0100,00203109,地铁,2号线,三元里
0100,00203110,地铁,2号线,三元里
0100,00203111,地铁,2号线,三元里
0100,00203112,地铁,2号线,三元里
0100,00203113,地铁,2号线,三元里
0100,00203114,地铁,2号线,三元里
0100,00203115,地铁,2号线,三元里
0100,00203116,地铁,2号线,三元里
0100,00203117,地铁,2号线,三元里
0100,00203118,地铁,2号线,三元里
0100,00203119,地铁,2号线,三元里
0100,00203120,地铁,2号线,三元里
0100,00203121,地铁,2号线,三元里
0100,00203122,地铁,2号线,三元里
0100,00203123,地铁,2号线,三元里
0100,00203124,地铁,2号线,三元里
0100,00203125,地铁,2号线,三元里
0100,00203126,地铁,2号线,三元里
0100,00203127,地铁,2号线,三元里
0100,00203128,地铁,2号线,三元里
0100,00203129,地铁,2号线,三元里
0100,00203130,地铁,2号线,三元里
0100,00203131,地铁,2号线,广州火车站
0100,00203132,地铁,2号线,广州火车站
0100,00203133,地铁,2号线,广州火车站
0100,00203134,地铁,2号线,广州火车站
0100,00203135,地铁,2号线,广州火车站
0100,00203136,地铁,2号线,广州火车站
0100,00203137,地铁,2号线,广州火车站
0100,00203138,地铁,2号线,广州火车站
0100,00203139,地铁,2号线,广州火车站
0100,00203140,地铁,2号线,广州火车站
0100,00203141,地铁,2号线,广州火车站
0100,00203142,地铁,2号线,广州火车站
0100,00203143,地铁,2号线,广州火车站
0100,00203144,地铁,2号线,广州火车站
0100,00203145,地铁,2号线,广州火车站
0100,00203146,地铁,2号线,广州火车站
0100,00203147,地铁,2号线,广州火车站
0100,00203148,地铁,2号线,广州火车站
0100,00203149,地铁,2号线,广州火车站
0100,00203150,地铁,2号线,广州火车站
0100,00203151,地铁,2号线,广州火车站
0100,00203152,地铁,2号线,广州火车站
0100,00203153,地铁,2号线,广州火车站
0100,00203154,地铁,2号线,广州火车站
0100,00203155,地铁,2号线,广州火车站
0100,00203156,地铁,2号线,广州火车站
0100,00203157,地铁,2号线,广州火车站
0100,00203158,地铁,2号线,广州火车站
0100,00203159,地铁,2号线,广州火车站
0100,00203160,地铁,2号线,广州火车站
0100,00203161,地铁,2号线,广州火车站
0100,00203162,地铁,2号线,广州火车站
0100,00203163,地铁,2号线,广州火车站
0100,00203164,地铁,2号线,广州火车站
0100,00203165,地铁,2号线,广州火车站
0100,00203166,地铁,2号线,广州火车站
0100,00203167,地铁,2号线,广州火车站
0100,00203168,地铁,2号线,广州火车站
0100,00203169,地铁,2号线,广州火车站
0100,00203170,地铁,2号线,广州火车站
0100,00203171,地铁,2号线,广州火车站
0100,00203172,地铁,2号线,广州火车站
0100,00203173,地铁,2号线,广州火车站
0100,00203174,地铁,2号线,广州火车站
0100,00203175,地铁,2号线,广州火车站
0100,00203176,地铁,2号线,广州火车站
0100,00203177,地铁,2号线,广州火车站
0100,00203178,地铁,2号线,广州火车站
0100,00203179,地铁,2号线,广州火车站
0100,00203180,地铁,2号线,广州火车站
0100,00203181,地铁,2号线,广州火车站
0100,00203182,地铁,2号线,广州火车站
0100,00203183,地铁,2号线,广州火车站
0100,00203184,地铁,2号线,广州火车站
0100,00203185,地铁,2号线,广州火车站
0100,00203186,地铁,2号线,广州火车站
0100,00203187,地铁,2号线,广州火车站
0100,00203188,地铁,2号线,广州火车站
0100,00203189,地铁,2号线,广州火车站
0100,00203190,地铁,2号线,广州火车站
0100,00203191,地铁,2号线,广州火车站
0100,00203192,地铁,2号线,广州火车站
0100,00203193,地铁,2号线,广州火车站
0100,00203194,地铁,2号线,广州火车站
0100,00203195,地铁,2号线,广州火车站
0100,00203196,地铁,2号线,广州火车站
0100,00203197,地铁,2号线,广州火车站
0100,00203198,地铁,2号线,越秀公园
0100,00203199,地铁,2号线,越秀公园
0100,00203200,地铁,2号线,越秀公园
0100,00203201,地铁,2号线,越秀公园
0100,00203202,地铁,2号线,越秀公园
0100,00203203,地铁,2号线,越秀公园
0100,00203204,地铁,2号线,越秀公园
0100,00203205,地铁,2号线,越秀公园
0100,00203206,地铁,2号线,越秀公园
0100,00203207,地铁,2号线,越秀公园
0100,00203208,地铁,2号线,越秀公园
0100,00203209,地铁,2号线,越秀公园
0100,00203210,地铁,2号线,越秀公园
0100,00203211,地铁,2号线,越秀公园
0100,00203212,地铁,2号线,越秀公园
0100,00203213,地铁,2号线,越秀公园
0100,00203214,地铁,2号线,越秀公园
0100,00203215,地铁,2号线,越秀公园
0100,00203216,地铁,2号线,越秀公园
0100,00203217,地铁,2号线,越秀公园
0100,00203218,地铁,2号线,越秀公园
0100,00203219,地铁,2号线,越秀公园
0100,00203220,地铁,2号线,越秀公园
0100,00203221,地铁,2号线,越秀公园
0100,00203222,地铁,2号线,越秀公园
0100,00203223,地铁,2号线,越秀公园
0100,00203224,地铁,2号线,越秀公园
0100,00203225,地铁,2号线,越秀公园
0100,00203226,地铁,2号线,越秀公园
0100,00203227,地铁,2号线,越秀公园
0100,00203228,地铁,2号线,越秀公园
0100,00203229,地铁,2号线,江南西
0100,00203230,地铁,2号线,越秀公园
0100,00203231,地铁,2号线,越秀公园
0100,00203232,地铁,2号线,纪念堂
0100,00203233,地铁,2号线,纪念堂
0100,00203234,地铁,2号线,纪念堂
0100,00203235,地铁,2号线,纪念堂
0100,00203236,地铁,2号线,纪念堂
0100,00203237,地铁,2号线,纪念堂
0100,00203238,地铁,2号线,纪念堂
0100,00203239,地铁,2号线,纪念堂
0100,00203240,地铁,2号线,纪念堂
0100,00203241,地铁,2号线,纪念堂
0100,00203242,地铁,2号线,纪念堂
0100,00203243,地铁,2号线,纪念堂
0100,00203244,地铁,2号线,纪念堂
0100,00203246,地铁,2号线,纪念堂
0100,00203247,地铁,2号线,纪念堂
0100,00203248,地铁,2号线,纪念堂
0100,00203249,地铁,2号线,纪念堂
0100,00203250,地铁,2号线,纪念堂
0100,00203251,地铁,2号线,纪念堂
0100,00203252,地铁,2号线,纪念堂
0100,00203253,地铁,2号线,纪念堂
0100,00203254,地铁,2号线,纪念堂
0100,00203255,地铁,2号线,纪念堂
0100,00203256,地铁,2号线,公园前
0100,00203257,地铁,2号线,公园前
0100,00203258,地铁,2号线,公园前
0100,00203259,地铁,2号线,公园前
0100,00203260,地铁,2号线,白云公园
0100,00203261,地铁,1号线,公园前
0100,00203262,地铁,2号线,公园前
0100,00203263,地铁,2号线,公园前
0100,00203264,地铁,2号线,公园前
0100,00203265,地铁,2号线,公园前
0100,00203266,地铁,2号线,公园前
0100,00203267,地铁,2号线,公园前
0100,00203268,地铁,2号线,公园前
0100,00203269,地铁,2号线,公园前
0100,00203270,地铁,2号线,公园前
0100,00203271,地铁,2号线,公园前
0100,00203272,地铁,2号线,公园前
0100,00203273,地铁,2号线,公园前
0100,00203274,地铁,2号线,公园前
0100,00203275,地铁,2号线,公园前
0100,00203276,地铁,2号线,公园前
0100,00203277,地铁,2号线,公园前
0100,00203278,地铁,2号线,公园前
0100,00203279,地铁,2号线,公园前
0100,00203280,地铁,2号线,公园前
0100,00203281,地铁,2号线,公园前
0100,00203282,地铁,2号线,公园前
0100,00203283,地铁,2号线,公园前
0100,00203284,地铁,2号线,公园前
0100,00203285,地铁,2号线,公园前
0100,00203286,地铁,2号线,公园前
0100,00203287,地铁,2号线,公园前
0100,00203288,地铁,2号线,公园前
0100,00203289,地铁,2号线,公园前
0100,00203290,地铁,2号线,公园前
0100,00203291,地铁,2号线,公园前
0100,00203292,地铁,2号线,公园前
0100,00203293,地铁,2号线,公园前
0100,00203294,地铁,2号线,公园前
0100,00203295,地铁,2号线,公园前
0100,00203296,地铁,2号线,公园前
0100,00203297,地铁,2号线,公园前
0100,00203298,地铁,2号线,公园前
0100,00203299,地铁,2号线,公园前
0100,00203300,地铁,2号线,公园前
0100,00203301,地铁,2号线,公园前
0100,00203302,地铁,2号线,公园前
0100,00203303,地铁,2号线,海珠广场
0100,00203304,地铁,2号线,海珠广场
0100,00203305,地铁,2号线,海珠广场
0100,00203306,地铁,2号线,海珠广场
0100,00203307,地铁,2号线,海珠广场
0100,00203308,地铁,2号线,海珠广场
0100,00203309,地铁,2号线,海珠广场
0100,00203310,地铁,2号线,海珠广场
0100,00203311,地铁,2号线,海珠广场
0100,00203312,地铁,2号线,海珠广场
0100,00203313,地铁,2号线,海珠广场
0100,00203314,地铁,2号线,海珠广场
0100,00203315,地铁,2号线,海珠广场
0100,00203316,地铁,2号线,海珠广场
0100,00203317,地铁,2号线,海珠广场
0100,00203318,地铁,2号线,海珠广场
0100,00203319,地铁,2号线,海珠广场
0100,00203320,地铁,2号线,海珠广场
0100,00203321,地铁,2号线,海珠广场
0100,00203322,地铁,2号线,海珠广场
0100,00203323,地铁,2号线,海珠广场
0100,00203324,地铁,2号线,海珠广场
0100,00203325,地铁,2号线,海珠广场
0100,00203326,地铁,2号线,海珠广场
0100,00203327,地铁,2号线,海珠广场
0100,00203328,地铁,2号线,海珠广场
0100,00203329,地铁,2号线,海珠广场
0100,00203330,地铁,2号线,海珠广场
0100,00203331,地铁,2号线,海珠广场
0100,00203332,地铁,2号线,海珠广场
0100,00203333,地铁,2号线,海珠广场
0100,00203334,地铁,2号线,海珠广场
0100,00203335,地铁,2号线,海珠广场
0100,00203336,地铁,2号线,海珠广场
0100,00203337,地铁,2号线,海珠广场
0100,00203338,地铁,2号线,海珠广场
0100,00203339,地铁,2号线,海珠广场
0100,00203340,地铁,2号线,市二宫
0100,00203341,地铁,2号线,市二宫
0100,00203342,地铁,2号线,市二宫
0100,00203343,地铁,2号线,市二宫
0100,00203344,地铁,2号线,市二宫
0100,00203345,地铁,2号线,市二宫
0100,00203346,地铁,2号线,市二宫
0100,00203347,地铁,2号线,市二宫
0100,00203348,地铁,2号线,市二宫
0100,00203349,地铁,2号线,市二宫
0100,00203350,地铁,2号线,市二宫
0100,00203351,地铁,2号线,市二宫
0100,00203352,地铁,2号线,市二宫
0100,00203353,地铁,2号线,市二宫
0100,00203354,地铁,2号线,市二宫
0100,00203355,地铁,2号线,市二宫
0100,00203356,地铁,2号线,市二宫
0100,00203357,地铁,2号线,市二宫
0100,00203358,地铁,2号线,市二宫
0100,00203359,地铁,2号线,市二宫
0100,00203360,地铁,2号线,市二宫
0100,00203361,地铁,2号线,市二宫
0100,00203362,地铁,2号线,市二宫
0100,00203363,地铁,2号线,市二宫
0100,00203364,地铁,2号线,市二宫
0100,00203365,地铁,2号线,市二宫
0100,00203366,地铁,2号线,市二宫
0100,00203367,地铁,2号线,江南西
0100,00203368,地铁,2号线,江南西
0100,00203369,地铁,2号线,江南西
0100,00203370,地铁,2号线,江南西
0100,00203371,地铁,2号线,江南西
0100,00203372,地铁,2号线,江南西
0100,00203373,地铁,2号线,江南西
0100,00203374,地铁,2号线,江南西
0100,00203375,地铁,2号线,江南西
0100,00203376,地铁,2号线,江南西
0100,00203377,地铁,2号线,江南西
0100,00203378,地铁,2号线,江南西
0100,00203379,地铁,2号线,江南西
0100,00203380,地铁,2号线,江南西
0100,00203381,地铁,2号线,江南西
0100,00203382,地铁,2号线,江南西
0100,00203383,地铁,2号线,江南西
0100,00203384,地铁,2号线,江南西
0100,00203385,地铁,2号线,江南西
0100,00203386,地铁,2号线,江南西
0100,00203387,地铁,2号线,江南西
0100,00203388,地铁,2号线,江南西
0100,00203389,地铁,2号线,江南西
0100,00203390,地铁,2号线,江南西
0100,00203391,地铁,2号线,江南西
0100,00203392,地铁,2号线,江南西
0100,00203393,地铁,2号线,江南西
0100,00203394,地铁,2号线,江南西
0100,00203395,地铁,2号线,江南西
0100,00203396,地铁,2号线,江南西
0100,00203397,地铁,2号线,江南西
0100,00203398,地铁,2号线,昌岗
0100,00203399,地铁,2号线,昌岗
0100,00203400,地铁,2号线,昌岗
0100,00203401,地铁,2号线,昌岗
0100,00203402,地铁,2号线,昌岗
0100,00203403,地铁,2号线,昌岗
0100,00203404,地铁,2号线,昌岗
0100,00203405,地铁,2号线,昌岗
0100,00203406,地铁,2号线,昌岗
0100,00203407,地铁,2号线,昌岗
0100,00203408,地铁,2号线,昌岗
0100,00203409,地铁,2号线,昌岗
0100,00203410,地铁,2号线,昌岗
0100,00203411,地铁,2号线,昌岗
0100,00203412,地铁,2号线,昌岗
0100,00203413,地铁,2号线,昌岗
0100,00203414,地铁,2号线,昌岗
0100,00203415,地铁,2号线,昌岗
0100,00203416,地铁,2号线,昌岗
0100,00203417,地铁,2号线,昌岗
0100,00203418,地铁,2号线,昌岗
0100,00203419,地铁,2号线,昌岗
0100,00203420,地铁,2号线,昌岗
0100,00203421,地铁,2号线,昌岗
0100,00203422,地铁,2号线,昌岗
0100,00203423,地铁,2号线,昌岗
0100,00203424,地铁,2号线,昌岗
0100,00203425,地铁,2号线,昌岗
0100,00203426,地铁,2号线,昌岗
0100,00203427,地铁,2号线,昌岗
0100,00203428,地铁,2号线,昌岗
0100,00203429,地铁,2号线,昌岗
0100,00203430,地铁,2号线,昌岗
0100,00203431,地铁,2号线,昌岗
0100,00203432,地铁,2号线,昌岗
0100,00203433,地铁,2号线,昌岗
0100,00203434,地铁,2号线,昌岗
0100,00203435,地铁,2号线,昌岗
0100,00203436,地铁,2号线,昌岗
0100,00203437,地铁,2号线,昌岗
0100,00203438,地铁,2号线,昌岗
0100,00203439,地铁,2号线,昌岗
0100,00203440,地铁,2号线,昌岗
0100,00203441,地铁,2号线,昌岗
0100,00203442,地铁,2号线,昌岗
0100,00203443,地铁,2号线,昌岗
0100,00203444,地铁,2号线,昌岗
0100,00203445,地铁,2号线,昌岗
0100,00203446,地铁,2号线,昌岗
0100,00203447,地铁,2号线,昌岗
0100,00203448,地铁,2号线,昌岗
0100,00203449,地铁,2号线,昌岗
0100,00203450,地铁,2号线,昌岗
0100,00203451,地铁,2号线,昌岗
0100,00203452,地铁,2号线,昌岗
0100,00203453,地铁,2号线,昌岗
0100,00203454,地铁,2号线,昌岗
0100,00203455,地铁,2号线,昌岗
0100,00203456,地铁,2号线,昌岗
0100,00203457,地铁,2号线,昌岗
0100,00203458,地铁,2号线,昌岗
0100,00203459,地铁,2号线,昌岗
0100,00203460,地铁,2号线,昌岗
0100,00203461,地铁,2号线,昌岗
0100,00203462,地铁,2号线,江泰路
0100,00203463,地铁,2号线,江泰路
0100,00203464,地铁,2号线,江泰路
0100,00203465,地铁,2号线,江泰路
0100,00203466,地铁,2号线,江泰路
0100,00203467,地铁,2号线,江泰路
0100,00203468,地铁,2号线,江泰路
0100,00203469,地铁,2号线,江泰路
0100,00203470,地铁,2号线,江泰路
0100,00203471,地铁,2号线,江泰路
0100,00203472,地铁,2号线,江泰路
0100,00203473,地铁,2号线,江泰路
0100,00203474,地铁,2号线,江泰路
0100,00203475,地铁,2号线,江泰路
0100,00203476,地铁,2号线,江泰路
0100,00203477,地铁,2号线,江泰路
0100,00203478,地铁,2号线,江泰路
0100,00203479,地铁,2号线,江泰路
0100,00203480,地铁,2号线,江泰路
0100,00203481,地铁,2号线,江泰路
0100,00203482,地铁,2号线,江泰路
0100,00203483,地铁,2号线,江泰路
0100,00203484,地铁,2号线,江泰路
0100,00203485,地铁,2号线,江泰路
0100,00203486,地铁,2号线,江泰路
0100,00203487,地铁,2号线,东晓南
0100,00203488,地铁,2号线,东晓南
0100,00203489,地铁,2号线,东晓南
0100,00203490,地铁,2号线,东晓南
0100,00203491,地铁,2号线,东晓南
0100,00203492,地铁,2号线,东晓南
0100,00203493,地铁,2号线,东晓南
0100,00203494,地铁,2号线,东晓南
0100,00203495,地铁,2号线,东晓南
0100,00203496,地铁,2号线,东晓南
0100,00203497,地铁,2号线,东晓南
0100,00203498,地铁,2号线,东晓南
0100,00203499,地铁,2号线,东晓南
0100,00203500,地铁,2号线,东晓南
0100,00203501,地铁,2号线,东晓南
0100,00203502,地铁,2号线,东晓南
0100,00203503,地铁,2号线,东晓南
0100,00203504,地铁,2号线,东晓南
0100,00203505,地铁,2号线,东晓南
0100,00203506,地铁,2号线,东晓南
0100,00203507,地铁,2号线,东晓南
0100,00203508,地铁,2号线,东晓南
0100,00203509,地铁,2号线,东晓南
0100,00203510,地铁,2号线,东晓南
0100,00203511,地铁,2号线,东晓南
0100,00203512,地铁,2号线,东晓南
0100,00203513,地铁,2号线,东晓南
0100,00203514,地铁,2号线,东晓南
0100,00203515,地铁,2号线,东晓南
0100,00203516,地铁,2号线,南洲
0100,00203517,地铁,2号线,南洲
0100,00203518,地铁,2号线,南洲
0100,00203519,地铁,2号线,南洲
0100,00203520,地铁,2号线,南洲
0100,00203521,地铁,2号线,南洲
0100,00203522,地铁,2号线,南洲
0100,00203523,地铁,2号线,南洲
0100,00203524,地铁,2号线,南洲
0100,00203525,地铁,2号线,南洲
0100,00203526,地铁,2号线,南洲
0100,00203527,地铁,2号线,南洲
0100,00203528,地铁,2号线,南洲
0100,00203529,地铁,2号线,南洲
0100,00203530,地铁,2号线,南洲
0100,00203531,地铁,2号线,南洲
0100,00203532,地铁,2号线,南洲
0100,00203533,地铁,2号线,南洲
0100,00203534,地铁,2号线,南洲
0100,00203535,地铁,2号线,南洲
0100,00203536,地铁,2号线,南洲
0100,00203537,地铁,2号线,南洲
0100,00203538,地铁,2号线,南洲
0100,00203539,地铁,2号线,南洲
0100,00203540,地铁,2号线,洛溪
0100,00203541,地铁,2号线,洛溪
0100,00203542,地铁,2号线,洛溪
0100,00203543,地铁,2号线,洛溪
0100,00203544,地铁,2号线,洛溪
0100,00203545,地铁,2号线,洛溪
0100,00203546,地铁,2号线,洛溪
0100,00203547,地铁,2号线,洛溪
0100,00203548,地铁,2号线,洛溪
0100,00203549,地铁,2号线,洛溪
0100,00203550,地铁,2号线,洛溪
0100,00203551,地铁,2号线,洛溪
0100,00203552,地铁,2号线,洛溪
0100,00203553,地铁,2号线,洛溪
0100,00203554,地铁,2号线,洛溪
0100,00203555,地铁,2号线,洛溪
0100,00203556,地铁,2号线,洛溪
0100,00203557,地铁,2号线,洛溪
0100,00203558,地铁,2号线,洛溪
0100,00203559,地铁,2号线,洛溪
0100,00203560,地铁,2号线,洛溪
0100,00203561,地铁,2号线,洛溪
0100,00203562,地铁,2号线,南浦
0100,00203563,地铁,2号线,南浦
0100,00203564,地铁,2号线,南浦
0100,00203565,地铁,2号线,南浦
0100,00203566,地铁,2号线,南浦
0100,00203567,地铁,2号线,南浦
0100,00203568,地铁,2号线,南浦
0100,00203569,地铁,2号线,南浦
0100,00203570,地铁,2号线,南浦
0100,00203571,地铁,2号线,南浦
0100,00203572,地铁,2号线,南浦
0100,00203573,地铁,2号线,南浦
0100,00203574,地铁,2号线,南浦
0100,00203575,地铁,2号线,南浦
0100,00203576,地铁,2号线,南浦
0100,00203577,地铁,2号线,南浦
0100,00203578,地铁,2号线,南浦
0100,00203579,地铁,2号线,南浦
0100,00203580,地铁,2号线,南浦
0100,00203581,地铁,2号线,南浦
0100,00203582,地铁,2号线,南浦
0100,00203583,地铁,2号线,南浦
0100,00203584,地铁,2号线,南浦
0100,00203585,地铁,2号线,南浦
0100,00203586,地铁,2号线,南浦
0100,00203587,地铁,2号线,南浦
0100,00203588,地铁,2号线,会江
0100,00203589,地铁,2号线,会江
0100,00203591,地铁,2号线,会江
0100,00203592,地铁,2号线,会江
0100,00203593,地铁,2号线,会江
0100,00203594,地铁,2号线,会江
0100,00203595,地铁,2号线,会江
0100,00203596,地铁,2号线,会江
0100,00203597,地铁,2号线,会江
0100,00203598,地铁,2号线,会江
0100,00203599,地铁,2号线,会江
0100,00203600,地铁,2号线,会江
0100,00203601,地铁,2号线,会江
0100,00203602,地铁,2号线,会江
0100,00203603,地铁,2号线,会江
0100,00203604,地铁,2号线,会江
0100,00203605,地铁,2号线,会江
0100,00203606,地铁,2号线,会江
0100,00203607,地铁,2号线,会江
0100,00203608,地铁,2号线,会江
0100,00203609,地铁,2号线,会江
0100,00203610,地铁,2号线,会江
0100,00203611,地铁,2号线,石壁
0100,00203612,地铁,2号线,石壁
0100,00203613,地铁,2号线,石壁
0100,00203614,地铁,2号线,石壁
0100,00203615,地铁,2号线,石壁
0100,00203616,地铁,2号线,石壁
0100,00203617,地铁,2号线,石壁
0100,00203618,地铁,2号线,石壁
0100,00203619,地铁,2号线,石壁
0100,00203620,地铁,2号线,石壁
0100,00203621,地铁,2号线,石壁
0100,00203622,地铁,2号线,石壁
0100,00203623,地铁,2号线,石壁
0100,00203624,地铁,2号线,石壁
0100,00203625,地铁,2号线,石壁
0100,00203626,地铁,2号线,石壁
0100,00203627,地铁,2号线,石壁
0100,00203628,地铁,2号线,石壁
0100,00203629,地铁,2号线,石壁
0100,00203630,地铁,2号线,石壁
0100,00203631,地铁,2号线,石壁
0100,00203632,地铁,2号线,石壁
0100,00203633,地铁,2号线,石壁
0100,00203634,地铁,2号线,石壁
0100,00203635,地铁,2号线,广州南站
0100,00203636,地铁,2号线,广州南站
0100,00203637,地铁,2号线,广州南站
0100,00203638,地铁,2号线,广州南站
0100,00203639,地铁,2号线,广州南站
0100,00203640,地铁,2号线,广州南站
0100,00203641,地铁,2号线,广州南站
0100,00203642,地铁,2号线,广州南站
0100,00203643,地铁,2号线,广州南站
0100,00203644,地铁,2号线,广州南站
0100,00203645,地铁,2号线,广州南站
0100,00203646,地铁,2号线,广州南站
0100,00203647,地铁,2号线,广州南站
0100,00203648,地铁,2号线,广州南站
0100,00203649,地铁,2号线,广州南站
0100,00203650,地铁,2号线,广州南站
0100,00203651,地铁,2号线,广州南站
0100,00203652,地铁,2号线,广州南站
0100,00203653,地铁,2号线,广州南站
0100,00203654,地铁,2号线,广州南站
0100,00203655,地铁,2号线,广州南站
0100,00203656,地铁,2号线,广州南站
0100,00203657,地铁,2号线,广州南站
0100,00203658,地铁,2号线,广州南站
0100,00203659,地铁,2号线,广州南站
0100,00203660,地铁,2号线,广州南站
0100,00203661,地铁,2号线,广州南站
0100,00203662,地铁,2号线,广州南站
0100,00203663,地铁,2号线,广州南站
0100,00203664,地铁,2号线,广州南站
0100,00203665,地铁,2号线,广州南站
0100,00203666,地铁,2号线,广州南站
0100,00203667,地铁,2号线,广州南站
0100,00203668,地铁,2号线,广州南站
0100,00203669,地铁,2号线,广州南站
0100,00203670,地铁,2号线,广州南站
0100,00203671,地铁,2号线,广州南站
0100,00203672,地铁,8号线,琶洲
0100,00203673,地铁,8号线,琶洲
0100,00203674,地铁,8号线,琶洲
0100,00203675,地铁,8号线,琶洲
0100,00203676,地铁,8号线,琶洲
0100,00203677,地铁,8号线,琶洲
0100,00203678,地铁,8号线,琶洲
0100,00203679,地铁,8号线,琶洲
0100,00203680,地铁,8号线,琶洲
0100,00203681,地铁,8号线,琶洲
0100,00203682,地铁,8号线,琶洲
0100,00203683,地铁,8号线,琶洲
0100,00203684,地铁,8号线,琶洲
0100,00203685,地铁,8号线,琶洲
0100,00203686,地铁,8号线,琶洲
0100,00203687,地铁,8号线,琶洲
0100,00203688,地铁,8号线,琶洲
0100,00203689,地铁,8号线,琶洲
0100,00203690,地铁,8号线,琶洲
0100,00203691,地铁,8号线,琶洲
0100,00203692,地铁,8号线,琶洲
0100,00203693,地铁,8号线,琶洲
0100,00203694,地铁,8号线,琶洲
0100,00203695,地铁,8号线,琶洲
0100,00203696,地铁,8号线,琶洲
0100,00203697,地铁,8号线,琶洲
0100,00203698,地铁,8号线,琶洲
0100,00203699,地铁,8号线,琶洲
0100,00203700,地铁,8号线,琶洲
0100,00203701,地铁,8号线,琶洲
0100,00203702,地铁,8号线,琶洲
0100,00203703,地铁,8号线,琶洲
0100,00203704,地铁,8号线,琶洲
0100,00203705,地铁,8号线,琶洲
0100,00203706,地铁,8号线,琶洲
0100,00203707,地铁,8号线,琶洲
0100,00203708,地铁,8号线,琶洲
0100,00203709,地铁,8号线,琶洲
0100,00203710,地铁,8号线,琶洲
0100,00203711,地铁,8号线,琶洲
0100,00203712,地铁,8号线,琶洲
0100,00203713,地铁,8号线,琶洲
0100,00203714,地铁,8号线,琶洲
0100,00203715,地铁,8号线,琶洲
0100,00203716,地铁,8号线,琶洲
0100,00203717,地铁,8号线,琶洲
0100,00203718,地铁,8号线,琶洲
0100,00203719,地铁,8号线,琶洲
0100,00203720,地铁,8号线,琶洲
0100,00203721,地铁,8号线,琶洲
0100,00203722,地铁,8号线,琶洲
0100,00203723,地铁,8号线,琶洲
0100,00203724,地铁,8号线,琶洲
0100,00203725,地铁,8号线,琶洲
0100,00203726,地铁,8号线,琶洲
0100,00203727,地铁,8号线,琶洲
0100,00203728,地铁,8号线,琶洲
0100,00203729,地铁,8号线,琶洲
0100,00203730,地铁,8号线,琶洲
0100,00203731,地铁,8号线,琶洲
0100,00203732,地铁,8号线,琶洲
0100,00203733,地铁,8号线,琶洲
0100,00203734,地铁,8号线,琶洲
0100,00203735,地铁,8号线,琶洲
0100,00203736,地铁,8号线,琶洲
0100,00203737,地铁,8号线,新港东
0100,00203738,地铁,8号线,新港东
0100,00203739,地铁,8号线,新港东
0100,00203740,地铁,8号线,新港东
0100,00203741,地铁,8号线,新港东
0100,00203742,地铁,8号线,新港东
0100,00203743,地铁,8号线,新港东
0100,00203744,地铁,8号线,新港东
0100,00203745,地铁,8号线,新港东
0100,00203746,地铁,8号线,新港东
0100,00203747,地铁,8号线,新港东
0100,00203748,地铁,8号线,新港东
0100,00203749,地铁,8号线,新港东
0100,00203750,地铁,8号线,新港东
0100,00203751,地铁,8号线,新港东
0100,00203752,地铁,8号线,新港东
0100,00203753,地铁,8号线,新港东
0100,00203754,地铁,8号线,新港东
0100,00203755,地铁,8号线,新港东
0100,00203756,地铁,8号线,新港东
0100,00203757,地铁,8号线,新港东
0100,00203758,地铁,8号线,新港东
0100,00203759,地铁,8号线,新港东
0100,00203760,地铁,8号线,新港东
0100,00203761,地铁,8号线,新港东
0100,00203762,地铁,8号线,新港东
0100,00203763,地铁,8号线,新港东
0100,00203764,地铁,8号线,新港东
0100,00203765,地铁,8号线,新港东
0100,00203766,地铁,8号线,新港东
0100,00203767,地铁,8号线,新港东
0100,00203768,地铁,8号线,新港东
0100,00203769,地铁,8号线,新港东
0100,00203770,地铁,8号线,新港东
0100,00203771,地铁,8号线,新港东
0100,00203772,地铁,8号线,磨碟沙
0100,00203773,地铁,8号线,磨碟沙
0100,00203774,地铁,8号线,磨碟沙
0100,00203775,地铁,8号线,磨碟沙
0100,00203776,地铁,8号线,磨碟沙
0100,00203777,地铁,8号线,磨碟沙
0100,00203778,地铁,8号线,磨碟沙
0100,00203779,地铁,8号线,磨碟沙
0100,00203780,地铁,8号线,磨碟沙
0100,00203781,地铁,8号线,磨碟沙
0100,00203782,地铁,8号线,磨碟沙
0100,00203783,地铁,8号线,磨碟沙
0100,00203784,地铁,8号线,磨碟沙
0100,00203785,地铁,8号线,磨碟沙
0100,00203786,地铁,8号线,磨碟沙
0100,00203787,地铁,8号线,磨碟沙
0100,00203788,地铁,8号线,磨碟沙
0100,00203789,地铁,8号线,磨碟沙
0100,00203790,地铁,8号线,磨碟沙
0100,00203791,地铁,8号线,磨碟沙
0100,00203792,地铁,8号线,磨碟沙
0100,00203793,地铁,8号线,磨碟沙
0100,00203794,地铁,8号线,磨碟沙
0100,00203795,地铁,8号线,赤岗
0100,00203796,地铁,8号线,赤岗
0100,00203797,地铁,8号线,赤岗
0100,00203798,地铁,8号线,赤岗
0100,00203799,地铁,8号线,赤岗
0100,00203800,地铁,8号线,赤岗
0100,00203801,地铁,8号线,赤岗
0100,00203802,地铁,8号线,赤岗
0100,00203803,地铁,8号线,赤岗
0100,00203804,地铁,8号线,赤岗
0100,00203805,地铁,8号线,赤岗
0100,00203806,地铁,8号线,赤岗
0100,00203807,地铁,8号线,赤岗
0100,00203808,地铁,8号线,赤岗
0100,00203809,地铁,8号线,赤岗
0100,00203810,地铁,8号线,赤岗
0100,00203811,地铁,8号线,赤岗
0100,00203812,地铁,8号线,赤岗
0100,00203814,地铁,8号线,赤岗
0100,00203815,地铁,8号线,赤岗
0100,00203816,地铁,8号线,赤岗
0100,00203817,地铁,8号线,客村
0100,00203818,地铁,8号线,客村
0100,00203819,地铁,8号线,客村
0100,00203821,地铁,8号线,客村
0100,00203822,地铁,8号线,客村
0100,00203823,地铁,8号线,客村
0100,00203824,地铁,8号线,客村
0100,00203825,地铁,8号线,客村
0100,00203826,地铁,8号线,客村
0100,00203827,地铁,8号线,客村
0100,00203828,地铁,8号线,客村
0100,00203829,地铁,8号线,客村
0100,00203830,地铁,8号线,客村
0100,00203831,地铁,8号线,客村
0100,00203833,地铁,8号线,客村
0100,00203834,地铁,8号线,客村
0100,00203835,地铁,8号线,客村
0100,00203836,地铁,8号线,客村
0100,00203837,地铁,8号线,客村
0100,00203838,地铁,8号线,客村
0100,00203839,地铁,8号线,客村
0100,00203840,地铁,8号线,客村
0100,00203841,地铁,8号线,客村
0100,00203842,地铁,8号线,客村
0100,00203843,地铁,8号线,客村
0100,00203844,地铁,8号线,客村
0100,00203845,地铁,8号线,客村
0100,00203846,地铁,8号线,鹭江
0100,00203847,地铁,8号线,鹭江
0100,00203848,地铁,8号线,鹭江
0100,00203849,地铁,8号线,鹭江
0100,00203850,地铁,8号线,鹭江
0100,00203851,地铁,8号线,鹭江
0100,00203852,地铁,8号线,鹭江
0100,00203853,地铁,8号线,鹭江
0100,00203854,地铁,8号线,鹭江
0100,00203855,地铁,8号线,鹭江
0100,00203856,地铁,8号线,鹭江
0100,00203857,地铁,8号线,鹭江
0100,00203859,地铁,8号线,鹭江
0100,00203860,地铁,8号线,鹭江
0100,00203861,地铁,8号线,鹭江
0100,00203862,地铁,8号线,鹭江
0100,00203863,地铁,8号线,鹭江
0100,00203864,地铁,8号线,鹭江
0100,00203865,地铁,8号线,鹭江
0100,00203866,地铁,8号线,鹭江
0100,00203867,地铁,8号线,鹭江
0100,00203868,地铁,8号线,鹭江
0100,00203869,地铁,8号线,鹭江
0100,00203870,地铁,8号线,鹭江
0100,00203871,地铁,8号线,鹭江
0100,00203872,地铁,8号线,中大
0100,00203873,地铁,8号线,中大
0100,00203874,地铁,8号线,中大
0100,00203875,地铁,8号线,中大
0100,00203876,地铁,8号线,中大
0100,00203877,地铁,8号线,中大
0100,00203878,地铁,8号线,中大
0100,00203879,地铁,8号线,中大
0100,00203880,地铁,8号线,中大
0100,00203881,地铁,8号线,中大
0100,00203882,地铁,8号线,中大
0100,00203883,地铁,8号线,中大
0100,00203884,地铁,8号线,中大
0100,00203885,地铁,8号线,中大
0100,00203886,地铁,8号线,中大
0100,00203887,地铁,8号线,中大
0100,00203888,地铁,8号线,中大
0100,00203889,地铁,8号线,中大
0100,00203890,地铁,8号线,中大
0100,00203891,地铁,8号线,中大
0100,00203892,地铁,8号线,中大
0100,00203893,地铁,8号线,中大
0100,00203894,地铁,8号线,晓港
0100,00203895,地铁,8号线,晓港
0100,00203896,地铁,8号线,晓港
0100,00203897,地铁,8号线,晓港
0100,00203898,地铁,8号线,晓港
0100,00203899,地铁,8号线,晓港
0100,00203900,地铁,8号线,晓港
0100,00203901,地铁,8号线,晓港
0100,00203902,地铁,8号线,晓港
0100,00203903,地铁,8号线,晓港
0100,00203904,地铁,8号线,晓港
0100,00203905,地铁,8号线,晓港
0100,00203906,地铁,8号线,晓港
0100,00203907,地铁,8号线,晓港
0100,00203908,地铁,8号线,晓港
0100,00203909,地铁,8号线,晓港
0100,00203910,地铁,8号线,晓港
0100,00203911,地铁,8号线,晓港
0100,00203912,地铁,8号线,晓港
0100,00203913,地铁,8号线,晓港
0100,00203914,地铁,8号线,晓港
0100,00203915,地铁,8号线,晓港
0100,00203916,地铁,8号线,晓港
0100,00203917,地铁,8号线,晓港
0100,00203918,地铁,8号线,宝岗大道
0100,00203919,地铁,8号线,宝岗大道
0100,00203920,地铁,8号线,宝岗大道
0100,00203921,地铁,8号线,宝岗大道
0100,00203922,地铁,8号线,宝岗大道
0100,00203923,地铁,8号线,宝岗大道
0100,00203924,地铁,8号线,宝岗大道
0100,00203925,地铁,8号线,宝岗大道
0100,00203926,地铁,8号线,宝岗大道
0100,00203927,地铁,8号线,宝岗大道
0100,00203928,地铁,8号线,宝岗大道
0100,00203929,地铁,8号线,宝岗大道
0100,00203930,地铁,8号线,宝岗大道
0100,00203931,地铁,8号线,宝岗大道
0100,00203932,地铁,8号线,宝岗大道
0100,00203933,地铁,8号线,宝岗大道
0100,00203934,地铁,8号线,宝岗大道
0100,00203935,地铁,8号线,宝岗大道
0100,00203936,地铁,8号线,宝岗大道
0100,00203937,地铁,8号线,宝岗大道
0100,00203938,地铁,8号线,宝岗大道
0100,00203939,地铁,8号线,宝岗大道
0100,00203940,地铁,8号线,宝岗大道
0100,00203941,地铁,8号线,沙园
0100,00203942,地铁,6号线,浔峰岗
0100,00203943,地铁,6号线,浔峰岗
0100,00203944,地铁,6号线,浔峰岗
0100,00203945,地铁,6号线,浔峰岗
0100,00203946,地铁,6号线,浔峰岗
0100,00203947,地铁,6号线,浔峰岗
0100,00203948,地铁,6号线,浔峰岗
0100,00203949,地铁,6号线,浔峰岗
0100,00203950,地铁,6号线,浔峰岗
0100,00203951,地铁,6号线,横沙
0100,00203952,地铁,6号线,横沙
0100,00203953,地铁,6号线,横沙
0100,00203954,地铁,6号线,横沙
0100,00203955,地铁,6号线,横沙
0100,00203956,地铁,6号线,横沙
0100,00203957,地铁,6号线,横沙
0100,00203958,地铁,6号线,横沙
0100,00203959,地铁,6号线,横沙
0100,00203960,地铁,6号线,沙贝
0100,00203961,地铁,6号线,沙贝
0100,00203962,地铁,6号线,沙贝
0100,00203963,地铁,6号线,沙贝
0100,00203964,地铁,6号线,沙贝
0100,00203965,地铁,6号线,沙贝
0100,00203966,地铁,6号线,河沙
0100,00203967,地铁,6号线,河沙
0100,00203968,地铁,6号线,河沙
0100,00203969,地铁,6号线,河沙
0100,00203970,地铁,6号线,河沙
0100,00203971,地铁,6号线,河沙
0100,00203972,地铁,6号线,坦尾
0100,00203973,地铁,6号线,坦尾
0100,00203974,地铁,6号线,坦尾
0100,00203975,地铁,6号线,坦尾
0100,00203976,地铁,6号线,坦尾
0100,00203977,地铁,6号线,坦尾
0100,00203978,地铁,6号线,坦尾
0100,00203979,地铁,6号线,坦尾
0100,00203980,地铁,6号线,坦尾
0100,00203981,地铁,6号线,坦尾
0100,00203982,地铁,6号线,坦尾
0100,00203983,地铁,6号线,坦尾
0100,00203984,地铁,6号线,如意坊
0100,00203985,地铁,6号线,如意坊
0100,00203986,地铁,6号线,如意坊
0100,00203987,地铁,6号线,如意坊
0100,00203988,地铁,6号线,如意坊
0100,00203989,地铁,6号线,如意坊
0100,00203990,地铁,6号线,如意坊
0100,00203991,地铁,6号线,如意坊
0100,00203992,地铁,6号线,如意坊
0100,00203993,地铁,6号线,黄沙
0100,00203994,地铁,6号线,黄沙
0100,00203995,地铁,6号线,黄沙
0100,00203996,地铁,6号线,黄沙
0100,00203997,地铁,6号线,黄沙
0100,00203998,地铁,6号线,黄沙
0100,00203999,地铁,6号线,文化公园
0100,00204000,地铁,6号线,文化公园
0100,00204001,地铁,6号线,文化公园
0100,00204002,地铁,6号线,文化公园
0100,00204003,地铁,6号线,文化公园
0100,00204004,地铁,6号线,文化公园
0100,00204005,地铁,6号线,文化公园
0100,00204006,地铁,6号线,文化公园
0100,00204007,地铁,6号线,文化公园
0100,00204008,地铁,6号线,文化公园
0100,00204009,地铁,6号线,文化公园
0100,00204010,地铁,6号线,文化公园
0100,00204011,地铁,6号线,一德路
0100,00204012,地铁,6号线,一德路
0100,00204013,地铁,6号线,一德路
0100,00204014,地铁,6号线,一德路
0100,00204015,地铁,6号线,一德路
0100,00204016,地铁,6号线,一德路
0100,00204017,地铁,6号线,海珠广场
0100,00204018,地铁,6号线,黄花岗
0100,00204019,地铁,6号线,植物园
0100,00204020,地铁,6号线,龙洞
0100,00204021,地铁,6号线,黄陂
0100,00204022,地铁,6号线,金峰
0100,00204023,地铁,6号线,北京路
0100,00204024,地铁,6号线,北京路
0100,00204025,地铁,6号线,北京路
0100,00204026,地铁,6号线,北京路
0100,00204027,地铁,6号线,北京路
0100,00204028,地铁,6号线,北京路
0100,00204029,地铁,6号线,团一大广场
0100,00204030,地铁,6号线,团一大广场
0100,00204031,地铁,6号线,团一大广场
0100,00204032,地铁,6号线,团一大广场
0100,00204033,地铁,6号线,团一大广场
0100,00204034,地铁,6号线,团一大广场
0100,00204035,地铁,6号线,东湖
0100,00204036,地铁,6号线,东湖
0100,00204037,地铁,6号线,东湖
0100,00204038,地铁,6号线,东湖
0100,00204039,地铁,6号线,东湖
0100,00204040,地铁,6号线,东湖
0100,00204041,地铁,6号线,东山口
0100,00204042,地铁,6号线,东山口
0100,00204043,地铁,6号线,东山口
0100,00204044,地铁,6号线,东山口
0100,00204045,地铁,6号线,东山口
0100,00204046,地铁,6号线,东山口
0100,00204047,地铁,6号线,东山口
0100,00204048,地铁,6号线,东山口
0100,00204049,地铁,6号线,东山口
0100,00204050,地铁,6号线,东山口
0100,00204051,地铁,6号线,东山口
0100,00204052,地铁,6号线,东山口
0100,00204053,地铁,6号线,区庄
0100,00204054,地铁,6号线,区庄
0100,00204055,地铁,6号线,区庄
0100,00204056,地铁,6号线,区庄
0100,00204057,地铁,6号线,区庄
0100,00204058,地铁,6号线,区庄
0100,00204059,地铁,6号线,黄花岗
0100,00204060,地铁,6号线,黄花岗
0100,00204061,地铁,6号线,黄花岗
0100,00204062,地铁,6号线,黄花岗
0100,00204063,地铁,6号线,黄花岗
0100,00204064,地铁,6号线,黄花岗
0100,00204065,地铁,6号线,黄花岗
0100,00204066,地铁,6号线,黄花岗
0100,00204067,地铁,6号线,黄花岗
0100,00204068,地铁,6号线,黄花岗
0100,00204069,地铁,6号线,黄花岗
0100,00204070,地铁,6号线,黄花岗
0100,00204071,地铁,6号线,沙河顶
0100,00204072,地铁,6号线,沙河顶
0100,00204073,地铁,6号线,沙河顶
0100,00204074,地铁,6号线,沙河顶
0100,00204075,地铁,6号线,沙河顶
0100,00204076,地铁,6号线,沙河顶
0100,00204077,地铁,6号线,天平架
0100,00204078,地铁,6号线,天平架
0100,00204079,地铁,6号线,天平架
0100,00204080,地铁,6号线,天平架
0100,00204081,地铁,6号线,天平架
0100,00204082,地铁,6号线,天平架
0100,00204083,地铁,6号线,天河客运站
0100,00204084,地铁,6号线,天河客运站
0100,00204085,地铁,6号线,天河客运站
0100,00204086,地铁,6号线,天河客运站
0100,00204087,地铁,6号线,天河客运站
0100,00204088,地铁,6号线,天河客运站
0100,00204089,地铁,6号线,长湴
0100,00204090,地铁,6号线,长湴
0100,00204091,地铁,6号线,长湴
0100,00204092,地铁,6号线,长湴
0100,00204093,地铁,6号线,长湴
0100,00204094,地铁,6号线,长湴
0100,00204095,地铁,6号线,长湴
0100,00204096,地铁,6号线,长湴
0100,00204097,地铁,6号线,长湴
0100,00204098,地铁,6号线,长湴
0100,00204099,地铁,6号线,长湴
0100,00204100,地铁,6号线,长湴
0100,00204101,地铁,6号线,植物园
0100,00204102,地铁,6号线,植物园
0100,00204103,地铁,6号线,植物园
0100,00204104,地铁,6号线,植物园
0100,00204105,地铁,6号线,植物园
0100,00204106,地铁,6号线,植物园
0100,00204107,地铁,6号线,植物园
0100,00204108,地铁,6号线,植物园
0100,00204109,地铁,6号线,植物园
0100,00204110,地铁,6号线,植物园
0100,00204111,地铁,6号线,植物园
0100,00204112,地铁,6号线,植物园
0100,00204113,地铁,6号线,植物园
0100,00204114,地铁,6号线,植物园
0100,00204115,地铁,6号线,植物园
0100,00204116,地铁,6号线,植物园
0100,00204117,地铁,6号线,植物园
0100,00204118,地铁,6号线,植物园
0100,00204119,地铁,6号线,植物园
0100,00204120,地铁,6号线,植物园
0100,00204121,地铁,6号线,植物园
0100,00204122,地铁,6号线,植物园
0100,00204123,地铁,6号线,植物园
0100,00204124,地铁,6号线,植物园
0100,00204125,地铁,6号线,植物园
0100,00204126,地铁,6号线,植物园
0100,00204127,地铁,6号线,植物园
0100,00204128,地铁,6号线,植物园
0100,00204129,地铁,6号线,植物园
0100,00204130,地铁,6号线,植物园
0100,00204131,地铁,6号线,龙洞
0100,00204132,地铁,6号线,龙洞
0100,00204133,地铁,6号线,龙洞
0100,00204134,地铁,6号线,龙洞
0100,00204135,地铁,6号线,龙洞
0100,00204136,地铁,6号线,龙洞
0100,00204137,地铁,6号线,龙洞
0100,00204138,地铁,6号线,龙洞
0100,00204139,地铁,6号线,龙洞
0100,00204140,地铁,6号线,龙洞
0100,00204141,地铁,6号线,龙洞
0100,00204142,地铁,6号线,龙洞
0100,00204143,地铁,6号线,龙洞
0100,00204144,地铁,6号线,龙洞
0100,00204145,地铁,6号线,龙洞
0100,00204146,地铁,6号线,龙洞
0100,00204147,地铁,6号线,龙洞
0100,00204148,地铁,6号线,龙洞
0100,00204149,地铁,6号线,龙洞
0100,00204150,地铁,6号线,龙洞
0100,00204151,地铁,6号线,龙洞
0100,00204152,地铁,6号线,龙洞
0100,00204153,地铁,6号线,龙洞
0100,00204154,地铁,6号线,龙洞
0100,00204155,地铁,6号线,龙洞
0100,00204156,地铁,6号线,龙洞
0100,00204157,地铁,6号线,龙洞
0100,00204158,地铁,6号线,柯木塱
0100,00204159,地铁,6号线,柯木塱
0100,00204160,地铁,6号线,柯木塱
0100,00204161,地铁,6号线,柯木塱
0100,00204162,地铁,6号线,柯木塱
0100,00204163,地铁,6号线,柯木塱
0100,00204164,地铁,6号线,柯木塱
0100,00204165,地铁,6号线,柯木塱
0100,00204166,地铁,6号线,柯木塱
0100,00204167,地铁,6号线,柯木塱
0100,00204168,地铁,6号线,柯木塱
0100,00204169,地铁,6号线,柯木塱
0100,00204170,地铁,6号线,柯木塱
0100,00204171,地铁,6号线,柯木塱
0100,00204172,地铁,6号线,柯木塱
0100,00204173,地铁,6号线,柯木塱
0100,00204174,地铁,6号线,柯木塱
0100,00204175,地铁,6号线,柯木塱
0100,00204176,地铁,6号线,柯木塱
0100,00204177,地铁,6号线,柯木塱
0100,00204178,地铁,6号线,柯木塱
0100,00204179,地铁,6号线,柯木塱
0100,00204180,地铁,6号线,柯木塱
0100,00204181,地铁,6号线,柯木塱
0100,00204182,地铁,6号线,柯木塱
0100,00204183,地铁,6号线,柯木塱
0100,00204184,地铁,6号线,柯木塱
0100,00204185,地铁,6号线,柯木塱
0100,00204186,地铁,6号线,柯木塱
0100,00204187,地铁,6号线,柯木塱
0100,00204188,地铁,6号线,柯木塱
0100,00204189,地铁,6号线,高塘石
0100,00204190,地铁,6号线,高塘石
0100,00204191,地铁,6号线,高塘石
0100,00204192,地铁,6号线,高塘石
0100,00204193,地铁,6号线,高塘石
0100,00204194,地铁,6号线,高塘石
0100,00204195,地铁,6号线,高塘石
0100,00204196,地铁,6号线,高塘石
0100,00204197,地铁,6号线,高塘石
0100,00204198,地铁,6号线,高塘石
0100,00204199,地铁,6号线,高塘石
0100,00204200,地铁,6号线,高塘石
0100,00204201,地铁,6号线,高塘石
0100,00204202,地铁,6号线,高塘石
0100,00204203,地铁,6号线,高塘石
0100,00204204,地铁,6号线,高塘石
0100,00204205,地铁,6号线,高塘石
0100,00204206,地铁,6号线,高塘石
0100,00204207,地铁,6号线,高塘石
0100,00204208,地铁,6号线,高塘石
0100,00204209,地铁,6号线,高塘石
0100,00204210,地铁,6号线,高塘石
0100,00204211,地铁,6号线,高塘石
0100,00204212,地铁,6号线,高塘石
0100,00204213,地铁,6号线,高塘石
0100,00204214,地铁,6号线,高塘石
0100,00204215,地铁,6号线,高塘石
0100,00204216,地铁,6号线,黄陂
0100,00204217,地铁,6号线,黄陂
0100,00204218,地铁,6号线,黄陂
0100,00204219,地铁,6号线,黄陂
0100,00204220,地铁,6号线,黄陂
0100,00204221,地铁,6号线,黄陂
0100,00204222,地铁,6号线,黄陂
0100,00204223,地铁,6号线,黄陂
0100,00204224,地铁,6号线,黄陂
0100,00204225,地铁,6号线,黄陂
0100,00204226,地铁,6号线,黄陂
0100,00204227,地铁,6号线,黄陂
0100,00204228,地铁,6号线,黄陂
0100,00204229,地铁,6号线,黄陂
0100,00204230,地铁,6号线,黄陂
0100,00204231,地铁,6号线,黄陂
0100,00204232,地铁,6号线,黄陂
0100,00204233,地铁,6号线,黄陂
0100,00204234,地铁,6号线,黄陂
0100,00204235,地铁,6号线,黄陂
0100,00204236,地铁,6号线,黄陂
0100,00204237,地铁,6号线,黄陂
0100,00204238,地铁,6号线,黄陂
0100,00204239,地铁,6号线,黄陂
0100,00204240,地铁,6号线,黄陂
0100,00204241,地铁,6号线,黄陂
0100,00204242,地铁,6号线,黄陂
0100,00204243,地铁,6号线,黄陂
0100,00204244,地铁,6号线,黄陂
0100,00204245,地铁,6号线,黄陂
0100,00204246,地铁,6号线,金峰
0100,00204247,地铁,6号线,金峰
0100,00204248,地铁,6号线,金峰
0100,00204249,地铁,6号线,金峰
0100,00204250,地铁,6号线,金峰
0100,00204251,地铁,6号线,金峰
0100,00204252,地铁,6号线,金峰
0100,00204253,地铁,6号线,金峰
0100,00204254,地铁,6号线,金峰
0100,00204255,地铁,6号线,金峰
0100,00204256,地铁,6号线,金峰
0100,00204257,地铁,6号线,金峰
0100,00204258,地铁,6号线,金峰
0100,00204259,地铁,6号线,金峰
0100,00204260,地铁,6号线,金峰
0100,00204261,地铁,6号线,金峰
0100,00204262,地铁,6号线,金峰
0100,00204263,地铁,6号线,金峰
0100,00204264,地铁,6号线,金峰
0100,00204265,地铁,6号线,金峰
0100,00204266,地铁,6号线,金峰
0100,00204267,地铁,6号线,金峰
0100,00204268,地铁,6号线,金峰
0100,00204269,地铁,6号线,金峰
0100,00204270,地铁,6号线,金峰
0100,00204271,地铁,6号线,金峰
0100,00204272,地铁,6号线,暹岗
0100,00204273,地铁,6号线,暹岗
0100,00204274,地铁,6号线,暹岗
0100,00204275,地铁,6号线,暹岗
0100,00204276,地铁,6号线,暹岗
0100,00204277,地铁,6号线,暹岗
0100,00204278,地铁,6号线,暹岗
0100,00204279,地铁,6号线,暹岗
0100,00204280,地铁,6号线,暹岗
0100,00204281,地铁,6号线,暹岗
0100,00204282,地铁,6号线,暹岗
0100,00204283,地铁,6号线,暹岗
0100,00204284,地铁,6号线,暹岗
0100,00204285,地铁,6号线,暹岗
0100,00204286,地铁,6号线,暹岗
0100,00204287,地铁,6号线,暹岗
0100,00204288,地铁,6号线,暹岗
0100,00204289,地铁,6号线,暹岗
0100,00204290,地铁,6号线,暹岗
0100,00204291,地铁,6号线,暹岗
0100,00204292,地铁,6号线,暹岗
0100,00204293,地铁,6号线,暹岗
0100,00204294,地铁,6号线,暹岗
0100,00204295,地铁,6号线,暹岗
0100,00204296,地铁,6号线,暹岗
0100,00204297,地铁,6号线,暹岗
0100,00204298,地铁,6号线,暹岗
0100,00204299,地铁,6号线,暹岗
0100,00204300,地铁,6号线,苏元
0100,00204301,地铁,6号线,苏元
0100,00204302,地铁,6号线,苏元
0100,00204303,地铁,6号线,苏元
0100,00204304,地铁,6号线,苏元
0100,00204305,地铁,6号线,苏元
0100,00204306,地铁,6号线,苏元
0100,00204307,地铁,6号线,苏元
0100,00204308,地铁,6号线,苏元
0100,00204309,地铁,6号线,苏元
0100,00204310,地铁,6号线,苏元
0100,00204311,地铁,6号线,苏元
0100,00204312,地铁,6号线,苏元
0100,00204313,地铁,6号线,苏元
0100,00204314,地铁,6号线,苏元
0100,00204315,地铁,6号线,苏元
0100,00204316,地铁,6号线,苏元
0100,00204317,地铁,6号线,苏元
0100,00204318,地铁,6号线,苏元
0100,00204319,地铁,6号线,苏元
0100,00204320,地铁,6号线,苏元
0100,00204321,地铁,6号线,苏元
0100,00204322,地铁,6号线,苏元
0100,00204323,地铁,6号线,苏元
0100,00204324,地铁,6号线,苏元
0100,00204325,地铁,6号线,苏元
0100,00204326,地铁,6号线,苏元
0100,00204327,地铁,6号线,苏元
0100,00204328,地铁,6号线,苏元
0100,00204329,地铁,6号线,苏元
0100,00204330,地铁,6号线,苏元
0100,00204331,地铁,6号线,苏元
0100,00204332,地铁,6号线,苏元
0100,00204333,地铁,6号线,苏元
0100,00204334,地铁,6号线,苏元
0100,00204335,地铁,6号线,苏元
0100,00204336,地铁,6号线,萝岗
0100,00204337,地铁,6号线,萝岗
0100,00204338,地铁,6号线,萝岗
0100,00204339,地铁,6号线,萝岗
0100,00204340,地铁,6号线,萝岗
0100,00204341,地铁,6号线,萝岗
0100,00204342,地铁,6号线,萝岗
0100,00204343,地铁,6号线,萝岗
0100,00204344,地铁,6号线,萝岗
0100,00204345,地铁,6号线,萝岗
0100,00204346,地铁,6号线,萝岗
0100,00204347,地铁,6号线,萝岗
0100,00204348,地铁,6号线,萝岗
0100,00204349,地铁,6号线,萝岗
0100,00204350,地铁,6号线,萝岗
0100,00204351,地铁,6号线,萝岗
0100,00204352,地铁,6号线,萝岗
0100,00204353,地铁,6号线,萝岗
0100,00204354,地铁,6号线,萝岗
0100,00204355,地铁,6号线,萝岗
0100,00204356,地铁,6号线,萝岗
0100,00204357,地铁,6号线,萝岗
0100,00204358,地铁,6号线,萝岗
0100,00204359,地铁,6号线,萝岗
0100,00204360,地铁,6号线,萝岗
0100,00204361,地铁,6号线,萝岗
0100,00204362,地铁,6号线,萝岗
0100,00204363,地铁,6号线,萝岗
0100,00204364,地铁,6号线,萝岗
0100,00204365,地铁,6号线,萝岗
0100,00204366,地铁,6号线,萝岗
0100,00204367,地铁,6号线,萝岗
0100,00204368,地铁,6号线,萝岗
0100,00204369,地铁,6号线,萝岗
0100,00204370,地铁,6号线,萝岗
0100,00204372,地铁,6号线,香雪
0100,00204373,地铁,6号线,香雪
0100,00204377,地铁,6号线,香雪
0100,00204378,地铁,6号线,香雪
0100,00204379,地铁,6号线,香雪
0100,00204380,地铁,6号线,香雪
0100,00204381,地铁,6号线,香雪
0100,00204382,地铁,6号线,香雪
0100,00204383,地铁,6号线,香雪
0100,00204384,地铁,6号线,香雪
0100,00204385,地铁,6号线,香雪
0100,00204386,地铁,6号线,香雪
0100,00204387,地铁,6号线,香雪
0100,00204388,地铁,6号线,香雪
0100,00204389,地铁,6号线,香雪
0100,00204390,地铁,6号线,香雪
0100,00204391,地铁,6号线,香雪
0100,00204392,地铁,6号线,香雪
0100,00204393,地铁,6号线,香雪
0100,00204394,地铁,6号线,香雪
0100,00204395,地铁,6号线,香雪
0100,00204396,地铁,6号线,香雪
0100,00204397,地铁,6号线,香雪
0100,00204398,地铁,6号线,香雪
0100,00204399,地铁,6号线,香雪
0100,00204400,地铁,6号线,香雪
0100,00204425,地铁,13号线,鱼珠
0100,00204426,地铁,13号线,鱼珠
0100,00204427,地铁,13号线,裕丰围
0100,00204428,地铁,13号线,裕丰围
0100,00204429,地铁,13号线,双岗
0100,00204430,地铁,13号线,双岗
0100,00204431,地铁,13号线,南海神庙
0100,00204432,地铁,13号线,南海神庙
0100,00204433,地铁,13号线,夏园
0100,00204434,地铁,13号线,夏园
0100,00204435,地铁,13号线,南岗
0100,00204436,地铁,13号线,南岗
0100,00204437,地铁,13号线,沙村
0100,00204438,地铁,13号线,沙村
0100,00204439,地铁,13号线,白江
0100,00204440,地铁,13号线,白江
0100,00204441,地铁,13号线,新塘
0100,00204442,地铁,13号线,新塘
0100,00204443,地铁,13号线,官湖
0100,00204444,地铁,13号线,官湖
0100,00204445,地铁,13号线,新沙
0100,00204446,地铁,13号线,新沙
0100,00204447,地铁,6号线,浔峰岗
0100,00204448,地铁,6号线,河沙
0100,00204449,地铁,6号线,坦尾
0100,00204450,地铁,6号线,如意坊
0100,00204451,地铁,6号线,文化公园
0100,00204452,地铁,6号线,文化公园
0100,00204453,地铁,6号线,一德路
0100,00204454,地铁,6号线,北京路
0100,00204455,地铁,6号线,北京路
0100,00204456,地铁,13号线,裕丰围
0100,00204457,地铁,13号线,南岗
0100,00204458,地铁,13号线,新塘
0100,00204459,地铁,13号线,新沙
0100,00204460,地铁,6号线,文化公园
0100,00204461,地铁,6号线,文化公园
0100,00204462,地铁,6号线,文化公园
0100,00204463,地铁,6号线,文化公园
0100,00204464,地铁,6号线,文化公园
0100,00204465,地铁,6号线,文化公园
0100,00204466,地铁,6号线,文化公园
0100,00204467,地铁,6号线,文化公园
0100,00204468,地铁,6号线,文化公园
0100,00204469,地铁,6号线,横沙
0100,00204470,地铁,6号线,横沙
0100,00204471,地铁,6号线,横沙
0100,00204472,地铁,6号线,横沙
0100,00204473,地铁,6号线,如意坊
0100,00204474,地铁,6号线,如意坊
0100,00204475,地铁,6号线,如意坊
0100,00204476,地铁,6号线,如意坊
0100,00204477,地铁,6号线,团一大广场
0100,00204478,地铁,6号线,团一大广场
0100,00204479,地铁,6号线,团一大广场
0100,00204480,地铁,6号线,团一大广场
0100,00204481,地铁,6号线,东湖
0100,00204482,地铁,6号线,东湖
0100,00204483,地铁,6号线,东湖
0100,00204484,地铁,6号线,东湖
0100,00204485,地铁,6号线,东山口
0100,00204486,地铁,6号线,东山口
0100,00204487,地铁,6号线,东山口
0100,00204488,地铁,6号线,东山口
0100,00204489,地铁,6号线,沙河顶
0100,00204490,地铁,6号线,沙河顶
0100,00204491,地铁,6号线,沙河顶
0100,00204492,地铁,6号线,沙河顶
0100,00204493,地铁,6号线,天平架
0100,00204494,地铁,6号线,天平架
0100,00204495,地铁,6号线,天平架
0100,00204496,地铁,6号线,天平架
0100,00204497,地铁,6号线,浔峰岗
0100,00204498,地铁,6号线,浔峰岗
0100,00204499,地铁,6号线,浔峰岗
0100,00204500,地铁,6号线,浔峰岗
0100,00204501,地铁,6号线,香雪
0100,00204502,地铁,6号线,香雪
0100,00204503,地铁,6号线,香雪
0100,00204504,地铁,6号线,香雪
0100,00204505,地铁,13号线,夏园
0100,00204506,地铁,13号线,夏园
0100,00204507,地铁,13号线,夏园
0100,00204508,地铁,13号线,夏园
0100,00205043,地铁,1号线,黄沙
0100,00205044,地铁,1号线,体育中心
0100,00205045,地铁,1号线,东山口
0100,00205046,地铁,1号线,烈士陵园
0100,00205047,地铁,1号线,长寿路
0100,00205048,地铁,1号线,陈家祠
0100,00205049,地铁,1号线,西门口
0100,00205050,地铁,1号线,农讲所
0100,00205053,地铁,1号线,广州东站
0100,00205054,地铁,1号线,广州东站
0100,00205055,地铁,1号线,广州东站
0100,00205056,地铁,1号线,广州东站
0100,00205093,地铁,8号线,沙园
0100,00205094,地铁,8号线,沙园
0100,00205095,地铁,8号线,沙园
0100,00205096,地铁,8号线,沙园
0100,00205097,地铁,8号线,沙园
0100,00205098,地铁,8号线,沙园
0100,00205099,地铁,8号线,沙园
0100,00205100,地铁,8号线,沙园
0100,00205101,地铁,8号线,沙园
0100,00205102,地铁,8号线,沙园
0100,00205103,地铁,8号线,沙园
0100,00205104,地铁,8号线,沙园
0100,00205105,地铁,8号线,沙园
0100,00205106,地铁,8号线,沙园
0100,00205107,地铁,8号线,沙园
0100,00205108,地铁,8号线,沙园
0100,00205109,地铁,8号线,沙园
0100,00205110,地铁,8号线,沙园
0100,00205111,地铁,8号线,沙园
0100,00205112,地铁,8号线,沙园
0100,00205113,地铁,8号线,沙园
0100,00205114,地铁,8号线,沙园
0100,00205115,地铁,8号线,沙园
0100,00205116,地铁,8号线,沙园
0100,00205117,地铁,8号线,凤凰新村
0100,00205118,地铁,8号线,凤凰新村
0100,00205119,地铁,8号线,凤凰新村
0100,00205120,地铁,8号线,凤凰新村
0100,00205121,地铁,8号线,凤凰新村
0100,00205122,地铁,8号线,凤凰新村
0100,00205123,地铁,8号线,凤凰新村
0100,00205124,地铁,8号线,凤凰新村
0100,00205125,地铁,8号线,凤凰新村
0100,00205126,地铁,8号线,凤凰新村
0100,00205127,地铁,8号线,凤凰新村
0100,00205128,地铁,8号线,凤凰新村
0100,00205129,地铁,8号线,凤凰新村
0100,00205130,地铁,8号线,凤凰新村
0100,00205131,地铁,8号线,凤凰新村
0100,00205132,地铁,8号线,凤凰新村
0100,00205133,地铁,8号线,凤凰新村
0100,00205134,地铁,8号线,凤凰新村
0100,00205135,地铁,8号线,凤凰新村
0100,00205136,地铁,8号线,凤凰新村
0100,00205137,地铁,8号线,凤凰新村
0100,00205138,地铁,8号线,凤凰新村
0100,00205139,地铁,8号线,凤凰新村
0100,00205140,地铁,8号线,凤凰新村
0100,00205141,地铁,4号线,庆盛
0100,00205142,地铁,4号线,庆盛
0100,00205143,地铁,4号线,庆盛
0100,00205144,地铁,4号线,庆盛
0100,00205145,地铁,4号线,庆盛
0100,00205146,地铁,4号线,庆盛
0100,00205147,地铁,4号线,庆盛
0100,00205148,地铁,4号线,庆盛
0100,00205150,地铁,4号线,庆盛
0100,00205151,地铁,4号线,庆盛
0100,00205152,地铁,4号线,庆盛
0100,00205153,地铁,4号线,庆盛
0100,00205154,地铁,4号线,庆盛
0100,00205155,地铁,4号线,庆盛
0100,00205156,地铁,5号线,珠江新城
0100,00205157,地铁,5号线,珠江新城
0100,00205158,地铁,5号线,大沙地
0100,00205159,地铁,5号线,大沙地
0100,00205160,地铁,5号线,大沙东
0100,00205161,地铁,5号线,大沙东
0100,00205162,地铁,5号线,珠江新城
0100,00205163,地铁,5号线,珠江新城
0100,00205164,地铁,4号线,蕉门
0100,00205165,地铁,4号线,黄阁
0100,00205166,地铁,4号线,低涌
0100,00205167,地铁,4号线,新造
0100,00205168,地铁,4号线,大学城北
0100,00205169,地铁,4号线,官洲
0100,00205170,地铁,4号线,车陂
0100,00205171,地铁,4号线,车陂
0100,00205172,地铁,4号线,车陂
0100,00205173,地铁,4号线,黄村
0100,00205174,地铁,5号线,滘口
0100,00205175,地铁,5号线,中山八
0100,00205176,地铁,5号线,西场
0100,00205177,地铁,5号线,西村
0100,00205178,地铁,5号线,广州火车站
0100,00205179,地铁,5号线,广州火车站
0100,00205180,地铁,5号线,小北
0100,00205181,地铁,5号线,淘金
0100,00205182,地铁,5号线,区庄
0100,00205183,地铁,5号线,动物园
0100,00205184,地铁,5号线,杨箕
0100,00205185,地铁,5号线,五羊邨
0100,00205186,地铁,5号线,珠江新城
0100,00205187,地铁,5号线,猎德
0100,00205188,地铁,5号线,潭村
0100,00205189,地铁,5号线,员村
0100,00205190,地铁,5号线,科韵路
0100,00205191,地铁,5号线,车陂南
0100,00205192,地铁,广佛线,燕岗
0100,00205193,地铁,广佛线,澜石
0100,00205194,地铁,广佛线,澜石
0100,00205195,地铁,广佛线,澜石
0100,00205196,地铁,广佛线,澜石
0100,00205197,地铁,广佛线,澜石
0100,00205198,地铁,广佛线,澜石
0100,00205199,地铁,广佛线,澜石
0100,00205200,地铁,广佛线,澜石
0100,00205201,地铁,广佛线,澜石
0100,00205202,地铁,广佛线,澜石
0100,00205203,地铁,广佛线,澜石
0100,00205204,地铁,广佛线,澜石
0100,00205205,地铁,广佛线,澜石
0100,00205206,地铁,广佛线,澜石
0100,00205207,地铁,广佛线,澜石
0100,00205208,地铁,广佛线,澜石
0100,00205209,地铁,广佛线,澜石
0100,00205210,地铁,广佛线,澜石
0100,00205211,地铁,广佛线,澜石
0100,00205212,地铁,广佛线,澜石
0100,00205213,地铁,广佛线,澜石
0100,00205214,地铁,广佛线,澜石
0100,00205215,地铁,广佛线,澜石
0100,00205216,地铁,广佛线,澜石
0100,00205217,地铁,广佛线,澜石
0100,00205218,地铁,广佛线,澜石
0100,00205219,地铁,广佛线,澜石
0100,00205220,地铁,广佛线,澜石
0100,00205221,地铁,广佛线,澜石
0100,00205222,地铁,广佛线,澜石
0100,00205223,地铁,广佛线,世纪莲
0100,00205224,地铁,广佛线,世纪莲
0100,00205225,地铁,广佛线,世纪莲
0100,00205226,地铁,广佛线,世纪莲
0100,00205227,地铁,广佛线,世纪莲
0100,00205228,地铁,广佛线,世纪莲
0100,00205229,地铁,广佛线,世纪莲
0100,00205230,地铁,广佛线,世纪莲
0100,00205231,地铁,广佛线,世纪莲
0100,00205232,地铁,广佛线,世纪莲
0100,00205233,地铁,广佛线,世纪莲
0100,00205234,地铁,广佛线,世纪莲
0100,00205235,地铁,广佛线,世纪莲
0100,00205236,地铁,广佛线,世纪莲
0100,00205237,地铁,广佛线,世纪莲
0100,00205238,地铁,广佛线,世纪莲
0100,00205239,地铁,广佛线,世纪莲
0100,00205240,地铁,广佛线,世纪莲
0100,00205241,地铁,广佛线,世纪莲
0100,00205242,地铁,广佛线,世纪莲
0100,00205243,地铁,广佛线,世纪莲
0100,00205244,地铁,广佛线,世纪莲
0100,00205245,地铁,广佛线,世纪莲
0100,00205246,地铁,广佛线,世纪莲
0100,00205247,地铁,广佛线,世纪莲
0100,00205248,地铁,广佛线,世纪莲
0100,00205249,地铁,广佛线,世纪莲
0100,00205250,地铁,广佛线,世纪莲
0100,00205251,地铁,广佛线,世纪莲
0100,00205252,地铁,广佛线,东平
0100,00205253,地铁,广佛线,东平
0100,00205254,地铁,广佛线,东平
0100,00205255,地铁,广佛线,东平
0100,00205256,地铁,广佛线,东平
0100,00205257,地铁,广佛线,东平
0100,00205258,地铁,广佛线,东平
0100,00205259,地铁,广佛线,东平
0100,00205260,地铁,广佛线,东平
0100,00205261,地铁,广佛线,东平
0100,00205262,地铁,广佛线,东平
0100,00205263,地铁,广佛线,东平
0100,00205264,地铁,广佛线,东平
0100,00205265,地铁,广佛线,东平
0100,00205266,地铁,广佛线,东平
0100,00205267,地铁,广佛线,东平
0100,00205268,地铁,广佛线,东平
0100,00205269,地铁,广佛线,东平
0100,00205270,地铁,广佛线,东平
0100,00205271,地铁,广佛线,东平
0100,00205272,地铁,广佛线,东平
0100,00205273,地铁,广佛线,东平
0100,00205274,地铁,广佛线,东平
0100,00205275,地铁,广佛线,东平
0100,00205276,地铁,广佛线,东平
0100,00205277,地铁,广佛线,东平
0100,00205278,地铁,广佛线,东平
0100,00205279,地铁,广佛线,东平
0100,00205280,地铁,广佛线,东平
0100,00205281,地铁,广佛线,东平
0100,00205282,地铁,广佛线,东平
0100,00205283,地铁,广佛线,东平
0100,00205284,地铁,广佛线,东平
0100,00205285,地铁,广佛线,东平
0100,00205286,地铁,广佛线,东平
0100,00205287,地铁,广佛线,东平
0100,00205288,地铁,广佛线,东平
0100,00205289,地铁,广佛线,东平
0100,00205290,地铁,广佛线,东平
0100,00205291,地铁,广佛线,东平
0100,00205292,地铁,广佛线,东平
0100,00205293,地铁,广佛线,东平
0100,00205294,地铁,广佛线,新城东
0100,00205295,地铁,广佛线,新城东
0100,00205296,地铁,广佛线,新城东
0100,00205297,地铁,广佛线,新城东
0100,00205298,地铁,广佛线,新城东
0100,00205299,地铁,广佛线,新城东
0100,00205300,地铁,广佛线,新城东
0100,00205301,地铁,广佛线,新城东
0100,00205302,地铁,广佛线,新城东
0100,00205303,地铁,广佛线,新城东
0100,00205304,地铁,广佛线,新城东
0100,00205305,地铁,广佛线,新城东
0100,00205306,地铁,广佛线,新城东
0100,00205307,地铁,广佛线,新城东
0100,00205308,地铁,广佛线,新城东
0100,00205309,地铁,广佛线,新城东
0100,00205310,地铁,广佛线,新城东
0100,00205311,地铁,广佛线,新城东
0100,00205312,地铁,广佛线,新城东
0100,00205313,地铁,广佛线,新城东
0100,00205314,地铁,广佛线,新城东
0100,00205315,地铁,广佛线,新城东
0100,00205316,地铁,广佛线,新城东
0100,00205317,地铁,广佛线,新城东
0100,00205318,地铁,广佛线,新城东
0100,00205319,地铁,广佛线,新城东
0100,00205320,地铁,广佛线,新城东
0100,00205321,地铁,广佛线,新城东
0100,00205322,地铁,广佛线,新城东
0100,00205323,地铁,广佛线,新城东
0100,00205324,地铁,广佛线,石溪
0100,00205325,地铁,广佛线,石溪
0100,00205326,地铁,广佛线,石溪
0100,00205327,地铁,广佛线,石溪
0100,00205328,地铁,广佛线,石溪
0100,00205329,地铁,广佛线,南洲
0100,00205330,地铁,广佛线,南洲
0100,00205331,地铁,广佛线,南洲
0100,00205332,地铁,广佛线,南洲
0100,00205333,地铁,广佛线,菊树
0100,00205339,地铁,广佛线,沥滘
0100,00205340,地铁,广佛线,沥滘
0100,00205341,地铁,广佛线,沥滘
0100,00205342,地铁,广佛线,沥滘
0100,00205343,地铁,广佛线,石溪
0100,00205344,地铁,广佛线,石溪
0100,00205345,地铁,广佛线,石溪
0100,00205346,地铁,广佛线,石溪
0100,00205347,地铁,广佛线,石溪
0100,00205348,地铁,广佛线,石溪
0100,00205349,地铁,广佛线,石溪
0100,00205350,地铁,广佛线,石溪
0100,00205351,地铁,广佛线,石溪
0100,00205352,地铁,广佛线,石溪
0100,00205353,地铁,广佛线,石溪
0100,00205354,地铁,广佛线,石溪
0100,00205355,地铁,广佛线,石溪
0100,00205356,地铁,广佛线,石溪
0100,00205357,地铁,广佛线,石溪
0100,00205358,地铁,广佛线,石溪
0100,00205359,地铁,广佛线,石溪
0100,00205360,地铁,广佛线,石溪
0100,00205361,地铁,广佛线,石溪
0100,00205362,地铁,广佛线,石溪
0100,00205363,地铁,广佛线,石溪
0100,00205364,地铁,广佛线,石溪
0100,00205365,地铁,广佛线,石溪
0100,00205366,地铁,广佛线,石溪
0100,00205367,地铁,广佛线,石溪
0100,00205368,地铁,广佛线,石溪
0100,00205369,地铁,广佛线,石溪
0100,00205370,地铁,广佛线,南洲
0100,00205371,地铁,广佛线,南洲
0100,00205372,地铁,广佛线,南洲
0100,00205373,地铁,广佛线,南洲
0100,00205374,地铁,广佛线,南洲
0100,00205375,地铁,广佛线,南洲
0100,00205376,地铁,广佛线,南洲
0100,00205377,地铁,广佛线,南洲
0100,00205378,地铁,广佛线,南洲
0100,00205379,地铁,广佛线,南洲
0100,00205380,地铁,广佛线,南洲
0100,00205381,地铁,广佛线,南洲
0100,00205382,地铁,广佛线,南洲
0100,00205383,地铁,广佛线,南洲
0100,00205384,地铁,广佛线,南洲
0100,00205385,地铁,广佛线,南洲
0100,00205386,地铁,广佛线,南洲
0100,00205387,地铁,广佛线,南洲
0100,00205388,地铁,广佛线,南洲
0100,00205389,地铁,广佛线,南洲
0100,00205390,地铁,广佛线,南洲
0100,00205391,地铁,广佛线,沥滘
0100,00205392,地铁,广佛线,沥滘
0100,00205393,地铁,广佛线,沥滘
0100,00205394,地铁,广佛线,沥滘
0100,00205395,地铁,广佛线,沥滘
0100,00205396,地铁,广佛线,沥滘
0100,00205397,地铁,广佛线,沥滘
0100,00205398,地铁,广佛线,沥滘
0100,00205399,地铁,广佛线,沥滘
0100,00205400,地铁,广佛线,沥滘
0100,00205401,地铁,广佛线,沥滘
0100,00205402,地铁,广佛线,沥滘
0100,00205403,地铁,广佛线,沥滘
0100,00205404,地铁,广佛线,沥滘
0100,00205405,地铁,广佛线,沥滘
0100,00205406,地铁,广佛线,沥滘
0100,00205407,地铁,广佛线,沥滘
0100,00205408,地铁,广佛线,沥滘
0100,00205409,地铁,广佛线,沥滘
0100,00205410,地铁,广佛线,沥滘
0100,00205411,地铁,1号线,西塱
0100,00205412,地铁,1号线,坑口
0100,00205413,地铁,1号线,芳村
0100,00205414,地铁,1号线,黄沙
0100,00205415,地铁,1号线,长寿路
0100,00205416,地铁,1号线,西门口
0100,00205417,地铁,1号线,西门口
0100,00205418,地铁,广佛线,南洲
0100,00205419,地铁,1号线,农讲所
0100,00205420,地铁,1号线,烈士陵园
0100,00205421,地铁,1号线,杨箕
0100,00205422,地铁,1号线,体育西路
0100,00205423,地铁,1号线,体育西路
0100,00205424,地铁,1号线,体育中心
0100,00205425,地铁,1号线,体育中心
0100,00205426,地铁,1号线,广州东站
0100,00205427,地铁,广佛线,南洲
0100,00205428,地铁,广佛线,南洲
0100,00205429,地铁,广佛线,南洲
0100,00205430,地铁,广佛线,南洲
0100,00205431,地铁,广佛线,南洲
0100,00205432,地铁,1号线,公园前
0100,00205649,地铁,1号线,西塱
0100,00205650,地铁,1号线,公园前
0100,00205651,地铁,1号线,公园前
0100,00205652,地铁,1号线,东山口
0100,00205692,地铁,14号线,太平
0100,00205693,地铁,14号线,太平
0100,00205694,地铁,14号线,太平
0100,00205695,地铁,14号线,太平
0100,00205696,地铁,14号线,太平
0100,00205697,地铁,14号线,太平
0100,00205698,地铁,14号线,太平
0100,00205699,地铁,14号线,太平
0100,00205700,地铁,14号线,太平
0100,00205701,地铁,14号线,太平
0100,00205703,地铁,14号线,太平
0100,00205704,地铁,14号线,太平
0100,00205705,地铁,14号线,太平
0100,00205706,地铁,14号线,太平
0100,00205707,地铁,14号线,太平
0100,00205708,地铁,14号线,太平
0100,00205709,地铁,14号线,太平
0100,00205710,地铁,14号线,太平
0100,00205711,地铁,14号线,太平
0100,00205712,地铁,14号线,太平
0100,00205713,地铁,14号线,太平
0100,00205714,地铁,14号线,太平
0100,00205715,地铁,14号线,太平
0100,00205716,地铁,14号线,太平
0100,00205717,地铁,14号线,马沥
0100,00205718,地铁,14号线,马沥
0100,00205719,地铁,14号线,马沥
0100,00205720,地铁,14号线,马沥
0100,00205721,地铁,14号线,马沥
0100,00205722,地铁,14号线,马沥
0100,00205723,地铁,14号线,马沥
0100,00205724,地铁,14号线,马沥
0100,00205725,地铁,14号线,马沥
0100,00205726,地铁,14号线,马沥
0100,00205727,地铁,14号线,马沥
0100,00205728,地铁,14号线,马沥
0100,00205729,地铁,14号线,马沥
0100,00205730,地铁,14号线,马沥
0100,00205731,地铁,14号线,马沥
0100,00205732,地铁,14号线,马沥
0100,00205733,地铁,14号线,马沥
0100,00205734,地铁,14号线,马沥
0100,00205735,地铁,14号线,马沥
0100,00205736,地铁,14号线,马沥
0100,00205737,地铁,14号线,马沥
0100,00205738,地铁,14号线,马沥
0100,00205739,地铁,14号线,马沥
0100,00205740,地铁,14号线,马沥
0100,00205741,地铁,14号线,马沥
0100,00205742,地铁,14号线,马沥
0100,00205743,地铁,14号线,马沥
0100,00205744,地铁,14号线,马沥
0100,00205745,地铁,14号线,马沥
0100,00205746,地铁,14号线,马沥
0100,00205747,地铁,14号线,钟落潭
0100,00205748,地铁,14号线,钟落潭
0100,00205749,地铁,14号线,钟落潭
0100,00205750,地铁,14号线,钟落潭
0100,00205751,地铁,14号线,钟落潭
0100,00205752,地铁,14号线,钟落潭
0100,00205753,地铁,14号线,钟落潭
0100,00205754,地铁,14号线,钟落潭
0100,00205755,地铁,14号线,钟落潭
0100,00205756,地铁,14号线,钟落潭
0100,00205757,地铁,14号线,钟落潭
0100,00205758,地铁,14号线,钟落潭
0100,00205759,地铁,14号线,钟落潭
0100,00205760,地铁,14号线,钟落潭
0100,00205761,地铁,14号线,钟落潭
0100,00205762,地铁,14号线,钟落潭
0100,00205763,地铁,14号线,钟落潭
0100,00205764,地铁,14号线,钟落潭
0100,00205765,地铁,14号线,钟落潭
0100,00205766,地铁,14号线,钟落潭
0100,00205767,地铁,14号线,钟落潭
0100,00205768,地铁,14号线,钟落潭
0100,00205769,地铁,14号线,钟落潭
0100,00205770,地铁,14号线,钟落潭
0100,00205771,地铁,14号线,钟落潭
0100,00205772,地铁,14号线,钟落潭
0100,00205773,地铁,14号线,钟落潭
0100,00205774,地铁,14号线,钟落潭
0100,00205775,地铁,14号线,钟落潭
0100,00205776,地铁,14号线,钟落潭
0100,00205777,地铁,14号线,钟落潭
0100,00205778,地铁,14号线,钟落潭
0100,00205779,地铁,14号线,钟落潭
0100,00205780,地铁,14号线,钟落潭
0100,00205781,地铁,14号线,钟落潭
0100,00205782,地铁,14号线,钟落潭
0100,00205783,地铁,14号线,钟落潭
0100,00205784,地铁,14号线,钟落潭
0100,00205785,地铁,14号线,钟落潭
0100,00205786,地铁,14号线,钟落潭
0100,00205787,地铁,14号线,钟落潭
0100,00205788,地铁,14号线,竹料
0100,00205789,地铁,14号线,竹料
0100,00205790,地铁,14号线,竹料
0100,00205791,地铁,14号线,竹料
0100,00205792,地铁,14号线,竹料
0100,00205793,地铁,14号线,竹料
0100,00205794,地铁,14号线,竹料
0100,00205795,地铁,14号线,竹料
0100,00205796,地铁,14号线,竹料
0100,00205797,地铁,14号线,竹料
0100,00205798,地铁,14号线,竹料
0100,00205799,地铁,14号线,竹料
0100,00205800,地铁,14号线,竹料
0100,00205801,地铁,14号线,竹料
0100,00205802,地铁,14号线,竹料
0100,00205803,地铁,14号线,竹料
0100,00205804,地铁,14号线,竹料
0100,00205805,地铁,14号线,竹料
0100,00205806,地铁,14号线,竹料
0100,00205807,地铁,14号线,竹料
0100,00205808,地铁,14号线,竹料
0100,00205809,地铁,14号线,竹料
0100,00205810,地铁,14号线,竹料
0100,00205811,地铁,14号线,竹料
0100,00205812,地铁,14号线,竹料
0100,00205813,地铁,14号线,竹料
0100,00205814,地铁,14号线,竹料
0100,00205815,地铁,14号线,竹料
0100,00205816,地铁,14号线,竹料
0100,00205817,地铁,14号线,竹料
0100,00205818,地铁,14号线,竹料
0100,00205819,地铁,14号线,竹料
0100,00205820,地铁,14号线,竹料
0100,00205821,地铁,14号线,竹料
0100,00205822,地铁,14号线,竹料
0100,00205823,地铁,14号线,太和
0100,00205824,地铁,14号线,太和
0100,00205825,地铁,14号线,太和
0100,00205826,地铁,14号线,太和
0100,00205827,地铁,14号线,太和
0100,00205828,地铁,14号线,太和
0100,00205829,地铁,14号线,太和
0100,00205830,地铁,14号线,太和
0100,00205831,地铁,14号线,太和
0100,00205832,地铁,14号线,太和
0100,00205833,地铁,14号线,太和
0100,00205834,地铁,14号线,太和
0100,00205835,地铁,14号线,太和
0100,00205836,地铁,14号线,太和
0100,00205837,地铁,14号线,太和
0100,00205838,地铁,14号线,太和
0100,00205839,地铁,14号线,太和
0100,00205840,地铁,14号线,太和
0100,00205841,地铁,14号线,太和
0100,00205842,地铁,14号线,太和
0100,00205843,地铁,14号线,太和
0100,00205844,地铁,14号线,太和
0100,00205845,地铁,14号线,太和
0100,00205846,地铁,14号线,太和
0100,00205847,地铁,14号线,太和
0100,00205848,地铁,14号线,太和
0100,00205849,地铁,14号线,太和
0100,00205850,地铁,14号线,太和
0100,00205851,地铁,14号线,太和
0100,00205852,地铁,14号线,太和
0100,00205853,地铁,14号线,太和
0100,00205854,地铁,14号线,太和
0100,00205855,地铁,14号线,太和
0100,00205856,地铁,14号线,太和
0100,00205857,地铁,14号线,太和
0100,00205858,地铁,14号线,太和
0100,00205859,地铁,14号线,太和
0100,00205860,地铁,14号线,太和
0100,00205861,地铁,14号线,太和
0100,00205862,地铁,14号线,太和
0100,00205863,地铁,14号线,太和
0100,00205864,地铁,14号线,太和
0100,00205865,地铁,14号线,夏良
0100,00205866,地铁,14号线,夏良
0100,00205867,地铁,14号线,夏良
0100,00205868,地铁,14号线,夏良
0100,00205869,地铁,14号线,夏良
0100,00205870,地铁,14号线,夏良
0100,00205871,地铁,14号线,夏良
0100,00205872,地铁,14号线,夏良
0100,00205873,地铁,14号线,夏良
0100,00205874,地铁,14号线,夏良
0100,00205875,地铁,14号线,夏良
0100,00205876,地铁,14号线,夏良
0100,00205877,地铁,14号线,夏良
0100,00205878,地铁,14号线,夏良
0100,00205879,地铁,14号线,夏良
0100,00205880,地铁,14号线,夏良
0100,00205881,地铁,14号线,夏良
0100,00205882,地铁,14号线,夏良
0100,00205883,地铁,14号线,夏良
0100,00205884,地铁,14号线,夏良
0100,00205885,地铁,14号线,夏良
0100,00205886,地铁,14号线,夏良
0100,00205887,地铁,14号线,夏良
0100,00205888,地铁,14号线,夏良
0100,00205889,地铁,14号线,夏良
0100,00205890,地铁,14号线,夏良
0100,00205891,地铁,14号线,夏良
0100,00205892,地铁,14号线,夏良
0100,00205893,地铁,14号线,夏良
0100,00205894,地铁,14号线,夏良
0100,00205895,地铁,14号线,夏良
0100,00205896,地铁,14号线,夏良
0100,00205897,地铁,14号线,夏良
0100,00205898,地铁,14号线,夏良
0100,00205899,地铁,14号线,夏良
0100,00205900,地铁,14号线,夏良
0100,00205901,地铁,14号线,夏良
0100,00205902,地铁,14号线,夏良
0100,00205903,地铁,14号线,夏良
0100,00205904,地铁,14号线,夏良
0100,00205905,地铁,14号线,夏良
0100,00205906,地铁,14号线,白云东平
0100,00205907,地铁,14号线,白云东平
0100,00205908,地铁,14号线,白云东平
0100,00205909,地铁,14号线,白云东平
0100,00205910,地铁,14号线,白云东平
0100,00205911,地铁,14号线,白云东平
0100,00205912,地铁,14号线,白云东平
0100,00205913,地铁,14号线,白云东平
0100,00205914,地铁,14号线,白云东平
0100,00205915,地铁,14号线,白云东平
0100,00205916,地铁,14号线,白云东平
0100,00205917,地铁,14号线,白云东平
0100,00205918,地铁,14号线,白云东平
0100,00205919,地铁,14号线,白云东平
0100,00205920,地铁,14号线,白云东平
0100,00205921,地铁,14号线,白云东平
0100,00205922,地铁,14号线,白云东平
0100,00205923,地铁,14号线,白云东平
0100,00205924,地铁,14号线,白云东平
0100,00205925,地铁,14号线,白云东平
0100,00205926,地铁,14号线,白云东平
0100,00205927,地铁,14号线,白云东平
0100,00205928,地铁,14号线,白云东平
0100,00205929,地铁,14号线,白云东平
0100,00205930,地铁,14号线,白云东平
0100,00205931,地铁,14号线,白云东平
0100,00205932,地铁,14号线,白云东平
0100,00205933,地铁,14号线,白云东平
0100,00205934,地铁,14号线,白云东平
0100,00205935,地铁,14号线,白云东平
0100,00205936,地铁,14号线,白云东平
0100,00205937,地铁,14号线,白云东平
0100,00205938,地铁,14号线,白云东平
0100,00205939,地铁,14号线,白云东平
0100,00205940,地铁,14号线,白云东平
0100,00205941,地铁,14号线,白云东平
0100,00207090,地铁,2号线,白云公园
0100,00207091,地铁,2号线,白云公园
0100,00207092,地铁,2号线,白云公园
0100,00207093,地铁,2号线,白云公园
0100,00207094,地铁,2号线,白云公园
0100,00207095,地铁,2号线,白云公园
0100,00207096,地铁,2号线,白云公园
0100,00207097,地铁,2号线,白云公园
0100,00207098,地铁,2号线,白云公园
0100,00207099,地铁,2号线,市二宫
0100,00207100,地铁,2号线,广州南站
0100,00207101,地铁,2号线,江泰路
0100,00207102,地铁,8号线,同福西
0100,00207103,地铁,2号线,三元里
0100,00207104,地铁,8号线,同福西
0100,00207105,地铁,2号线,昌岗
0100,00207106,地铁,8号线,同福西
0100,00207107,地铁,2号线,石壁
0100,00207108,地铁,8号线,同福西
0100,00207110,地铁,8号线,赤岗
0100,00207111,地铁,8号线,同福西
0100,00207112,地铁,8号线,晓港
0100,00207113,地铁,8号线,同福西
0100,00207114,地铁,8号线,宝岗大道
0100,00207115,地铁,2号线,黄边
0100,00207116,地铁,2号线,白云公园
0100,00207117,地铁,2号线,白云公园
0100,00207118,地铁,2号线,白云公园
0100,00207119,地铁,2号线,白云公园
0100,00207120,地铁,2号线,白云公园
0100,00207121,地铁,2号线,白云公园
0100,00207122,地铁,2号线,白云公园
0100,00207123,地铁,2号线,白云公园
0100,00207124,地铁,2号线,白云公园
0100,00207125,地铁,2号线,白云公园
0100,00207126,地铁,2号线,白云公园
0100,00207127,地铁,2号线,白云公园
0100,00207128,地铁,2号线,白云公园
0100,00207129,地铁,2号线,白云公园
0100,00207130,地铁,2号线,白云公园
0100,00207131,地铁,2号线,白云公园
0100,00207132,地铁,2号线,白云公园
0100,00207133,地铁,2号线,白云公园
0100,00207134,地铁,2号线,白云公园
0100,00207135,地铁,2号线,白云公园
0100,00207136,地铁,8号线,同福西
0100,00207137,地铁,8号线,同福西
0100,00207138,地铁,8号线,同福西
0100,00207139,地铁,8号线,同福西
0100,00207140,地铁,8号线,同福西
0100,00207141,地铁,8号线,同福西
0100,00207142,地铁,8号线,同福西
0100,00207143,地铁,8号线,同福西
0100,00207144,地铁,8号线,同福西
0100,00207145,地铁,8号线,同福西
0100,00207146,地铁,8号线,同福西
0100,00207147,地铁,8号线,同福西
0100,00207148,地铁,8号线,同福西
0100,00207149,地铁,8号线,同福西
0100,00207150,地铁,8号线,同福西
0100,00207151,地铁,8号线,同福西
0100,00207152,地铁,8号线,同福西
0100,00207153,地铁,8号线,同福西
0100,00207154,地铁,8号线,同福西
0100,00207155,地铁,8号线,同福西
0100,00207156,地铁,8号线,同福西
0100,00207157,地铁,8号线,同福西
0100,00207158,地铁,8号线,同福西
0100,00207159,地铁,8号线,同福西
0100,00207160,地铁,8号线,同福西
0100,00207161,地铁,8号线,同福西
0100,00207162,地铁,8号线,同福西
0100,00207163,地铁,8号线,同福西
0100,00207164,地铁,8号线,同福西
0100,00207165,地铁,8号线,同福西
0100,00207166,地铁,8号线,同福西
0100,00207167,地铁,8号线,同福西
0100,00207168,地铁,8号线,同福西
0100,00207169,地铁,8号线,同福西
0100,00207170,地铁,8号线,同福西
0100,00207171,地铁,8号线,同福西
0100,00207172,地铁,8号线,同福西
0100,00207173,地铁,8号线,同福西
0100,00207174,地铁,8号线,同福西
0100,00207175,地铁,2号线,广州南站
0100,00207182,地铁,8号线,同福西
0100,00207183,地铁,8号线,同福西
0100,00207184,地铁,8号线,同福西
0100,00207185,地铁,8号线,同福西
0100,00207186,地铁,8号线,同福西
0100,00207187,地铁,8号线,同福西
0100,00207188,地铁,8号线,同福西
0100,00207189,地铁,8号线,同福西
0100,00207190,地铁,8号线,同福西
0100,00207191,地铁,8号线,同福西
0100,00207591,地铁,14号线,白云东平
0100,00207592,地铁,14号线,白云东平
0100,00207593,地铁,14号线,白云东平
0100,00207594,地铁,14号线,白云东平
0100,00207595,地铁,14号线,白云东平
0100,00207596,地铁,14号线,嘉禾望岗
0100,00207597,地铁,14号线,嘉禾望岗
0100,00207598,地铁,14号线,嘉禾望岗
0100,00207599,地铁,14号线,嘉禾望岗
0100,00207600,地铁,14号线,嘉禾望岗
0100,00207601,地铁,14号线,嘉禾望岗
0100,00207602,地铁,14号线,嘉禾望岗
0100,00207603,地铁,14号线,嘉禾望岗
0100,00207604,地铁,14号线,嘉禾望岗
0100,00207605,地铁,14号线,嘉禾望岗
0100,00207606,地铁,14号线,嘉禾望岗
0100,00207607,地铁,14号线,嘉禾望岗
0100,00207608,地铁,14号线,嘉禾望岗
0100,00207609,地铁,14号线,嘉禾望岗
0100,00207610,地铁,14号线,嘉禾望岗
0100,00207611,地铁,14号线,嘉禾望岗
0100,00207612,地铁,14号线,嘉禾望岗
0100,00207613,地铁,14号线,嘉禾望岗
0100,00207614,地铁,14号线,嘉禾望岗
0100,00207615,地铁,14号线,嘉禾望岗
0100,00207616,地铁,14号线,嘉禾望岗
0100,00207617,地铁,14号线,嘉禾望岗
0100,00207618,地铁,14号线,嘉禾望岗
0100,00207619,地铁,14号线,嘉禾望岗
0100,00207620,地铁,14号线,嘉禾望岗
0100,00207621,地铁,14号线,嘉禾望岗
0100,00207622,地铁,14号线,嘉禾望岗
0100,00207623,地铁,14号线,嘉禾望岗
0100,00207624,地铁,14号线,嘉禾望岗
0100,00207625,地铁,14号线,嘉禾望岗
0100,00207626,地铁,14号线,嘉禾望岗
0100,00207627,地铁,14号线,嘉禾望岗
0100,00207628,地铁,14号线,嘉禾望岗
0100,00207629,地铁,14号线,嘉禾望岗
0100,00207630,地铁,14号线,嘉禾望岗
0100,00207631,地铁,14号线,嘉禾望岗
0100,00207632,地铁,14号线,嘉禾望岗
0100,00207633,地铁,14号线,嘉禾望岗
0100,00207634,地铁,14号线,嘉禾望岗
0100,00207635,地铁,14号线,嘉禾望岗
0100,00207636,地铁,14号线,嘉禾望岗
0100,00207637,地铁,14号线,嘉禾望岗
0100,00207638,地铁,14号线,嘉禾望岗
0100,00207639,地铁,14号线,嘉禾望岗
0100,00207640,地铁,14号线,嘉禾望岗
0100,00207641,地铁,14号线,嘉禾望岗
0100,00207642,地铁,14号线,嘉禾望岗
0100,00207643,地铁,14号线,嘉禾望岗
0100,00207644,地铁,14号线,嘉禾望岗
0100,00207645,地铁,14号线,嘉禾望岗
0100,00207646,地铁,14号线,嘉禾望岗
0100,00207647,地铁,14号线,嘉禾望岗
0100,00207648,地铁,14号线,嘉禾望岗
0100,00207649,地铁,14号线,嘉禾望岗
0100,00207650,地铁,14号线,嘉禾望岗
0100,00207651,地铁,14号线,嘉禾望岗
0100,00207652,地铁,14号线,嘉禾望岗
0100,00207653,地铁,14号线,嘉禾望岗
0100,00207654,地铁,14号线,嘉禾望岗
0100,00207655,地铁,14号线,嘉禾望岗
0100,00207656,地铁,14号线,嘉禾望岗
0100,00207657,地铁,14号线,嘉禾望岗
0100,00207658,地铁,14号线,夏良
0100,00207659,地铁,14号线,夏良
0100,00207660,地铁,14号线,夏良
0100,00207661,地铁,14号线,夏良
0100,00207662,地铁,14号线,夏良
0100,00207663,地铁,14号线,白云东平
0100,00207664,地铁,14号线,白云东平
0100,00207665,地铁,14号线,白云东平
0100,00207666,地铁,14号线,白云东平
0100,00207667,地铁,14号线,白云东平
0100,00207668,地铁,14号线,白云东平
0100,00207669,地铁,14号线,白云东平
0100,00207670,地铁,14号线,白云东平
0100,00207671,地铁,14号线,白云东平
0100,00207672,地铁,14号线,白云东平
0100,00207673,地铁,14号线,嘉禾望岗
0100,00207674,地铁,14号线,嘉禾望岗
0100,00207675,地铁,14号线,嘉禾望岗
0100,00207676,地铁,14号线,嘉禾望岗
0100,00207677,地铁,14号线,嘉禾望岗
0100,00207678,地铁,14号线,嘉禾望岗
0100,00207679,地铁,14号线,嘉禾望岗
0100,00207680,地铁,14号线,嘉禾望岗
0100,00207681,地铁,14号线,竹料
0100,00216470,地铁,8号线,亭岗
0100,00221931,城际,广清城际,乐同
0100,00221937,城际,广清城际,广州白云
0100,00222691,地铁,18号线,横沥
0111,00222692,地铁,18号线,横沥
0100,00222693,地铁,18号线,横沥
0100,00222694,地铁,18号线,横沥
0100,00222695,地铁,18号线,横沥
0100,00222696,地铁,18号线,横沥
0100,00222697,地铁,18号线,横沥
0100,00222698,地铁,18号线,横沥
0100,00222699,地铁,18号线,横沥
0100,00222700,地铁,18号线,横沥
0100,00222701,地铁,18号线,横沥
0100,00222702,地铁,18号线,横沥
0100,00222703,地铁,18号线,横沥
0100,00222704,地铁,18号线,横沥
0100,00222705,地铁,18号线,横沥
0100,00222706,地铁,18号线,横沥
0100,00222707,地铁,18号线,横沥
0100,00222708,地铁,18号线,横沥
0100,00222709,地铁,18号线,横沥
0100,00222710,地铁,18号线,横沥
0100,00222711,地铁,18号线,横沥
0100,00222712,地铁,18号线,横沥
0100,00222713,地铁,18号线,横沥
0100,00222714,地铁,18号线,横沥
0100,00222715,地铁,18号线,横沥
0100,00222716,地铁,18号线,横沥
0100,00222717,地铁,18号线,横沥
0100,00222718,地铁,18号线,横沥
0100,00222719,地铁,18号线,横沥
0100,00222720,地铁,18号线,横沥
0100,00222721,地铁,18号线,横沥
0100,00222722,地铁,18号线,横沥
0100,00222723,地铁,18号线,横沥
0100,00222724,地铁,18号线,横沥
0100,00222725,地铁,18号线,横沥
0100,00222726,地铁,18号线,横沥
0100,00222727,地铁,18号线,横沥
0100,00222728,地铁,18号线,横沥
0100,00222729,地铁,18号线,横沥
0100,00222730,地铁,18号线,横沥
0100,00222731,地铁,18号线,横沥
0100,00222732,地铁,18号线,横沥
0100,00222733,地铁,18号线,横沥
0100,00222734,地铁,18号线,横沥
0100,00222735,地铁,18号线,横沥
0100,00222736,地铁,18号线,横沥
0100,00222737,地铁,18号线,横沥
0100,00222738,地铁,18号线,横沥
0100,00222739,地铁,18号线,横沥
0100,00222740,地铁,18号线,横沥
0100,00222741,地铁,18号线,横沥
0100,00222742,地铁,18号线,横沥
0100,00222743,地铁,18号线,横沥
0100,00222744,地铁,18号线,横沥
0100,00222745,地铁,18号线,横沥
0100,00222746,地铁,18号线,横沥
0100,00222747,地铁,18号线,横沥
0100,00222748,地铁,18号线,横沥
0100,00222749,地铁,18号线,横沥
0100,00222750,地铁,18号线,横沥
0100,00222751,地铁,18号线,横沥
0100,00222752,地铁,18号线,横沥
0100,00222753,地铁,18号线,横沥
0100,00222754,地铁,18号线,横沥
0100,00222755,地铁,18号线,横沥
0100,00222756,地铁,18号线,横沥
0100,00222757,地铁,18号线,横沥
0100,00222758,地铁,18号线,横沥
0100,00222759,地铁,18号线,横沥
0100,00222760,地铁,18号线,横沥
0100,00227086,地铁,5号线,坦尾
0100,00227142,地铁,5号线,夏园
0100,00228898,城际,广肇城际,佛山西
0100,00228919,城际,广肇城际,张槎
0100,00228979,城际,广肇城际,番禺
0100,00228980,城际,广肇城际,番禺
0100,00228981,城际,广肇城际,番禺
0100,00228982,城际,广肇城际,番禺
0100,00228983,城际,广肇城际,番禺
0100,00228984,城际,广肇城际,番禺
0100,00228985,城际,广肇城际,番禺
0100,00228986,城际,广肇城际,番禺
0100,00228987,城际,广肇城际,番禺
0100,00228988,城际,广肇城际,番禺
0100,00228989,城际,广肇城际,番禺
0100,00228990,城际,广肇城际,番禺
0100,00228991,城际,广肇城际,番禺
0100,00228992,城际,广肇城际,番禺
0100,00228993,城际,广肇城际,番禺
0100,00228994,城际,广肇城际,番禺
0100,00228995,城际,广肇城际,番禺
0100,00229054,城际,广惠城际,广州莲花山
0100,00242942,地铁,11号线,鹤洞东
0100,00242943,地铁,11号线,鹤洞东
0100,00243440,地铁,11号线,流花
0100,00243441,地铁,11号线,流花
0100,00243442,地铁,11号线,流花
0100,00243443,地铁,11号线,流花
0100,00243444,地铁,11号线,流花
0100,00243445,地铁,11号线,流花
0100,00243446,地铁,11号线,流花
0100,00243447,地铁,11号线,流花
0100,00243448,地铁,11号线,流花
0100,00243449,地铁,11号线,流花
0100,00243450,地铁,11号线,流花
0100,00243451,地铁,11号线,流花
0100,00243452,地铁,11号线,流花
0100,00243453,地铁,11号线,流花
0100,00245870,地铁,10号线,五凤
0100,00245871,地铁,10号线,五凤
0100,00245872,地铁,10号线,五凤
0100,00245873,地铁,10号线,五凤
0100,00245874,地铁,10号线,五凤
0100,00245875,地铁,10号线,五凤
0100,00245876,地铁,10号线,五凤
0100,00245877,地铁,10号线,五凤
0100,00245878,地铁,10号线,五凤
0100,00245879,地铁,10号线,五凤
0100,00245880,地铁,10号线,五凤
0100,00245881,地铁,10号线,五凤
0100,00245882,地铁,10号线,五凤
0100,00245883,地铁,10号线,五凤
0100,00245884,地铁,10号线,五凤
0100,00245885,地铁,10号线,五凤
0100,00245886,地铁,10号线,五凤
0100,00245887,地铁,10号线,五凤
0100,00245985,地铁,10号线,五羊邨